aave	american	20
abandon	forsake, leave behind	40
abbe	French abbot	24
abbey	church	39
abbreviated	very short	32
abc's	abc	32
abcs	abc	25
abdicate	give up	27
abdomen	stomach	36
abducting	especially of muscles	26
abduction	capture	34
aberrant	abnormal	27
abet	assist or encourage	24
abeyance	temporary cessation	24
abhor	find repugnant	26
abhorrent	offensive to the mind	30
abide	dwell	36
abiding	permanent	34
abjure	formally reject	18
ablation	operation	28
ablaze	passionate	29
ably	with competence	27
aboard	on a ship	41
abolish	do away with	35
abolishment	ending	23
abolition	ending	35
abominable	terrible	28
abominably	terribly	19
abort	ending	33
abortion	ending	42
abortionist	doctor	19
abortive	unsuccessful	27
abounding	abundant	25
abracadabra	gibberish and nonsense	22
abrasion	wound	29
abrasive	substance that abrades	32
abreast	informed	30
abrogate	revoke formally	21
abrogation	repeal	23
abruptly	suddenly	36
abscond	run away	21
abseil	descent	19
absent	missing	40
absolutism	dictatorship	24
absolved	cleared	27
absorb	become imbued	38
absorbing	fascinating	35
abstain	refrain from voting	31
abstention	trait of abstaining	25
abstinence	trait of abstaining	32
abstracted	lost in thought	28
abstruse	difficult to penetrate	21
absurd	ridiculous	40
abut	butt	25
abuzz	buzzing	23
abysmal	very great	29
abysmally	terribly	21
abyss	bottomless gulf or pit	34
acacia	various spiny trees	30
acanthus	herb	21
accede	bow	25
accelerate	move faster	37
accelerated	fast	38
accented	stressed	29
accentuate	emphasize	28
accessibility	availability	35
acclaim	herald	33
acclamation	enthusiastic approval	24
accolade	award	28
accommodate	fit	40
accompanying	subsequent	38
accomplish	put in effect	40
accomplished	highly skilled	42
accomplishment	achievement	37
accord	go together	38
accordance	concurrence of opinion	41
accost	speak to someone	20
accountable	responsible	39
accredit	recognise	21
accreditation	act of granting credit	35
accretionary	increasing	18
accrual	act of accumulating	25
accrue	grow by addition	29
accrued	accumulated	31
accumulate	collect	35
accumulated	increased	37
accumulation	collection	36
accumulator	collector	27
accurately	with few mistakes	40
accursed	cursed	26
accuse	charge	37
accustom	make psychologically	21
acetone	simplest ketone	28
ache	feel physical pain	34
achievable	possible	32
aching	painful	33
achromatic	grey	20
achy	painful	24
acidic	containing an acid	33
acknowledged	accepted	41
acknowledgement	recognition	33
acknowledgment	recognition	31
acme	height	29
acorn	fruit	31
acoustics	physics	31
acquaint	introduce	25
acquaintance	personal knowledge	36
acquainted	familiar	35
acquire	get	41
acquisition	act of contracting	43
acquisitive	greedy	22
acquit	behave	26
acquittal	judgment of not guilty	30
acquitted	innocent	34
acres	estate	42
acrid	tasty	24
acrimonious	bitter	26
acrobatic	athletic	28
acrobatics	gymnastics	28
activate	put in motion	38
activated	treated	40
activewear	attire worn for sport	21
activism	policy	37
activist	militant reformer	41
actualization	realization	25
actualize	make real or concrete	21
actuate	activate	21
actuated	motivated	26
actuating	causing motion	20
actuation	act of propelling	24
acuity	sharpness of vision	28
acumen	tapering point	29
acuminate	make sharp or acute	19
acupressure	treatment	20
acupuncture	treatment of pain	30
acyl	any group	25
adage	saw	30
adamant	impervious to pleas	33
adamantine	consisting of	20
adamantly	inflexibly	27
adapt	make fit for	40
addendum	supplement	29
additive	linear	33
addled	no longer edible	26
addressable	available	24
adelie	penguin	18
adept	expert	33
adequate	equal	40
adhesive	substance that unites	34
adiabatic	occurring without loss	24
adieu	bye	28
adios	bye	27
adipose	fatty	28
adjacent	next	41
adjoin	butt	20
adjournment	ending	27
adjudicate	put on trial	25
adjunctive	joining	21
adjutant	aide	31
adjuvant	auxiliary	26
admired	loved	37
admirer	supporter	32
admittance	access	28
admittedly	as acknowledged	35
admixture	alloy	26
admonish	warn	23
admonishing	expressing reproof	23
admonishment	firm rebuke	20
admonition	warning	25
adolescent	teen	36
adonis	any handsome young man	29
adopt	choose and follow	42
adopter	parent	26
adoption	approval	42
adorable	lovely	41
adorableness	extreme attractiveness	18
adoration	worship	31
adore	love intensely	37
adored	loved	33
adoring	adoration	28
adoringly	with adoration	18
adorned	decorated	34
adrift	aimlessly drifting	31
adulation	servile flattery	26
adulterated	mixed with impurities	24
adulteress	jade	20
adulterous	cheating	25
advancement	progress	38
advancing	moving forward	39
advantageous	beneficial	33
advent	coming	37
adventurer	explorer	32
adventuresome	willing to undertake	18
adventurous	willing to undertake	35
adversary	opponent	33
adversity	state of misfortune	34
advert	ad	35
advertise	call attention to	37
advertisement	ad	38
advise	give advice to	41
advised	considered	42
advisedly	deliberately	18
advisement	weighing	24
advocate	push for something	42
advowson	right	19
aedes	yellow-fever mosquitos	25
aegis	endorsement	31
aeon	divine power	26
aerate	expose to fresh air	19
aerated	treated	23
aerial	pass	39
aerobatics	flight	20
aerodrome	airport	25
aerodynamic	flowing	32
aerodynamics	mechanics	29
aeronautics	physics	31
aeroplane	plane	32
aesthetically	tasteful way	32
aesthetics	philosophy	36
aetiology	cause of a disease	20
affable	friendly	27
affaire	intimacy	22
affectation	deliberate pretense	23
affectionate	fond	34
affective	emotion	30
afferent	sensory	23
affiliated	connected	40
affine	kin by marriage	24
affirm	confirm	32
affix	attach to	26
affixed	mounted	29
afflicted	sick	33
affluence	abundant wealth	27
affray	noisy quarrel	22
affront	insult	29
afghan	cover	38
aficionado	fan of bull fighting	26
afield	abroad	30
afire	lighted up by	25
aflame	passionate	25
afloat	aimlessly drifting	33
afoot	on foot	29
aforementioned	said	35
aforesaid	said	26
aforethought	planned	19
afrikaans	dutch	28
afters	dessert	22
afterward	later	38
agape	opened	26
ageless	eternal	27
agenesis	imperfect development	19
agglomeration	jumbled collection	25
agglutination	clumping of bacteria	19
aggrandizement	increase	22
aggravate	make worse	28
aggravated	intense	35
aggravating	making worse	31
aggregation	collection	32
aggregator	collector	28
aggressor	someone who attacks	30
aghast	shocked	26
agitated	excited	34
aglow	bright	22
agog	highly excited	21
agonised	painful	19
agonising	painful	24
agonized	painful	23
agonizing	painful	30
agony	suffering	36
agoraphobic	afraid	20
agrarian	agricultural	32
ahistorical	unconcerned with	22
aided	help	37
ailing	poorly	31
ailment	complaint	30
aimless	floating	26
aimlessly	without aim	28
aioli	garlic mayonnaise	23
airbrush	spray	27
airdrop	delivery of supplies	26
aired	open to	38
airfare	transportation	28
airflow	flow of air	31
airfreight	transport  by air	18
airgun	gun	19
airless	lacking fresh air	23
airlift	transfer	29
airliner	plane	31
airlock	chamber	26
airplane	plane	39
airstream	wind	24
airtight	no weak points	30
airworthiness	fitness to fly	23
airworthy	fit to fly	19
airy	aired	32
aisle	long narrow passage	37
ajar	slightly open	26
akimbo	crooked	21
akin	similar	37
alabaster	compact fine-textured	27
alarmed	afraid	35
alarming	horrible	35
alarmism	needless warnings	19
alas	unfortunately	37
albatross	something that hinders	29
alcazar	palace	21
alchemical	related to	25
alcoholism	habitual intoxication	34
alcove	niche	26
alehouse	pub	20
alexanders	herb	18
alfresco	outdoor	22
alibi	excuse	31
alienate	arouse hostility	30
alienated	socially disoriented	33
alienating	causing hostility	30
alienist	shrink	18
alight	come to rest, settle	30
align	place in a line	36
aligned	brought into agreement	38
aligning	positioning	30
alike	similar	41
aline	adjust	26
allege	say	32
allegiance	commitment	37
allegiant	loyal	24
allegory	short moral story	31
allegro	brisk and lively tempo	27
allergist	doctor	21
alleviated	relieved	27
alleviation	relief	26
alley	street	39
alleyway	street	28
alligator	leather	33
allis	European shad	24
allocator	distributor	19
allot	assign	28
allotted	assigned	33
allover	complete	20
alloy	metal	36
allure	power to entice	32
alluring	tempting	30
allusion	passing reference	29
allusive	indirect references	20
ally	friendly nation	41
almanac	annual	31
alms	contribution	29
alnus	alders	18
alopecia	loss of hair 	27
aloud	using the voice	35
alpaca	wool	28
alphabet	abc	37
altar	table	38
alter	change	40
alteration	adjustment	33
altercation	noisy quarrel	31
altered	changed in form	40
alternating	reversing direction	35
alternation	sequence	25
alternatively	instead	38
alternator	generator	28
altogether	completely	41
aluminium	al	37
aluminum	al	40
alumna	grad	25
alumnus	grad	29
amalgamate	consolidated	22
amalgamated	consolidated	30
amalgamation	merger	31
amaranth	grain	24
amaretto	Italian almond liqueur	22
amass	collect or gather	28
amaze	affect with wonder	32
amazed	surprised	39
amber	gold	40
ambiance	atmosphere	27
ambience	atmosphere	29
ambient	completely enveloping	36
ambit	range	24
ambition	cherished desire	39
ambivalence	mixed feelings	28
ambivalent	uncertain	30
amble	walk leisurely	23
ambo	podium	22
ambulance	car	41
ambulatory	covered walkway	28
ameer	independent ruler	25
ameliorate	improve	26
amelioration	improvement	21
amend	improve	36
americium	am	20
amiable	disposed to please	28
amigo	friend or comrade	29
amir	independent ruler	34
amity	cordial disposition	29
amoeba	naked freshwater	26
amok	possessed	28
amon	amen	29
amorous	loving	28
amorphous	no definite form	30
amortisation	reduction	19
amortization	reduction	30
amortize	liquidate gradually	18
amour	affair	30
amoxicillin	antibiotic	23
amoy	min	21
ampere	amp	22
amphora	jar	22
amplification	expansion	31
amplify	increase in size	32
amplitude	shift	33
amply	ample degree	26
ampoule	bottle	20
amputate	remove surgically	24
amputation	disability	30
amuck	possessed	20
amun	amen	22
amuse	occupy in an agreeable	31
amused	pleased	35
amusement	entertainment	37
amusing	interesting	38
amyloidosis	illness	23
anabaptist	adherent of Anabaptism	21
anaemia	lack of vitality	25
anaesthetist	specialist	22
analogous	similar	34
analyse	examine	35
anaphase	stage of meiosis	19
anaphora	using a pronoun	19
anarchic	without law or control	26
anathema	detested person	28
anatomy	figure	39
anchor	fix firmly and stably	40
ancillary	auxiliary	31
andante	moderately slow tempo	22
andromeda	bush	32
anemic	weak	28
anemometer	gauge	19
anemone	flower	26
anesthesiologist	specialist	26
anesthesiology	medicine	25
anesthetist	specialist	20
aneurin	b	21
angelic	utter benignity	31
angelica	herb	31
angelique	herb	28
angered	furious	33
angevin	resident of Anjou	18
angioplasty	operation	24
angler	scheming person	28
angrily	with anger	33
angstrom	a	20
anguished	tortured	26
angular	measured by an angle	35
anhydrous	without water	24
anima	self	28
animate	inspire	31
anion	negatively charged ion	27
anise	herb	26
anklet	shoe for a child	23
anklets	sock	22
annals	journal	34
annihilate	kill in large numbers	29
annihilated	destroyed	30
annihilating	devastating	24
annihilation	destruction	32
annihilator	total destroyer	22
annotation	comment or instruction	29
announce	make known	43
annoy	bother	35
annoyed	aroused to impatience	40
annually	without missing a year	42
annul	declare invalid	25
annular	rounded	28
annulus	halo	23
annum	year	32
anoint	choose by	25
anomalous	abnormal	29
anon	at another time	33
anonymous	no known name	42
anonymously	without giving a name	34
anopheles	malaria mosquitoes	23
anorak	kind of heavy jacket	21
anoxia	severe hypoxia	20
answering	replying	41
antacid	agent that counteracts	21
antagonise	act in opposition to	20
antagonism	hostility	28
antagonist	opponent	33
antagonistic	negative	30
ante	bet	33
antechamber	hall	22
anterior	prior	35
anteroom	hall	19
anthem	song of devotion	39
anthology	collection	35
anthropocentric	human-centered	19
antiaircraft	gun	25
antic	fantastic	23
anticholinergic	substance that opposes	20
anticipate	expect	37
anticipated	expected	41
anticipation	expectation	37
anticlimax	fall	20
anticoagulant	medicine that prevents	24
anticonvulsant	drug used to treat	21
antidote	remedy that stops	32
antiepileptic	drug used to treat	20
antihero	protagonist	23
antimony	sb	25
antiparallel	parallel	18
antipodes	any two places	22
antisemitism	racism	32
antisubmarine	defensive	19
antitank	defensive	23
antithesis	exact opposite	30
antithetical	different	26
antitrust	fair	34
anxious	dying	41
anxiously	with anxiety	31
anyhow	anyway	35
anyplace	anywhere	26
anzac	soldier	30
aorta	artery	29
apace	quickly	25
apartheid	social policy	36
apathy	absence of emotion	33
apex	highest point	37
aphasia	inability to use	26
apiary	shed	20
apical	situated at an apex	29
apiece	each	32
apocryphal	questionable	27
apogee	final climactic stage	26
apolitical	politically neutral	28
apologize	acknowledge faults	42
apoplectic	pertaining to	22
apotheosis	model of excellence	24
appalled	shocked	32
appalling	causing consternation	35
appaloosa	mount	19
apparel	clothes	37
apparition	phantom	29
appellation	designation	28
appetising	appealing to	20
appetizing	appealing to	26
applaud	clap one's hands	35
applesauce	rubbish	26
applet	Java application	23
applicant	person who requests	36
applicative	practical	18
apportioned	distributed	25
apportionment	allocation	25
appraisal	assessment	34
appraise	assess	25
appreciable	considerable	28
appreciably	noticeable degree	24
appreciative	grateful	32
apprehend	grasp	30
apprehended	understood	33
apprehension	dread	31
apprehensive	quick to understand	30
apprenticed	bound by contract	26
apprise	advise	19
approachable	accessible	29
approve	give sanction to	41
approximate	be close or similar	36
approximation	calculation	33
apron	garment of cloth	34
apse	niche	23
aptitude	inherent ability	32
aptly	with competence	31
aquaculture	cultivation	30
aquarium	tank	36
aqueous	similar to	32
aquifer	underground bed	29
arable	productive	30
arachnophobia	morbid fear of spiders	19
arbitrage	investment	28
arbitrarily	randomly	32
arbor	tree	35
arboriculture	agriculture	18
arbutus	bush	21
arcadian	inhabitant of Arcadia	23
arced	curved	19
archaeological	related to	37
archaeopteryx	bird	20
archbishop	bishop of highest rank	38
arched	constructed with	32
archeological	related to	29
archeology	anthropology	28
archetypal	first	29
archetypical	first	20
arching	curved	27
architrave	molding around a door	19
arcuate	curved	22
ardent	passionate	33
argon	ar	29
argosy	fleet	21
arguable	plausible	27
argumentation	debate	26
argumentative	given to	29
argus	giant	30
argyle	boat	30
argyll	boat	29
aright	correctly	22
arise	come into existence	39
aristocratic	belonging to	32
armada	large fleet	31
armature	coil	25
armchair	chair	32
armless	no arms	22
armoire	large wardrobe	22
armory	arsenal	32
armoury	arsenal	27
armrest	support for the arm	24
aroma	scent	32
aromatherapy	therapy	26
arouse	call forth	29
arpeggio	chord	21
arranger	adapter	26
arrant	perfect	19
array	orderly arrangement	41
arresting	stunning	35
arrogance	pride	36
arrogant	proud	37
arrowhead	pointed head	29
arroyo	stream or brook	30
arse	seat	36
arsehole	asshole	28
arsenic	as	32
arson	burning	34
artemisia	bush	24
artful	twisted	29
arthroplasty	operation	22
arthroscopy	operation	20
artichoke	vegetable	27
articled	bound by contract	20
articulate	provide with a joint	35
artifice	deceptive maneuver	26
artillery	gun	40
artiste	public performer	28
arugula	herb	25
asap	as soon as possible	38
asbestos	fibrous amphibole	35
ascend	travel up,	32
ascendance	dominance	22
ascendancy	dominance	29
ascendency	dominance	20
ascent	upward slope or grade	34
ascertain	determine	33
ascertained	discovered	28
ascribe	attribute	28
aseptic	free of	22
asexuality	no evident sex	20
ashamed	feeling shame	41
asinine	foolish	26
asio	genus of European owls	24
askew	crooked	27
asparagus	herb	32
aspiration	will to succeed	33
aspire	have an ambitious plan	35
assail	attack	21
assailant	someone who attacks	31
assassinate	murder	32
assassinated	dead	34
assemblage	gathering	29
assemble	gather	36
assembler	program	27
assert	state categorically	36
asserted	declared	36
asset	plus	42
assignation	secret rendezvous	21
assimilate	absorb	30
assisted	help	41
assistive	helpful	26
assorted	mixed	33
assortment	variety	33
assuming	excessively forward	42
assurance	confidence	38
assure	ensure	41
assuredly	without a doubt	28
assuring	giving confidence	31
aster	flower	28
astonish	affect with wonder	25
astonished	amazed	33
astonishing	amazing	37
astonishingly	surprisingly	29
astound	affect with wonder	23
astounded	amazed	29
astounding	incredible	34
astrakhan	fur of young lambs	22
astral	stellar	31
astrobiology	biology	20
astrodome	dome	22
astrolabe	early form of sextant	22
astronautics	physics	24
astronomically	enormously	22
astronomy	physics	36
astute	smart	31
asylum	shelter from danger	40
asymmetry	lack of symmetry	29
asymptomatic	no symptoms of illness	29
atar	essential oil	23
athar	essential oil	18
athenian	resident of Athens	30
athleticism	intense energy	30
athletics	sport	38
atlantis	according to legend	34
atomic	nuclear	40
atomization	division	20
atone	make amends for	29
atonement	damages	31
atrocious	terrible	31
atrociously	terribly	20
atrophied	diminished	23
atrophy	wasting	30
attain	achieve	36
attainable	possible	31
attainder	cancellation	22
attained	earned	36
attar	essential oil	22
attendance	act of being present	42
attentive	absorbed	33
attenuated	reduced	28
attenuation	fading	28
attest	provide evidence for	32
attested	documented	32
atticus	atlas moth	28
attilio	beard	19
attired	dressed	24
attract	pull	42
attractively	beautifully	25
attributable	credited	33
attrition	erosion by friction	32
attune	adjust or accustom to	20
auberge	inn	22
aubergine	herb	24
auction	bridge	43
audacious	brave	30
audacity	fearless daring	33
audiology	measurement of hearing	23
audiovisual	materials using sight	29
auditorium	area of a theater	35
aught	nothing	24
augment	enlarge or increase	32
augmented	increased	35
augur	predict	25
augustinian	Roman Catholic friar	24
auld	Scottish word	29
aunt	sister of your father	42
auntie	sister of your father	33
aunty	sister of your father	32
aurora	dawn	37
auspices	endorsement	32
aussie	australian	36
austere	stark	30
authentically	genuinely	27
authenticated	documented	29
authenticity	undisputed credibility	36
authorisation	mandate	30
authorised	licensed	36
authoritarianism	dictatorship	30
authoritative	influential	34
authorized	approved	41
authorship	writing	32
autistic	sick	34
autobahn	pike	25
autobiography	biography of yourself	36
autochthonous	indigenous	21
autographed	signed	29
automaton	someone who acts	27
automobile	car	39
autonomous	independent	38
autopsy	pm	36
avail	use to one's advantage	36
avalanche	slide	35
avarice	greed	25
avaricious	greedy	20
avena	oats	18
avenge	revenge	32
aver	say	22
averse	strongly opposed	31
aversive	tending to repel	22
avert	avoid	31
aves	class of birds	24
avian	pertaining to	31
avocation	hobby	19
avowed	declared	27
avowedly	by open declaration	20
awaited	anticipated	36
awaken	wake	34
awakened	aroused or activated	33
awash	flooded	28
awfully	terribly	34
awhile	for a short time	39
awkward	causing inconvenience	43
awry	crooked	29
axiomatic	obvious	25
axle	shaft	35
azimuth	az	25
azure	light shade of blue	34
babe	baby	41
bacca	berry	20
bacillus	b	27
backbeat	loud steady beat	20
backbench	seat	23
backdrop	scene	36
backed	back or backing	43
backhand	return	29
backless	lacking a back	24
backlighting	lighting from behind	19
backside	rear	32
backspace	key	22
backspin	spin  that retards	19
backstage	stage	36
backtrack	retrace one's course	27
backwash	aftermath	21
backyard	yard	39
bacteriology	medicine	24
baddie	villain	25
badger	annoy persistently	35
badness	severity	25
baffle	puzzle	27
baffling	problematic	31
bagasse	pulp	18
bagger	boxer	25
bagpipe	pipe	24
bahai	teacher of	19
bahasa	indonesian	25
bailable	admitting of bail	18
bailiwick	discipline	22
bairn	child: son or daughter	20
baked	dried out by heat	39
bakehouse	store	19
bakery	store	37
balaclava	cap	25
balderdash	trivial nonsense	19
balding	getting bald	29
baldrick	belt	20
bale	bundle	36
baleful	deadly or sinister	22
balinese	indonesian	28
balk	refuse to comply	27
ballista	engine	20
ballot	voting	41
ballpoint	pen	25
bally	fucking	27
ballyhoo	hype	20
balmy	nuts	27
bambino	toddler	25
banal	tired	29
bandeau	bra	20
bandit	thief	34
bandsaw	saw	18
bandwagon	style	33
bandwidth	data transmission rate	36
banger	pork sausage	30
bangle	bracelet	25
banish	expel from a community	31
bankable	profitable	21
banker	financier who owns	38
banknote	piece of paper money	25
bankroll	roll of currency notes	29
banksia	any shrub	20
banner	long strip of cloth	41
banquette	upholstered bench	18
bantam	tiny	28
banter	light teasing repartee	35
bantering	humorous	22
baptistery	font	19
barb	shaft	33
barbarism	brutality	28
barbarity	brutality	24
barbarous	cruel	25
barbecued	grilled	25
barbed	biting	33
barbell	weight	26
barberry	bush	18
barbershop	store	30
bard	lyric poet	33
bare	completely unclothed	42
bared	head uncovered	26
barefaced	bald	21
barefoot	without shoes	34
barefooted	without shoes	21
barge	boat	35
barilla	bush	20
baritone	male singer	30
barium	ba	27
barmaid	female bartender	25
barmy	spirited enjoyment	23
barnyard	yard adjoining a barn	26
baronet	bart	28
baronial	noble	22
barred	preventing entry	37
barrette	pin	21
barricaded	preventing entry	27
barroom	bar	22
barter	equal exchange	30
basal	especially of leaves	34
baseless	idle	31
baseline	imaginary line	37
bash	vigorous blow	38
bashful	self-consciously timid	25
basilica	church	31
basin	bowl-shaped vessel	41
bask	enjoy	29
bassoon	double-reed instrument	25
batch	lot	39
bate	moderate or restrain	28
bated	reduced	23
batik	dyed fabric	25
baton	billy	36
bats	insane	38
batten	stuffing made of rolls	27
battered	damaged	34
battlefield	field	39
battlefront	front	28
battleground	field	31
battler	fighter	22
batty	nuts	28
batwing	pair of swinging doors	21
bauxite	clay-like mineral	27
bawdy	humorously vulgar	26
baya	weaver	18
bayonet	knife	32
bayou	swampy arm	31
bazaar	store	34
bazar	street of small shops	26
beaded	covered	31
beady	bright	25
beak	mouth	33
beaked	resembling a beak	23
beaker	jar	28
beaming	cheerful	30
beamish	smiling	22
beanie	small skullcap	30
beano	bingo	23
beardless	shaved	21
bearer	carrier	34
bearskin	pelt of a bear	21
beast	animal	43
beastly	unpleasant	28
beatified	holy	20
beau	boyfriend	36
beaver	fur	36
bechamel	sauce	18
beckon	signal with the hands	24
bedbug	bug	22
bedchamber	bedroom	25
bedlam	chaos	27
bedraggled	dirty	21
bedridden	sick	26
bedrock	basics	33
bedtime	hour	36
beech	tree	33
beefy	robust	27
beekeeping	cultivation	27
beeline	most direct route	25
beery	drunk	22
beet	vegetable	30
befall	become of	27
befit	accord or comport with	21
befitting	appropriate	29
beforehand	early	36
befriend	become friends with	29
befuddled	confused	25
beget	make children	24
beginner	founder	35
begonia	flower	21
begrudge	envy	26
beguile	influence by slyness	20
beguiled	delighted	22
beguiling	tempting	26
behead	cut the head of	27
behemoth	monster	30
behest	authoritative command	30
behold	see with attention	38
beholder	observer	28
beige	very light brown	33
belabor	work at	18
belated	late	30
belfry	bell tower	26
believability	credibility	22
believably	probably	19
belittled	reduced	25
belladonna	herb	25
bellflower	herb	22
bellicose	aggressive	23
bellied	belly	27
belligerent	hostile	30
belligerently	with hostility	19
bellis	daisy	22
belongings	property	36
beloved	dear	42
belted	provided with a belt	28
beltway	bypass	29
belvedere	bush	28
bemoan	regret strongly	23
bemused	confused	26
bend	form a curve	41
bender	tool for bending	34
beneath	below	42
benedick	newly married man	21
beneficence	doing good	20
beneficiary	recipient of funds	34
benevolence	disposition to do good	28
benevolent	kindly	33
benighted	overtaken by night	22
bennie	form of amphetamine	27
benzoin	benjamin	18
bequest	legacy	28
berate	censure severely	24
bercy	sauce	18
bereavement	mourning	30
bereft	unhappy in love	28
beret	cap with no brim	29
bergamot	orange	23
berliner	inhabitant of Berlin	27
berm	narrow ledge	24
berserk	possessed	30
berth	job in an organization	34
beseech	ask for	27
beseeching	begging	20
beset	harry	31
besmirch	charge falsely	20
besotted	smashed	23
bespectacled	decorated	22
bespoke	custom-made	32
bestial	resembling a beast	24
bestiary	book	23
bestow	present	30
bethel	house of worship	31
betide	become of	21
betray	reveal unintentionally	34
betrayer	traitor	24
betrothed	pledged to be married	29
betterment	improvement	30
bettor	someone who bets	21
beware	be on one's guard	37
bewildered	confused	31
bewitch	capture	20
bewitched	under a spell	28
bewitching	fascinating	25
bhakti	devotion	25
biannual	periodic	25
biannually	twice a year	18
biased	favoring one person	38
bibliotheca	collection of books	23
bicolor	colored	22
bicuspid	tooth having two cusps	18
bicycle	bike	40
biddy	adult female chicken	24
bide	dwell	27
bidens	bur marigolds	22
bidet	basin	26
biennially	every two years	21
bier	coffin	25
biff	blow with the fist	28
bifocals	glasses	19
bifurcated	divided	24
biggin	cap	20
bight	loop in a rope	27
bilinear	linear	22
billet	short personal letter	28
billfold	wallet	19
billowing	great swelling waves	25
billowy	great swelling waves	19
bimonthly	series	26
bind	stick to firmly	38
bine	hop	19
bingle	safety	18
biodiversity	variety	35
bioethics	ethics	26
biogeography	biology	23
biohazard	hazard to humans	27
bioluminescent	emitting light	22
biomedicine	medicine	23
biometrics	statistics	27
biophysics	physics	26
biopsy	examination of tissues	33
biostatistics	statistics	23
bioterrorism	terrorism	23
biotin	b	25
biped	animal with two feet	20
bipedal	two feet	24
biplane	old fashioned airplane	25
biracial	consisting of	26
birdcage	cage	24
birdhouse	shelter for birds	23
biro	pen	23
birthrate	fertility	23
biscuit	cookie	34
bismuth	bi	27
bitchiness	spite	19
bitchy	malicious	31
biter	someone who bites	26
biting	capable of wounding	38
bitter	strong resentment	42
bittersweet	sad	32
bitty	wee	28
bivariate	two variables	20
bivouac	camp	23
biweekly	series	27
blackboard	sheet of slate	30
blackened	darkened by smoke	30
blackface	makeup	29
blackguard	roast	20
blackthorn	bush	22
blackwater	disease	30
blain	inflammatory swelling	23
blameless	innocent	28
blanc	white sauce of fat	34
blanch	turn pale	25
bland	lacking taste	35
blanketed	covered	24
blankly	without expression	26
blare	blast	24
blase	sophisticated	22
blaspheme	swear	22
blasted	goddamn	35
blasting	causing injury	36
blat	cry plaintively	19
blather	foolish gibberish	22
blaxploitation	using	19
blaze	fire	37
blazer	jacket	33
blazing	bright	35
blazon	arms	20
bleached	faded	30
bleakly	without hope	18
bleary	tired	22
bleat	talk whiningly	21
blemished	flawed	21
blend	combine into one	40
bless	give a benediction to	42
blighted	destroyed	28
blighty	uk	21
blimp	sausage	28
blinded	deprived of sight	35
blinding	bright	32
blindside	catch unawares	25
blink	briefly shut the eyes	37
blinker	light	24
blip	sudden minor shock	30
blissful	happy	30
blistering	unpleasant	30
blithely	happily	24
blitz	play	36
bloat	swelling of the rumen	26
blockaded	barred	26
blockhead	stupid person	22
blocky	cubic	25
bloke	fellow	36
blond	sandy	36
bloodbath	massacre	30
bloodcurdling	extremely alarming	18
bloodless	dead	27
bloodshed	murder	33
bloodshot	unhealthy	26
bloodstock	thoroughbred horses	22
bloody	covered with	43
bloomer	flower	27
bloomers	pants	24
blooper	embarrassing mistake	24
blossom	flower	36
blot	blemish made by dirt	30
blouse	top worn by women	34
blowhole	vent	21
blowjob	slang for fellatio	34
blown	moving	42
blowout	easy victory	32
blowpipe	tube that directs air	20
blowup	explosion	22
blucher	general	20
bludgeon	club	24
blueberry	bush	33
bluegrass	grass	32
bluff	high steep bank	36
bluish	blue	29
blunder	embarrassing mistake	31
blunt	broad or rounded end	39
blurb	endorsement	28
blurt	utter impulsively	25
blush	turn red	36
blusher	rouge	20
blustery	bullying	25
boast	show off	35
boastful	proud	25
boater	panama	21
boathouse	shed	27
boatman	someone who drives	25
bobble	spoil	26
boche	jerry	18
bodacious	incorrigible	22
bode	predict	30
bodega	store	27
bodice	top	26
bodied	corporate	35
bodkin	sticker	21
bodybuilding	exercise	31
boeuf	beef	22
bogeyman	monster	25
boggle	startle with amazement	23
boggy	muddy	24
bogie	evil spirit	25
bogus	fake	34
boiled	cooked in hot water	37
bola	tie	26
bold	fearless and daring	43
boldface	case	22
boldly	with boldness	33
boldness	daring	29
bole	trunk	24
bollard	strong post	22
bollocks	spoil	31
bollywood	film industry of India	36
bolo	tie	27
bolshevik	marxist	30
bolshevism	Soviet communism	24
bolster	support and strengthen	33
bolus	small round soft mass	26
bombard	large shawm	27
bombast	blah	23
bombproof	chamber	18
bonbon	candy	22
bondage	slavery	35
bondsman	male slave	23
boned	had the bones removed	29
bonehead	stupid person	23
boneheaded	stupid	19
boner	embarrassing mistake	32
boney	skinny	25
bongo	small drum	29
bonkers	nuts	31
bonnet	hat	34
bonnie	beautiful	37
bonny	beautiful	28
bonsai	tree	28
boob	breast	34
booby	dope	30
boodle	bread	19
booger	monster	27
boogeyman	monster	25
bookable	reserved	22
bookbinding	craft of binding books	22
booked	reserved in advance	40
bookish	scholarly	26
bookmaker	maker of books	26
bookman	student	22
bookmobile	van	20
bookshelf	shelf	29
bookshop	store	31
bookstore	store	34
booming	successful	34
boon	blessing	34
booster	supporter	36
booted	wearing boots	32
booth	table	41
bootleg	corn	31
bootlegger	someone who makes	22
bootstrap	strap	29
booty	prize	36
booze	spirits	36
boozer	alcoholic	26
boozy	drunken	25
borage	herb	20
bordered	lined	32
borderline	minimum	33
boreas	wind	19
bored	tired	42
borer	drill	25
borrow	get temporarily	40
bosc	greenish-yellow pear	18
botch	embarrassing mistake	24
bothersome	annoying	27
bottlenose	dolphin	24
bottomless	extremely deep	30
boudoir	lady's bedroom	27
bouffant	big	18
bougainvillea	vine	21
bough	limb	27
bouillon	clear seasoned broth	25
boulevard	avenue	37
bounce	spring back	40
bouncy	elastic	32
boundary	edge	41
boundless	infinite	30
bounteous	handsome	19
bountiful	handsome	29
bounty	reward	37
bourdon	pipe	21
bourguignon	sauce	21
boutique	store	35
bovril	extract of beef	18
bowels	center of the Earth	31
bowtie	tie	24
boxers	shorts	34
boxy	cubic	26
boycott	refuse to sponsor	38
boyhood	childhood of a boy	31
boyish	young	28
bozo	goose	26
braced	prepared	30
bracelet	band of cloth	37
bract	modified leaf	18
brad	small nail	41
brae	slope or hillside	24
brag	show off	35
brainchild	inspiration	28
brainiac	genius	26
brainpower	wit	24
brainwash	persuade completely	27
brainy	brilliant	26
braise	cook in liquid	20
braised	cooked	27
branched	divided	32
brandy	distilled from wine	35
brant	brent	29
brash	offensively bold	30
brassica	mustards: cabbages	22
brassiere	bra	20
brassy	cheap	24
brat	very troublesome child	34
brattle	make a rattling sound	19
bratty	impolitely unruly	25
bratwurst	small pork sausage	23
bravery	courage	36
brawl	uproarious party	35
brawler	fighter	24
brawny	strong	23
bray	cry of an ass	33
breadbasket	stomach	20
breadth	width	35
breakage	quantity broken	29
breakaway	withdrawal	32
breakneck	dangerous	25
breakout	escape from jail	35
breakthrough	productive insight	38
breakup	ending	36
breastbone	bone	19
breastfeed	give suck to	28
breaststroke	swimming stroke	27
breathe	draw air into	43
breathed	uttered without voice	32
breather	short respite	30
breathlessness	dyspneic condition	22
breathtaking	exciting	36
breed	call forth	41
breeze	slight wind	39
breezy	lively	31
brewer	someone who brews beer	35
briar	rose	29
bribe	buy	35
bribery	felony	34
bridal	marriage	35
bridle	headgear for a horse	28
briefcase	case with a handle	31
briefly	for a short time	42
brigand	thief	22
brill	European food fish	31
brilliantly	with brightness	35
brimming	full	29
brimstone	old name for sulfur	28
brine	water containing salts	31
brinjal	herb	18
briony	vine	21
brisk	energetic	32
bristle	stiff fiber	28
bristly	very irritable	22
britt	young of a herring	32
brittle	little elasticity	33
brittleness	firm but easily broken	19
broach	pin	26
broached	tapped	25
broaden	extend	33
broadsword	brand	23
brochure	book	34
brogan	thick and heavy shoe	26
brogue	thick and heavy shoe	23
broiled	grilled	24
broiler	oven	26
brokenhearted	sorrow	23
broker	businessman who buys	39
brolly	umbrella	21
brome	grass	21
bromine	br	24
brooch	pin	30
broodmare	mare	18
brook	creek	37
brougham	light carriage	24
browbeat	be bossy towards	19
browned	deeply suntanned	27
brownie	junior Girl Scout	32
bruin	bear	25
bruiser	bull	26
bruising	harmful	32
brunet	person with dark  hair	24
brunette	person with dark  hair	34
brushed	touched	36
brushwood	wood from bushes	19
brushy	covered with	22
brut	extremely dry	26
brute	beast	34
brutish	resembling a beast	26
bryony	vine	23
bubble	hollow globule of gas	42
bubbly	champagne	32
bubo	node	19
buccaneer	pirate	24
buckaroo	cowboy	23
buckeye	seed	29
buckler	shield	24
buckshot	shot	25
buckskin	mount	23
buckthorn	bush	21
buckwheat	herb	28
bucolic	rural	24
budge	stir	32
buff	lover	36
buffeted	troubled	23
buffoon	clown	28
buffoonery	prank	22
bugaboo	monster	20
bugbear	monster	22
bugged	wired	31
buggy	rig	33
bugle	brass	29
bulbous	round	27
bulgur	parched crushed wheat	20
bulk	majority	42
bulky	big	33
bulldoze	flatten with	23
bulldozer	large powerful tractor	29
bulletin	brief report	38
bullfight	spectacle	22
bullhorn	speaker	23
bullion	mass of precious metal	32
bullish	optimistic	31
bullock	young bull	34
bumble	spoil	30
bumblebee	bee	29
bump	find	40
bumpkin	yahoo	21
bumpy	rocky	32
buna	rubber	21
buncombe	unacceptable behavior	22
bundle	package	39
bung	plug	26
bungalow	cottage	33
bungee	elasticized rope	28
bunghole	asshole	18
bungle	embarrassing mistake	24
bungling	lack of skill	23
bunker	hazard	37
buns	seat	34
bunter	batter who bunts	20
buoy	bright-colored	30
burg	town	28
burgh	borough in Scotland	29
burglar	thief	33
burglary	felony	34
burlap	coarse jute fabric	27
burlesque	parody	31
burly	robust	28
burnished	shining	26
burnt	ruined by overcooking	40
burro	donkey	24
burrow	tunnel	31
bursar	treasurer at a college	22
burthen	variant of `burden'	19
bury	cover from sight	39
busby	tall hat	27
businesslike	efficient	23
busload	quantity of cargo	20
buss	kiss	28
bust	ruin completely	40
busted	damaged	38
buster	dude	35
bustier	top	22
bustle	hustle	30
busty	stacked	31
busyness	state of being	21
butane	occurs in natural gas	26
butterball	fatty	20
buttercup	herb	28
butterscotch	candy	26
buttocks	seat	32
buttressed	held up by braces	23
butty	sandwich	20
butyl	hydrocarbon radical	25
buxom	stacked	24
buyer	person who buys	40
buzzer	bell	34
buzzword	cant	26
bygone	departed	28
byre	barn for cows	18
byword	saw	21
cabal	faction	30
cabaret	spot	32
cabbage	bread	36
caber	pole	19
caboose	kitchen	26
cabriolet	cab	24
cache	hidden storage space	36
cachexia	wasting	19
cacophonous	splitting	19
cadaver	remains	27
caddy	can for storing tea	30
cadence	metre	31
cadet	military trainee	34
cadmium	cd	28
caesium	cs	22
caff	cafe	19
caftan	dress	19
cagey	clever	24
calamari	squid prepared as food	26
calamine	white mineral	20
calamitous	disastrous	24
calamity	disaster	32
calamus	palm	19
calcareous	composed of	26
calcium	ca	38
calculated	intended	41
calculator	computer	36
calender	machine that smooths	25
calendula	flower	20
calfskin	leather	20
caliber	quality	36
calibrate	make fine adjustments	28
calibrated	graduated	32
calibration	act of checking	33
calibre	quality	32
calla	flower	24
callable	due	18
calligraphy	beautiful handwriting	31
callous	emotionally hardened	31
calloused	calluses	22
callousness	devoid of passion	23
calmly	with self-possession	36
caloric	thermal	30
calorific	hot	22
calumet	pipe	27
calve	release ice	20
camber	slight convexity	27
camcorder	camera	27
camelia	several shrubs	19
camellia	several shrubs	25
camomile	herb	20
camouflaged	invisible	28
campaigner	candidate	30
campana	shape of a bell	21
campanile	bell tower	21
campion	flower	27
camshaft	shaft	25
canasta	rum	18
cancel	postpone indefinitely	42
candela	cd	22
candelabra	branched candlestick	24
candid	frank	34
candidacy	cause	34
candidature	campaigning	23
candidly	honestly	28
candied	encrusted with sugar	26
candlelight	light	30
candlestick	holder	28
candor	fairness	28
candour	fairness	25
canfield	patience	27
canine	tooth	33
canna	herb	25
cannabis	bush	40
canned	recorded	36
cannery	factory	26
cannibalize	eat human flesh	21
cannon	gun	40
cannonball	missile	29
cannula	tube	24
canny	clever	29
canoe	small and light boat	35
canola	oil	27
canonised	authorized	19
canonized	authorized	25
canopied	covered	19
cantabile	smooth and flowing	19
cantankerous	stubborn	23
canted	leaning	21
canter	smooth three-beat gait	27
cantonment	camp	24
canty	energetic	20
capably	with competence	21
capacious	big	22
caper	jump about playfully	29
capillary	tube	29
capitalize	draw advantages from	33
capon	chicken	22
caprice	impulse	29
capricious	unpredictable	28
capriciously	unpredictably	19
capsicum	bush	25
capsid	variety of leaf bug	22
capsize	overturn accidentally	23
capstone	final touch	27
capsule	small container	37
caption	taking exception	37
captivate	attract	25
captivated	loving	30
captivating	fascinating	32
captive	prisoner	37
capuchin	hooded cloak for women	24
caput	head	21
carabiner	fixing	20
carafe	bottle with a stopper	22
caramel	candy	35
carapace	hard outer covering	26
caraway	herb	24
carbine	light automatic rifle	28
carbohydrate	sugar	32
carbonara	sauce for pasta	23
carcinoid	tumor	20
carcinoma	cancer	32
cardamom	herb	27
cardigan	sweater	32
cardinal	central	39
cardiologist	specialist	29
cardiology	medicine	31
careless	lack of attention	36
carelessly	without care	29
carelessness	negligence	28
caribou	deer	30
carillon	bell	23
carissa	bush	23
carnage	massacre	33
carnal	animal	30
carnation	pink	27
carnival	festival	39
carnivora	cats	19
carob	bean	21
carom	glancing rebound	20
carousing	drunk	21
carpal	bone	27
carpel	simple pistil	19
carpenter	woodworker who makes	38
carpeted	covered with	27
carport	garage	22
carrefour	intersection	24
carrell	bay	21
carriage	car	38
carrizo	reed	19
carryall	capacious bag	18
carte	menu	32
cartilage	tough elastic tissue	33
cartographer	person who makes maps	24
cartouche	cartridge	22
cartwheel	wheel	24
carve	form by carving	34
carved	made for	39
carven	made for	18
casebook	textbook	23
cashed	paid	31
cask	barrel	30
casket	coffin	33
cassia	various trees	25
cassino	casino	23
castanets	bones	20
castaway	person who is rejected	26
caste	social status	36
castigate	censure severely	19
castilian	spanish	24
castration	fixing	28
casual	blithe unconcern	42
casuarina	tree	20
cataclysm	disaster	26
cataclysmic	destructive	27
catacomb	tunnel	21
catalog	book	39
catapult	shoot forth or launch	30
catastrophe	disaster	36
catastrophic	extremely harmful	36
catatonia	extreme tonus	20
catchy	hard	35
catechesis	teaching	19
catechism	examination	29
categorisation	classification	23
categorise	place into	23
categorised	classified	27
categorization	classification	28
categorize	place into	29
categorized	classified	33
cater	provide	36
cathartic	purging medicine	28
cathedra	throne	20
cathedral	church	40
catheter	tube	32
catheterization	operation	23
cation	positively charged ion	28
catnip	herb	27
cattleman	cowboy	20
cauda	any taillike structure	19
cauldron	pot	31
causa	suit	26
causative	contributing	27
cauterize	burn, sear,	20
cautionary	protective	30
cautious	careful forethought	38
cautiously	carefully	33
cavalryman	soldier	21
caveat	caution	32
caviar	salted roe of sturgeon	32
cavity	pit	36
cayenne	pepper	30
cdna	dna	26
cease	stop	40
ceaseless	perpetual	26
ceaselessly	continuously	24
cebuano	philippine	22
cede	give over	29
celebrated	famous	42
celebrity	widely known person	43
celeriac	herb	20
celerity	rate that is rapid	20
celery	herb	33
celiac	belonging to	29
celibacy	unmarried status	29
cellar	basement	36
cellblock	division of a prison	18
cello	string	33
celluloid	film	26
censor	someone who censures	34
censorious	critical	19
censure	harsh criticism	29
census	count	42
centerpiece	feature	31
centimeter	cm	29
centimetre	cm	26
centralisation	integration	24
centralism	policy	21
centralization	integration	27
centrepiece	feature	26
centric	situated at	34
centrum	bone	23
cere	bill	20
cereal	grass	37
cerise	red	21
cerium	ce	22
certifiable	insane	22
certificated	furnished with	23
certify	manifest	31
certitude	total certainty	21
cerulean	light shade of blue	23
cervix	neck	30
cesium	cs	25
cessation	stopping	32
cession	act of ceding	24
cesspit	covered cistern	20
cesspool	covered cistern	27
chafed	painful	23
chaff	josh	28
chagrined	embarrassed	20
chained	bound	34
chainsaw	portable power saw	32
chaise	long chair	26
chalk	soft whitish calcite	37
chalkboard	sheet of slate	28
chalky	composed of	27
challenging	hard	43
chambered	divided	26
chamois	leather	25
chamomile	herb	26
chancy	dangerous	20
changeable	capable of	28
changeling	idiot	26
changeover	transition	27
chanter	pipe	20
chap	fellow	36
chapeau	hat	22
chapped	cracked	25
characteristic	feature	40
characterless	ordinary	19
charade	parody	29
chardonnay	white wine grape	30
chargeable	guilty	26
chariot	rig	33
charismatic	attractive	35
charlatan	flamboyant deceiver	26
charm	appeal	41
charmed	loving	32
charming	pleasing or delighting	41
charnel	vault	20
chartered	hired	37
charterhouse	Carthusian monastery	23
chasse	step	21
chassis	figure	35
chaste	morally pure	28
chastise	censure severely	25
chastisement	verbal punishment	22
chatroom	site	26
chatter	click repeatedly	34
chatty	trivial conversation	29
chauvinism	fanatical patriotism	25
chaw	plug	20
cheapskate	miserly person	23
checkmate	complete victory	30
checkout	act of inspecting	36
checkup	examination	29
cheekbone	bone	23
cheeky	offensively bold	35
cheerful	gay	36
cheerio	bye	23
cheery	gay	30
cheeseburger	burger	31
cheetah	cat	32
chef	professional cook	42
chemise	teddy	22
chemist's	pharmacy	18
chemotaxis	movement by a cell	19
chemotherapy	therapy	36
chenopodium	goosefoot	18
cheque	draft	35
chequered	checked	25
cherish	be fond of	35
cherished	wanted	34
cherub	sweet innocent baby	26
chervil	herb	19
chesty	robust	22
chevron	badge	33
chevy	harry	35
chewy	requiring much chewing	29
chic	smart	37
chicanery	deception	22
chicano	mexican	28
chicha	pipe	21
chide	censure severely	22
chiefly	mainly	34
chiffon	sheer fabric of silk	28
childless	without offspring	31
childlike	young	29
chiller	excitement	25
chilling	scary	37
chinchilla	fur	26
chine	cut of meat	25
chinook	wind	29
chipmunk	squirrel	27
chipper	cheerful	28
chirk	make a shrill creaking	18
chiropractic	treatment	29
chit	tab	30
chitchat	gossip	23
chivalry	courtesy towards women	31
chlamydia	dose	28
choked	stopped up	35
choline	b	25
chomp	champ	25
choosy	difficult to please	25
chop	cut into pieces	38
chopin	music of Chopin	29
chopped	prepared by cutting	38
choppy	sudden	29
chore	job	32
chorister	singer in a choir	20
chortle	laugh quietly	21
chou	dynasty	30
chow	dynasty	34
chowder	thick soup	28
christen	administer baptism to	26
christmastime	noel	24
christology	religious doctrine	23
chromite	brownish-black mineral	22
chromium	cr	31
chronicle	history	37
chronograph	timer	26
chronometer	accurate clock	23
chrysalis	pupa of a moth	26
chrysanthemum	flower	26
chubby	fat	34
chuck	throw carelessly	42
chuckle	laugh quietly	35
chuffed	pleased	27
chug	make a dull	29
chum	buddy	30
chummy	friendly	24
chump	fool	29
chunk	compact mass	36
churlish	rude and boorish	22
churning	moving with	31
chutzpah	unbelievable gall	23
cilantro	herb	29
cimmerian	dark	18
cinch	breeze	26
cinema	film	42
cinematography	filming	32
cinque	five	26
cipher	zero	31
circular	round	40
circumferential	peripheral	23
circumnavigate	travel around	23
circumnavigation	travel	22
circumpolar	visible	22
circumscribed	limited	26
circumstance	context	37
circumstantial	specific	31
cirrus	usually coiled	26
cite	mention	37
citizenry	people	29
citywide	comprehensive	28
civilisation	culture	34
civilised	polite	31
clad	dressed	36
clam	dollar	32
clamber	climb awkwardly	22
clammy	wet	25
clamor	make loud demands	26
clamorous	noisy	19
clampdown	restriction	22
clamshell	shell of a clam	23
clandestine	secret	32
clang	make a loud noise	26
clanging	noisy	24
clank	clash	27
clanking	noisy	22
clansman	member of a clan	19
clap	put quickly	35
clapper	someone who applauds	29
clappers	bones	20
claptrap	blah	22
clarifying	that makes clear	32
clarion	brass	29
clary	sage	28
classless	democratic	26
clatter	make a rattling sound	26
clavicle	bone	25
clawed	resembling a claw	29
cleaners	store	35
cleanliness	use	33
cleanup	very large profit	35
cleared	rid of objects	42
clearness	clarity	22
cleave	split	28
cleaver	knife	30
clemency	mercy	30
clement	physically mild	34
clenched	tight	29
clerestory	window	20
clergyman	reverend	32
clericalism	policy	18
clever	smart	42
clew	ball of yarn	18
clientele	customers collectively	32
climactic	consisting of	29
climber	vine	32
clinched	tight	32
clip	metal frame	43
clipper	circuit	31
cloaca	sewer	22
cloak	anything that covers	36
cloaked	masked	29
cloakroom	lounge	24
clobber	lick	23
clod	lump	23
clogging	preventing movement	29
cloister	residence	28
closeout	sale	21
closet	small room 	41
closure	coming	41
clothe	dress	28
clothed	dressed	33
clothespin	fixing	18
cloture	closure	24
cloudburst	heavy rain	18
clouded	troubled	31
cloudy	lacking definite form	36
clout	target used in archery	32
cloven	divided	22
clover	herb	34
clown	rude or vulgar fool	39
clownish	humorous	20
cloying	sweet	23
clue	slight indication	42
clump	bunch	29
clunk	heavy dull sound	22
cluster	bunch	40
clutch	take hold of	39
coadjutor	assistant to a bishop	21
coalesce	mix	26
coalesced	consolidated	25
coalescence	union	22
coalescing	united	23
coated	coating	37
coaxial	common axis	28
cobalt	co	34
cobbler	person who makes	28
cobblers	nonsense	24
coca	bush	36
coccyx	bone	22
cockerel	young domestic cock	24
cockeyed	crooked	19
cocksucker	asshole	24
cocksure	confident	20
cocktail	short mixed drink	39
coco	palm	35
cocoa	chocolate	36
cocos	coconut palms	26
coda	finale	27
codeine	derivative of opium	29
codfish	cod	22
codicil	supplement to a will	19
codification	code	24
codified	statute	30
codify	organize into a code	24
coercive	powerful	30
coffeehouse	cafe	25
cofounder	group of founders	26
cogent	telling	27
cognate	related	26
cognisant	aware	19
cognition	knowledge	33
cognizance	awareness	22
cognizant	aware	28
cognomen	nickname	18
cohabit	share living quarters	20
cohesion	state of cohering	33
cohesiveness	state of cohering	23
cohort	company of companions	34
coiled	rolled	29
coinage	coins collectively	30
coincide	go with, fall together	35
coitus	relation	25
colander	bowl-shaped strainer	24
colbert	sauce	34
coldhearted	lacking in sympathy	18
coldness	temperature	26
coleoptera	beetles	25
coleus	herb	19
colic	acute abdominal pain	26
colicky	unhealthy	19
collaboration	act of working jointly	43
collaborator	accessory	32
collapse	break down	42
collarbone	bone	28
collard	cole	26
collards	cole	18
collate	compare critically	24
collation	snack	26
collectivism	Soviet communism	25
collectivist	leftist	25
collectivization	organization	23
colleen	Irish girl	33
collet	metal cap	23
collide	be incompatible	33
colloquium	academic meeting	25
collude	act in unison	25
collusion	secret agreement	34
colonialism	using	33
colonisation	organization	27
colonization	organization	34
colonnade	arcade	24
colossal	big	34
colossus	monster	31
colter	wedge	24
columbine	flower	29
columbo	herb	25
comal	hairy	19
combatant	fighter	29
combust	cause to burn	24
comely	becoming	24
comfrey	herb	19
comical	funny	32
commandeer	take arbitrarily	22
commandment	teaching	32
commemorate	mark by some ceremony	35
commemoration	memorial	33
commence	start	36
commencement	beginning	35
commend	express approval of	32
commendable	worthy	31
commendation	citation	30
commentary	written explanation	42
commiseration	pity	19
commissariat	provisions	24
commissary	store	28
commode	pot	23
commodious	convenient	20
commodity	articles of commerce	39
commonplace	ordinary	34
commons	park	41
commonsense	reasonable	26
commonweal	good of a community	19
commotion	disruption	31
communicate	transmit information	42
communique	official report	27
commutation	travel	24
commutative	independent	25
commutator	switch	21
compactness	density	23
companion	fellow	41
companionship	fellowship	32
comparative	relative	38
comparatively	relatively	35
compartmentalization	classification	21
compass	range	37
compassionate	share the suffering of	36
compelling	powerful	40
compendium	collection	30
compensable	paying	18
compensate	adjust for	38
compensated	paid	35
compilation	collection	38
compile	collect	34
complaining	expressing pain	41
completing	acting as	41
completion	play	42
comport	behave	21
compose	form the substance of	35
compositional	arranging or grouping	29
compound	make more intense	42
compounded	combined	34
comprehended	appreciated	24
comprehensible	understandable	27
compress	make more compact by	31
comprise	be composed of	36
comptroller	controller	31
compulsion	urge to do	31
compulsive	caused by	33
compulsory	required	37
compunction	feeling of deep regret	22
computerization	automation	20
comrade	fellow	36
concave	curving inward	30
concavity	shape that curves	18
conceal	hide	35
concealed	hidden	37
concealment	privacy	29
concede	admit	35
conceit	vanity	28
conceited	vain	29
conceive	have the idea for	34
concentrate	make denser	41
concentration	strength of a solution	43
concentric	common center	29
conceptualize	have the idea for	26
concerted	cooperative	33
concessionaire	someone who holds	21
concisely	briefly	25
conclude	decide by reasoning	39
concluding	final	35
conclusive	forming an end	33
concoction	mixture	28
concomitant	accompanying	28
concordant	consistent	20
concordat	covenant	22
concur	agree	32
concurrence	agreement of results	26
concurrency	agreement of results	26
concussion	injury	36
condone	excuse, overlook,	32
conducive	contributing	32
conduction	transmission of heat	30
conductivity	transmission of heat	31
conestoga	wagon	22
coney	das	31
confab	chat	20
confection	food rich in sugar	25
confectionary	store	22
confederate	southern	37
confederation	alliance	34
confession	admission of misdeeds	39
confessional	booth	30
confetti	small pieces	30
confide	reveal in private	29
confidential	private	39
confidentiality	state of being secret	34
confiding	trusting	23
configuration	arrangement of parts	40
configured	organized	32
confine	place limits on	29
confinement	labour	35
confining	limiting	26
confirmatory	collateral	23
confirming	indicating existence	37
conflate	mix	24
confluent	flowing together	22
conform	be similar	35
conformable	quick to comply	19
conformance	correspondence in form	25
conformation	shape	28
conformity	correspondence in form	32
confrontation	bold challenge	37
congeal	become gelatinous	18
congenial	suitable to your needs	26
congested	full	32
conglomeration	rounded spherical form	23
congregate	come together	29
congruence	quality of agreeing	24
conifer	any gymnospermous tree	26
conjectural	hypothetical	20
conjecture	speculation	34
conjoined	joint	28
conjoint	joint	19
conjointly	collectively	20
conjugated	coupled	28
conjugation	junction	27
conjure	summon into action	31
conk	nose	19
conker	seed	20
connote	imply	20
conquer	put down by force	38
conquistador	adventurer	22
consanguinity	related by blood	20
conscientious	careful	32
conscious	intended	42
consciously	with awareness	35
consecrate	commit	24
consecrated	dedicated	32
consecutive	one after the other	42
consenting	willing	30
consequence	result	41
consequent	accompanying	30
consequential	important	30
consequently	therefore	39
conserved	protected from harm	32
considerably	great extent or degree	40
consign	commit forever	25
consignment	cargo	30
consist	originate	39
consistence	harmonious uniformity	18
consistory	church tribunal	23
consolidate	unite into one	35
consolidated	united	38
consolidation	integration	37
consoling	comforting	26
consort	associate	32
conspicuous	featured	34
conspire	engage in plotting	28
constabulary	police	30
constellation	configuration	34
consternation	alarm	28
constituent	element	36
constitute	form or compose	38
constituted	established	36
constrain	hold back	28
constrained	lacking spontaneity	34
constraining	limiting	25
constricted	especially tense	26
constricting	narrow	24
constrictive	narrow	19
constrictor	snake	24
construct	build	40
construe	interpret	23
consultation	conference	40
consultative	advisory	31
consumable	may be used up	26
consume	eat immoderately	39
consuming	very intense	39
consummate	fulfill sexually	30
consummated	fulfilled	28
consummation	closing	25
containment	policy	35
contaminate	make impure	28
contaminating	spreading pollution	27
contemplate	look at thoughtfully	34
contemplation	stare	32
contemporaries	generation	34
contempt	despite	37
contemptuous	insulting	26
contemptuously	without respect	21
contend	maintain or assert	36
contented	satisfied	30
contentedly	with equanimity	22
contention	argument	37
contestation	argument	19
contiguous	immediate	32
contingency	possible event	34
continual	repeated	34
continuance	duration	27
continuous	straight	42
continuously	at every point	40
contorted	crooked	26
contour	shape	34
contraband	illegal	31
contrary	different	42
contrasting	different	35
contravene	go against	23
contributing	tending to bring about	41
contributory	tending to bring about	27
contrive	design	22
contrived	planned	32
controversy	contentious speech act	43
contusion	hurt	24
conundrum	difficult problem	30
convalescence	recovery	24
convalescent	recovering	26
convene	meet formally	30
convenient	suited to your comfort	42
conversant	informed	24
convertible	car	36
convey	make known	38
convict	find or declare guilty	36
convince	make  agree	43
convivial	occupied with	24
conviviality	jovial nature	20
cony	das	18
cookbook	reference	34
cooker	utensil for cooking	33
cookhouse	kitchen	18
cooky	cook on a ranch	19
coon	nigga	31
coop	cage	34
cooperative	joint	39
coordinated	operating as a unit	38
coot	rail	25
cooter	turtle	23
cope	come to terms with	40
copernican	important	21
copious	abundant	31
coppice	dense growth of bushes	22
copse	dense growth of bushes	23
copulation	relation	25
corbel	bracket	18
cordate	shaped like a heart	19
corded	rough	24
cordial	friendly	31
cordon	series of sentinels	31
corgi	dog	28
coriander	herb	30
corked	bad	22
corking	smashing	18
corky	bad	26
corned	preserved	26
cornered	trapped	32
cornerstone	basis	34
cornet	brass	28
cornmeal	coarsely ground corn	25
corona	glow	34
coronet	small crown	25
corporatism	control of a state	24
corporeal	bodily	26
corpse	remains	38
corpulent	obese	21
corral	pen for cattle	31
correction	improvement	40
correctional	concerned with	34
correctness	conformity to fact	34
correlated	related	35
correlative	variable	22
correspond	match	35
correspondence	agreement	38
corresponding	related	41
corridor	enclosed passageway	39
corroborate	confirm	29
corroboration	certification	27
corroborative	confirming	18
corrode	rust	24
corrosive	destructive	31
corrupt	lacking in integrity	41
corrupted	containing errors	35
corsair	pirate	28
corset	stays	30
cortege	funeral procession	22
coruscant	bright	22
cosign	sign jointly	20
cosine	cos	25
cosmonaut	astronaut	25
cosmos	world	35
costly	expensive	39
costumer	someone who designs	23
cotillion	ball	21
cottontail	rabbit	22
couch	seat	42
cough	exhale abruptly	40
coulter	wedge	31
counteract	act in opposition to	32
counterbalanced	balanced	22
counterculture	culture	26
counterexample	refutation by example	22
counterintelligence	intelligence	26
counterintuitive	unreasonable	27
countermand	repeal	18
countermeasure	step	24
counterproductive	harmful	30
counterpunch	return punch	20
counterterrorism	strategy	28
countryside	rural regions	39
countrywide	nationwide	27
countywide	comprehensive	22
coupe	car	33
coupled	united	40
couplet	pair	25
courageous	brave	36
courser	charger	20
courteous	polite	32
courtyard	area wholly	36
covariant	variable	22
cove	small inlet	36
coven	assembly of witches	30
coverlet	decorative bedspread	18
covert	flock of coots	35
covet	wish, long,	28
coveted	desired	33
covetous	jealous	21
covetousness	envy	20
coward	person who shows fear	37
cowardly	lacking courage	34
cowbell	bell	25
cower	crouch or curl up	26
cowgirl	woman cowboy	29
cowherd	cowboy	23
cowhide	leather	22
cowshed	barn for cows	20
coxswain	cox	22
coyote	wolf	34
cozy	comfortable	36
crabby	annoyed and irritable	25
crabgrass	grass	19
cracked	rough	40
crackers	nuts	34
crackpot	crank	26
craftsmanship	skill in an occupation	31
crafty	skill in deception	32
crag	steep rugged rock	26
craggy	rough	25
crake	rail	20
cramped	constricted in size	33
cranberry	bush	32
craniotomy	operation	20
cranium	bone	26
crank	bad-tempered person	36
crankshaft	shaft	28
cranky	unstable	32
cranny	chap	24
crapper	pot	21
crappy	shitty	35
crapshoot	risk	19
crashing	fucking	38
crate	rugged box	35
crave	have a craving	35
craved	desired	29
crawl	move slowly	38
craze	cult	34
crazed	insane	31
creak	make a high-pitched	25
creaky	worn	24
creamer	pitcher	27
crease	make wrinkles	33
creature	animal	42
creche	hospital	22
credence	acceptance	31
credential	certificate	28
credentials	certificate	37
credenza	kind of sideboard	19
credibly	probably	26
creditable	worthy	25
credo	creed	28
creep	move slowly	38
cremate	reduce to ashes	21
crepuscular	dark	19
crest	summit	36
crested	decorated	29
crestfallen	brought low in spirit	22
cretin	idiot	24
crevasse	deep fissure	24
crevice	chap	26
crewman	sailor	26
crick	rick	28
crier	person who weeps	24
criminalise	declare illegal	20
criminology	sociology	30
crimson	red	36
cringe	draw back	35
cringing	totally submissive	27
crinoline	skirt	19
cripple	deprive of strength	32
crippled	disabled in the feet	35
crisp	sharp	37
crisply	sharply	22
crispy	tender and brittle	34
crisscross	cross in a pattern	23
criterion	standard	35
criticise	find fault with	32
criticize	find fault with	36
croak	die	24
crochet	create by looping	32
cronk	utter a hoarse sound	22
crony	buddy	27
crook	criminal	34
crooked	bends or angles	36
croon	sing softly	22
crossbench	seat	19
crossbow	bow	30
crosscut	diagonal path	19
crosshairs	center of interest	27
crossroad	intersection	25
crossways	across	19
crosswind	wind	22
crossword	puzzle	31
croton	bush	25
crowbar	lever	27
crowfoot	herb	18
crowning	ultimate	31
cruciate	shaped like a cross	26
crucifix	cross	30
crucifixion	execution	31
cruciform	shaped like a cross	22
cruddy	obscenity	20
cruelly	excessively	30
cruelty	abuse	38
cruiser	car	35
crumb	bum	30
crumble	fall apart	33
crumple	fall apart	23
crumpled	damaged	29
crusade	campaign	36
cruse	small jar	22
crusted	covered	26
crusty	covered	30
crutch	staff	29
cryogenics	physics	20
cryptic	mysterious	32
cryptography	coding	29
crystalline	consisting of	32
crystallography	physics	26
cubby	small secluded room	26
cubic	three dimensions	37
cubical	shaped like a cube	20
cuckold	wander	28
cuckoo	goose	31
cudgel	club	23
cuisine	cooking	38
culmination	final climactic stage	33
culpability	state of guilt	28
culpable	guilty	29
cultivable	productive	20
cultivate	foster the growth of	34
cultured	polite	33
culvert	drain	26
cumber	hold back	19
cumbersome	difficult to handle	32
cumin	herb	30
cumulus	globular cloud	26
cupboard	closet	34
cupola	furnace	27
cuppa	cup of tea	27
curacy	position of a curate	19
curate	minister	30
curative	remedy	27
curbside	pavement	24
curdle	turn into curds	20
cured	recovered	37
curly	curls or waves	36
curse	utter obscenities	41
cursory	careless	29
curtail	restrict	30
curtailment	suppression	22
curtsey	bending the knees	20
curtsy	bending the knees	20
curvaceous	stacked	23
curvature	curving or bending	32
curvy	curves	32
cushion	protect from impact	36
cushioned	soft	26
cushy	easy	27
cuss	fellow	28
custodial	protective	31
custodian	keeper	31
customary	conventional	35
customise	make to specifications	24
customize	make to specifications	33
customs	duty	42
cutback	reduction in quantity	24
cutlass	brand	26
cutlery	cutting implement	30
cutout	switch	29
cutter	someone who cuts	37
cybercrime	crime	27
cybernetics	ip	26
cyberpunk	hacker	28
cyberspace	internet	30
cyberwar	terrorism	19
cyclamen	flower	21
cyclical	alternate	32
cyclone	atmosphere	35
cyclopaedia	reference	19
cyclopedia	reference	21
cyclops	giant	31
cygnet	young swan	20
cylindrical	rounded	33
cypher	zero	28
cyril	Greek missionary	34
cytogenetics	genetics	19
cytology	biology	22
czar	male monarch	30
dabble	dip a foot	27
dabbled	covered	27
dacha	Russian country house	22
dada	dad	31
daemon	devil	28
daft	nuts	34
dagger	knife	35
dago	guinea	20
dahl	bush	31
dahlia	several plants of	29
daimon	devil	22
dainty	refined	31
daiquiri	cocktail	23
dairying	agriculture	21
dais	podium	26
daisy	flower	38
dale	open river valley	40
dalliance	flirting	22
dally	behave carelessly	28
dama	fallow deer	23
damaging	causing harm or injury	39
dame	lady	40
damnable	cursed	22
damnation	act of damning	30
damp	wet	36
dampen	smother or suppress	28
dampness	slight wetness	25
damsel	young unmarried woman	29
danceable	suitable for dancing	22
dandelion	herb	29
dandy	dude	32
dangle	hang freely	29
dank	wet	33
daphne	bush	33
dapper	fashionable	29
dapple	patch	19
darkened	old	31
darkish	slightly dark	18
darkly	without light	30
darling	favorite	41
darn	repair by sewing	36
darned	goddamn	26
dartboard	circular board of wood	20
darwinian	advocate of Darwinism	27
dashed	gaps or spaces	33
dashing	lively and spirited	33
dastardly	despicably cowardly	26
dateless	infinite	18
datura	thorn apple	22
dauber	unskilled painter	19
daunt	scare	20
daunted	bothered	24
dauntless	brave	27
davit	crane	19
dawdle	take one's time	20
dawn	first light of day	43
daybreak	dawn	30
daylong	long	20
daze	shock	29
dazed	stupid	31
dazzled	blind	28
dazzling	impressive	34
deactivation	release	26
deadeye	dead shot	18
deadwood	branch	27
deafening	loud	30
dealership	franchise	34
dealings	relations	35
deanery	residence	22
dearest	honey	34
dearie	favorite	24
dearth	shortage	29
deary	favorite	21
deathless	immortal	22
deathly	dead	29
debar	bar temporarily	20
debase	corrupt morally	21
debased	mixed with impurities	24
debasement	degradation	21
debatable	problematic	31
debilitated	weak	22
debonair	refined	23
debridement	operation	21
debugger	program	25
decadence	degradation	29
decamp	leave a camp	22
decant	pour out	22
decanter	bottle with a stopper	25
decapitate	cut the head of	24
decapitation	execution	26
decayed	rotten	28
decease	death	21
deceased	gone	40
decedent	departed	23
deceitful	fraudulent	30
deceive	be false to	34
decelerate	lose velocity	23
deceleration	slowing	27
decently	properly	29
decentralisation	spread	24
decentralize	make less central	22
deception	misleading falsehood	36
deceptive	misleading	33
deceptively	misleading way	28
decibel	db	26
decidedly	definitely	34
decile	mark	20
decimation	destruction	24
decisively	with firmness	31
declamation	vehement oratory	19
declarer	contractor	21
declassification	reduction	23
decontaminate	rid of contamination	20
decontamination	removal	28
decoration	medal	38
decorator	designer	30
decorous	becoming	20
decouple	disconnect or separate	21
decoy	bait	30
decreased	reduced	40
decreasing	falling	37
decreed	prescribed	31
decrepit	worn	28
decriminalize	make legal	23
decry	condemn	26
dedicate	commit	35
deduct	make a subtraction	31
deed	act	38
deem	keep in mind	33
deepen	compound	32
deerskin	leather	19
defacement	hurt	19
defamatory	harmful	29
defame	charge falsely	25
defecate	have a bowel movement	24
defection	withdrawing support	29
defenceless	vulnerable	28
defenseless	vulnerable	30
defer	bow	32
deferential	respectful	24
deferral	state of abeyance	26
deficiency	lack	36
deficient	wanting	33
defile	narrow pass	26
defiled	morally blemished	26
defilement	pollution	21
definite	decided	38
definitive	classic	38
deflated	brought low in spirit	29
deflationary	associated with	24
deflect	avoid	32
deflection	twist or aberration	32
defoliation	loss of foliage	18
deforest	remove the trees from	21
deform	make formless	25
deformation	change for the worse	32
defraud	scam	28
defray	bear the expenses of	24
deftly	with dexterity	28
defunct	no longer in force	33
defy	resist	34
degas	remove gas from	27
degeneracy	degradation	26
degenerative	chronic	30
degrading	harmful to the mind	34
dehumanization	degradation	23
dehydrated	dried	33
deify	consider as a god	18
deity	god	36
delectable	delicious	27
delectation	delight	18
deleterious	harmful	27
deli	store	34
deliberate	intended	38
deliberately	with intention	40
deliberation	weighing	31
deliciousness	extreme appetizingness	25
delight	pleasure	40
delighted	greatly pleased	41
delimit	define	20
delimitation	border	24
delimited	finite	25
delineate	show the form	26
delineated	represented	27
delinquent	young offender	31
delirious	sick	30
delirium	fury	30
deliverance	saving	31
dell	small wooded hollow	37
delphinium	flower	19
delude	be false to	25
deluge	flood	30
delusional	suffering from	35
delve	dig	31
demagogic	characteristic of	18
demarcate	separate clearly	20
demean	disgrace	26
demeanor	behaviour	32
demeanour	behaviour	27
demented	crazy	30
demesne	estate	23
demigod	superman	24
demiurge	subordinate deity	21
demo	show	41
demodulation	reception	19
demodulator	detector	19
demography	sociology	28
demolish	destroy completely	32
demolished	destroyed	35
demolition	destruction	36
demonetisation	ending	21
demonetization	ending	20
demonstrate	show	42
demonstration	show or display	41
demoralised	discouraged	22
demoralization	degradation	19
demoralize	corrupt morally	22
demoralized	discouraged	26
denatured	changed	23
denigrating	harmful	24
denigration	belittling comment	22
denim	jean	35
denominator	divisor of a fraction	31
denotation	indication	19
denounce	speak out against	32
densification	compression	19
dent	make a depression into	37
dented	damaged	28
dentistry	medicine	34
dentition	teeth	24
depart	vary	37
departure	going	42
depend	be contingent upon	42
dependability	reliability	26
dependable	reliable	32
dependency	addiction	35
depict	show in	34
depicted	represented	38
deplete	exhaust	26
depleted	no longer sufficient	34
depletion	reduction	31
deplorable	sorry	32
deploy	place troops	37
depolarization	loss of polarity	22
deport	behave	32
deportment	behaviour	21
depose	force to leave	27
deposit	put, fix, force,	42
depot	storage	40
depraved	corrupt	30
depravity	moral perversion	29
deprecating	tending to diminish	28
deprecation	prayer to avert	24
depreciate	belittle	25
depreciating	decreasing	24
depreciation	decrease in price	34
depressed	low	41
deputation	delegation	24
depute	delegate	22
deranged	insane	32
derby	hat	41
derelict	person without a home	31
derision	contemptuous laughter	28
derisive	disrespectful	24
derive	reason by deduction	35
dermatologist	specialist	31
dermatology	medicine	29
derriere	seat	22
derringer	pistol	21
dervish	ascetic Muslim monk	24
desalination	removal of salt	28
descend	fall	35
descending	dropping	35
descent	movement downward	39
descriptor	form	28
desecrated	violated	26
desecration	blasphemous behavior	27
desegregate	mix	20
desegregation	integration	28
deserted	abandoned	36
desertion	withdrawing support	28
deserving	worth	36
desiccated	thoroughly dried out	24
designate	assign a name	34
designation	identifying word	38
desirable	preferred	38
desirous	jealous	25
desist	refrain	30
desktop	top of a desk	39
desolate	providing no shelter	32
despairing	hopeless	26
despatch	dispatch	27
desperado	bold outlaw	24
desperately	with great urgency	40
despicable	morally reprehensible	35
despised	hated	32
despoiled	raped	18
despondent	hopeless	27
despotic	belonging to	26
despotism	dictatorship	25
destabilise	become unstable	22
destabilize	become unstable	28
destination	goal	42
destitution	state without friends	24
desultory	lack of definite plan	21
detached	separated	38
detain	deprive of freedom	32
detainee	some held in custody	28
detainment	custody	24
detect	find	40
detectable	noticeable	30
detected	heard	41
detent	stop	21
detente	easing of tensions	22
deter	try to prevent	35
determinate	fixed	23
determination	finding	42
deterministic	settled	29
detest	hate	29
detestable	offensive to the mind	25
detested	hated	26
detonate	explode	30
detonation	explosion	31
detour	roundabout road	32
detox	hospital ward	33
detoxification	treatment	26
detoxify	remove poison from	21
detractor	one who disparages	19
detriment	damage or loss	33
detrimental	causing harm or injury	36
detritus	dust	27
deuce	tie in tennis	29
devalue	remove the value from	26
devalued	low	28
devastating	making light of	38
deviant	abnormal	30
deviate	turn aside	31
deviation	difference	34
devote	commit	35
devotee	lover	29
devour	destroy completely	32
devouring	greedy	29
devout	deeply religious	33
dewberry	blackberry	19
dewy	wet	26
dextrose	glucose	23
dhal	bush	18
diabolically	as a devil	18
diagnosis	identifying the nature	42
diagnostics	medicine	32
diagrammatic	represented	19
dialectal	belonging to	21
dialectic	philosophy	27
dialectics	principle	23
dianthus	carnations and pinks	18
diaphanous	transparent	20
diarist	journalist	22
diary	journal	41
dibs	claim of rights	28
dicey	dangerous	27
dichotomous	divided	23
dichotomy	twofold	31
dickhead	asshole	32
dictate	issue commands	36
dictated	settled	34
dictation	command	27
didactic	instructive	27
diddle	scam	24
diddley	jack	21
diddly	jack	23
dielectric	material such as glass	30
dieter	person who diets	30
differentiation	distinction	35
differently	otherwise	42
diffident	modest reserve	21
diffuse	move outward	33
diffused	distributed	27
digger	laborer who digs	32
diggings	excavation for ore	22
digit	finger	38
digitisation	conversion	22
digitization	conversion	25
dignitary	vip	23
digraph	two successive letters	19
digress	lose clarity	28
dike	dam	28
dilapidated	damaged	30
dilate	become wider	24
dilatory	slow	18
dilemma	state of uncertainty	37
dill	herb	31
diluent	diluting agent	21
dilute	lessen the strength	32
diluted	reduced in strength	35
dime	coin	37
diminish	decrease	35
diminutive	tiny	31
dine	have supper	35
diner	person eating a meal	35
dinero	bread	24
ding	ringing sound	36
dingdong	dong	19
dingle	dell	26
dingy	dirty	28
dinka	Nilotic language	27
dinky	small locomotive	26
diode	tube	31
diplodocus	dinosaur	19
diplomate	specialist	20
dipstick	gauge	23
dire	terrible	37
directing	way by conducting	39
directionless	aimlessly drifting	21
directorate	board	34
directory	reference	39
disablement	handicap	19
disabling	that cripples	32
disabuse	free somebody	20
disagreeable	stressful	27
disallow	forbid	26
disappear	get lost	41
disapprove	consider bad or wrong	31
disarmament	act of reducing	32
disarray	confusion	30
disassociate	divorce	24
disavow	refuse to acknowledge	26
disbelieve	reject as false	25
disbelieving	skeptical	23
disbursement	expense	27
disc	record	41
discard	throw or cast away	34
discarded	thrown away	36
discern	distinguish	32
discernment	understanding	28
discharged	fired	38
discipline	branch of knowledge	42
disciplined	controlled	35
disclaim	renounce a legal claim	24
disclose	reveal	38
disclosed	made known	38
disco	popular dance music	38
discombobulated	self-possession upset	21
disconcerted	self-possession upset	20
disconnection	gulf	27
disconsolate	sad beyond comforting	21
discontented	restless	25
discontinuance	ending	21
discontinuation	ending	26
discontinue	stop	31
discontinued	stopped permanently	36
discontinuity	lack of connection	25
discord	lack of agreement	34
discourage	try to prevent	36
discouraging	frustrating	32
discourteous	no courtesy	21
discourtesy	disrespect	18
discredited	damaged	32
discretion	freedom to act	39
discretionary	arbitrary	33
discriminating	selective	31
discursive	logical	25
disdainful	insulting	24
diseased	unhealthy	31
disembark	go ashore	27
disenchanted	freed from enchantment	27
disengagement	separation	27
disentangled	straightened out	18
disfavor	dislike	21
disfigured	ugly	29
disgorgement	vomiting	18
disgrace	shame	37
disgraced	ashamed	32
disgraceful	shocking	33
disgusting	highly offensive	42
disharmony	lack of harmony	23
disheartened	discouraged	28
dished	shaped like a dish	26
dishonor	disgrace	29
dishonorable	lacking honor	27
dishonored	ashamed	27
dishonour	disgrace	27
dishonourable	lacking honor	22
dishwashing	act of washing dishes	23
disillusioned	freed from illusion	32
disinfect	destroy microorganisms	26
disingenuous	twisted	30
disintegrate	break into parts	29
disintegration	decomposed state	30
disinterest	neutrality	26
disinvestment	withdrawal	21
disjoint	divorce	25
disjointed	confused	29
diskette	disc	20
disliked	regarded with aversion	34
dislocate	move out of position	22
dislocated	injured	30
dislocation	breakdown	29
dislodge	shift	28
dismal	depressing	33
dismantled	destroyed	33
dismay	alarm	33
dismayed	shocked	30
dismaying	causing consternation	18
dismemberment	removal of limbs	26
dismiss	ignore	38
dismissed	lost your job	42
dismount	alight from	26
disobedience	failure to obey	33
disordered	confused	30
disorganised	chaotic	24
disorganized	chaotic	30
disorientation	wild delusion	27
disoriented	lost	29
disorienting	confusing	25
disparate	different	33
dispel	force to go away	31
dispensary	clinic	31
dispensation	license	28
dispense	distribute	31
dispensed	distributed	30
dispersal	spread	31
disperse	distribute loosely	33
dispersed	distributed	35
dispersion	spreading widely	32
dispersive	spreading by diffusion	23
dispirited	low spirits	22
displace	cause to move	30
displacement	replacement	36
displeased	offended	30
disposal	power to use something	40
dispose	give, sell,	35
disposed	prepared	36
disposition	your usual mood	35
dispossessed	unfortunate	28
disproportion	lack of proportion	19
disproportional	out of proportion	18
disproportionate	out of proportion	33
disproportionately	out of proportion	33
disprove	prove to be false	29
disputation	debate	21
dispute	challenge	43
disquieting	uncomfortable	23
disregard	ignore	37
disregarded	forgotten	31
disregarding	regardless	30
disreputable	notorious	25
disrobe	get undressed	20
disrupt	make a break in	36
disrupted	breaks or gaps	34
disruption	act of delaying	37
diss	insult	31
dissect	analyze	29
dissection	cut	30
dissemble	pretend	19
dissemination	spreading	33
dissension	disagreement	26
dissidence	disagreement	20
dissimulation	deception	18
dissipated	betting	31
dissociate	divorce	25
dissociation	separation	28
dissolve	become weaker	35
dissonance	disagreement	30
distally	far from the center	22
distant	separated in space	42
distasteful	disgusting	30
distension	expansion	19
distil	undergo condensation	20
distill	remove impurities from	25
distinct	different	43
distinctive	typical	40
distinctiveness	specialty	24
distinctly	clear to the mind	35
distinguish	mark as different	39
distinguished	important	42
distort	warp	31
distortion	change for the worse	36
distraction	mental turmoil	38
distressing	sorry	32
distressingly	unpleasantly	20
distribute	administer or bestow	38
distrust	suspect	34
distrustful	suspicious	26
disturb	move deeply	36
disturbed	worried	38
disturbing	causing distress	40
disunion	separation	18
disunited	divided	20
disunity	lack of unity	24
disused	obsolete	29
dita	tree	24
ditty	short simple song	26
divan	long backless sofa	25
dive	club	41
diverge	move or draw apart	28
divergence	separation	32
divergent	different	34
divers	different	36
diverse	different	42
diversified	variety of character	34
diversion	recreation	35
divert	turn aside	34
diverted	pleased	35
diverting	amusing	31
divide	split	41
dividend	net	38
divination	prophecy	29
divine	emanating from God	42
divinity	god	34
divisible	capable of being	27
divisive	dissenting	33
divulge	reveal	29
divvy	short for dividend	22
dizziness	reeling sensation	31
dizzy	sick	34
doable	possible	30
docile	willing to be taught	29
doctrine	philosophy	40
documented	furnished with	40
doddle	easy task	20
dodger	fox	33
dodgy	dangerous	33
dodo	fossil	29
doer	actor	26
doff	remove	21
dogged	stubborn	30
doggie	dog	30
dogging	continuous	27
doggo	quietly in concealment	29
doggy	dog	33
dogshit	bullshit	23
doily	linen	21
doings	behavior	28
dolce	gently and sweetly	31
doldrums	state of inactivity	24
dole	share of money	33
doleful	sad	19
dollop	small measure	26
dolman	jacket	20
dolor	painful grief	22
domed	rounded	28
domicile	home	28
dominant	exercising influence	42
dominate	be larger in number	39
domine	clergyman	23
domineering	bullying	27
dominick	chicken	27
dominion	district	37
dominique	chicken	32
dominus	clergyman	26
dona	Spanish courtesy title	29
donate	give to a charity	40
donee	recipient of funds	20
donna	Italian woman of rank	38
doob	grass	20
doodle	aimless drawing	33
doomed	dead	38
doorbell	bell	30
doorman	porter	28
doorstep	sill of a door	35
doorstop	stop	22
doped	treated	29
dopey	foolish	27
dormancy	sleeping	25
dormant	asleep	34
dormer	window	27
dorsal	belonging to	34
dosage	dose	35
dotard	oldster in his dotage	18
doting	fond	25
dotted	pattern of dots	34
dotty	nuts	25
doubled	multiple	39
doublet	jacket	23
doubletree	crossbar on a wagon	21
doubly	twice	32
doubting	questioning	33
doubtless	undoubtedly	31
doubtlessly	undoubtedly	21
dough	bread	39
doughnut	halo	32
doughy	heavy	22
dour	stubborn	26
douse	put out	26
dovecote	birdhouse for pigeons	18
dovetail	fit together tightly	24
dovish	peaceful	19
dowel	fixing	24
downcast	directed downward	24
downdraft	draft	20
downgrade	rate lower	32
downplay	minimize	29
downpour	heavy rain	28
downright	thoroughgoing	34
downriver	away from the source	25
downside	side	35
downsize	dismiss from work	26
downslope	downward slope or bend	19
downstage	stage	19
downstairs	on a floor below	37
downstream	away from the source	36
downswing	swing	20
downtrodden	unfortunate	27
downturn	worsening of business	32
downwind	with the wind	27
downy	soft	26
doze	sleep lightly	26
dozens	lots	41
dozer	large powerful tractor	24
dozy	asleep	20
drab	dull	30
drain	flow off gradually	41
draining	debilitating effect	36
drainpipe	pipe	20
dramatics	theatre	25
dramatisation	writing	19
dramatization	writing	24
dramaturgy	theatre	20
draped	wrapped	32
drapery	curtain	26
drawers	shorts	34
dreaded	terrible	34
dreadful	terrible	37
dreamed	conceived of	38
dreary	dull	31
dredger	lighter	20
drenched	covered	32
dresser	bureau	34
dressmaker	someone who makes	25
drey	nest of a squirrel	18
dribble	run or flow slowly	31
drill	make a hole	41
drilled	trained	35
drinkable	beverage	26
drip	fall in drops	36
drippy	wet	21
drivel	garbage	27
driveshaft	shaft	22
drizzle	very light rain	32
drizzly	wet	22
drogue	sock	20
droll	humorous	26
dromedary	camel	21
drooping	tired	26
droopy	hanging down	25
dropkick	kick	24
droplet	tiny drop	27
drought	shortage of rainfall	39
drover	hand	22
drown	cover completely	37
drowsiness	very sleepy state	27
drowsy	asleep	28
drudge	hack	26
drugged	drunk	32
drugstore	pharmacy	31
drumhead	summary	19
drunkard	chronic drinker	27
drunken	given to	37
dryas	mountain avens	19
dual	multiple	43
duality	twofold	31
dubious	uncertain	35
ducat	coin	20
duce	leader	25
duchess	wife of a duke	38
ducky	favorite	27
duct	canal	36
ductile	easily influenced	24
duds	threads	27
duet	pair	34
dulcet	pleasant	21
dull	lacking in liveliness	39
dully	without liveliness	19
duly	at the proper time	34
dumbass	stupid person	36
dumbbell	exercising weight	26
dumbfounded	surprised	28
dumbstruck	surprised	22
dumdum	bullet	19
dump	throw away as refuse	41
dumper	truck	22
dumpling	small balls	27
dumplings	small balls	30
dunce	stupid person	25
dunk	dip	35
duomo	cathedral	24
dupe	fool or hoax	28
duplicate	repeat	36
durable	long	37
durance	imprisonment	19
duress	compulsory force	30
durum	wheat	21
dusk	hour	34
dusky	dark	28
dusty	covered	37
duvet	comfort	30
dweeb	nerd	24
dwell	think moodily	36
dwindling	decreasing	31
dyad	pair	23
dyed	artificial	34
dyke	dam	34
dynamical	driving	29
dynamism	various theories	28
dynamo	generator	32
dysfunctional	impaired in function	34
dysphoric	unhappy	19
dysplasia	abnormal development 	27
eager	keen interest	40
eared	worn	28
earful	outpouring of gossip	23
earliest	more early than	41
earmark	trademark	22
earnest	serious	37
earnestly	seriously	29
earnings	income	43
earthbound	pedestrian	25
earthwork	wall	23
earthy	crude	30
earwig	insect	21
eased	relieved	32
easement	privilege	28
eastbound	moving toward the east	30
easterly	wind from the east	30
easternmost	farthest to the east	24
eastward	moving toward the east	32
eastwards	toward the east	27
eatable	edible	18
eatery	restaurant	28
ebitda	income	28
ebonics	american	20
ebony	very dark black	33
ebullient	joyously unrestrained	22
echo	say again or imitate	40
echt	genuine	18
eclair	oblong cream puff	22
economical	efficient	36
economize	husband	20
ecotourism	tourism	24
ecru	very light brown	18
ecstatic	feeling great rapture	34
ecumenical	universal	30
eden	heaven	38
edgy	tense state	34
edict	decree	31
edifice	building	29
edify	make understand	20
educate	train	39
eerie	supernatural	33
eery	strange	18
effected	established	33
effectuate	produce	19
efferent	nerve	22
efficacious	effective	26
efflorescence	peak	18
efflux	process of flowing out	23
effusive	lively	24
egghead	intellectual	22
eggnog	punch	24
eglantine	rose	18
egoistic	limited to	22
egotism	ego	23
egotistic	selfish	20
egotistical	selfish	28
egregious	crying	31
egress	emergence	27
eigenvalue	value	24
eightfold	multiple	22
eighty	ten more than seventy	38
eira	genus of Mustelidae	18
eisteddfod	festival	22
ejaculate	utter impulsively	26
ejection	act of expelling	31
ejector	person who ousts	25
elaborated	detailed	32
elaboration	expansion	28
elapse	pass by	20
elapsed	passed or slipped by	30
elderly	older	42
eldest	first	37
eldritch	weird	23
elector	voter	30
electrician	person who installs	33
electrifying	thrilling	29
electrochemistry	chemistry	22
electrocution	execution	26
electromagnetic	pertaining to	36
electromagnetics	physics	20
electromotive	concerned with	18
electronegativity	tendency of an atom	19
electrostatic	static	29
elegy	mournful poem	27
elephant	five-toed pachyderm	41
elephantine	big	20
elevate	promote	34
elevated	raised	40
elevation	raising	39
eleven	one more than ten	41
elfin	supernatural	23
elicit	call forth	31
elicited	induced	29
eligible	qualified for	43
eliminate	terminate, end,	42
elimination	act of removing	39
elision	exception	19
ellipse	oval	27
ellipsoidal	rounded	20
elliptic	oval	29
elliptical	oval	32
elucidate	clarify	27
elusive	difficult to describe	35
elvis	acid	38
elysian	inspired	25
emanate	proceed or issue forth	25
emanation	emission	22
emancipate	give equal rights to	22
emancipated	free	27
emasculate	deprive of strength	20
emasculated	testicles removed	24
embalm	preserve a dead body	18
embark	go on board	34
embarkation	boarding	25
embarrassing	hard	42
embattled	prepared	28
embellish	add details to	26
ember	coal	30
embezzled	illegal	26
embezzlement	stealing	30
emblem	special design	36
emblematic	symbolic	29
embodied	corporate	33
embolden	give encouragement to	23
emboldened	bold	28
embossed	raised	29
embrace	include in scope	42
embroiled	involved	30
embryology	biology	25
emerge	come out into view	39
emergent	sudden	32
emerging	coming to maturity	42
emeritus	old	32
emesis	vomiting	19
emigration	migration from a place	32
emilia	tropical African herbs	32
eminence	distinction	32
emir	independent ruler	30
emission	act of emitting	37
emit	expel	32
emmer	wheat	20
emmet	ant	29
emolument	compensation	18
emote	give expression	25
emotion	any strong feeling	42
emotionless	unmoved by feeling	27
empathise	be understanding of	24
empathize	be understanding of	28
emphasis	special importance	42
emphasise	give extra weight to	31
emphatically	definitely	31
emplacement	location	24
employ	use	40
emporium	outlet	29
empower	invest	35
empowered	authorized	36
empress	woman emperor	34
emptor	buyer	21
empyrean	heavens	20
enabling	providing legal power	39
enactment	act	32
enamored	loving	28
encampment	camp	30
encapsulate	enclose in a capsule	25
encase	enclose in	21
encephalopathy	any disorder	27
enchant	hold spellbound	26
enchanter	sorcerer or magician	22
enchanting	fascinating	32
enchantment	spell	30
enchantress	witch	26
encircle	form a circle around	26
encircled	surrounded	29
encircling	peripheral	27
enclosed	included	37
encompass	embrace	33
encompassing	wide	34
encore	performance	34
encounter	meet	43
encouraging	giving courage	41
encroachment	invasion	29
encrusted	covered	28
encumbrance	burden	22
encyclopaedia	reference	28
encyclopaedic	comprehensive	21
encyclopedia	reference	35
encyclopedic	comprehensive	26
endanger	threaten	32
endangerment	hazard	27
endearing	lovely	31
endeavor	enterprise	36
endeavour	enterprise	34
endemic	disease	34
endive	herb	20
endless	long	42
endlessly	continuously	35
endocrine	hormone	31
endocrinologist	specialist	24
endocrinology	medicine	28
endorse	be behind	36
endorsement	promotional statement	38
endoscopy	examination	27
endow	invest	24
endowment	gift	35
endpoint	termination	29
endurance	survival	37
endure	put up with something	38
enduring	permanent	37
enema	irrigation	28
energising	dynamic	20
engender	breed	26
engorged	full	23
engrave	carve, cut,	24
engross	devote  fully to	18
engrossed	wrapped	28
engrossing	fascinating	27
engulf	devote  fully to	27
enhance	increase	40
enhanced	increased	41
enhancement	improvement	36
enhancer	foil	28
enigma	mystery	32
enjoin	issue an injunction	22
enjoyable	affording satisfaction	39
enlarge	make larger	32
enlargement	expansion	32
enlighten	make understand	32
enlightened	educated	35
enlightening	informative	31
enlist	join the military	34
enliven	inspire	24
enmity	hostility	30
enormous	big	42
enormously	extremely	34
enquire	ask	29
enquiry	question	34
enrage	put into a rage	24
enraged	furious	33
enraptured	feeling great rapture	23
enrichment	improvement	35
enrol	recruit	27
enrolment	registration	31
enshrine	shrine	22
enslave	make a slave of	28
ensue	issue or terminate	29
entail	mean	32
entangle	entrap	22
entangled	involved	32
entanglement	web	29
entertained	pleased	36
entertaining	interesting	41
enthralled	delighted	28
enthralling	fascinating	27
enthusiasm	feeling of excitement	40
entice	lure	32
enticement	temptation	22
enticing	tempting	31
entitle	give the right to	27
entitlement	right granted by law	36
entombment	burial	19
entranced	delighted	26
entrancing	fascinating	22
entrant	freshman	29
entreat	ask for	23
entreaty	appeal	19
entree	access	28
entrench	fix firmly or securely	23
entrenched	dug in	33
entrust	confer a trust upon	29
entwine	knit	19
enumerate	specify individually	24
enumeration	numbered list	26
enunciate	pronounce	22
envelopment	enclosure	19
enviable	desirable	29
envious	jealous	32
enviously	with jealousy	19
environ	surround	22
envisage	imagine	27
envision	fancy	32
envy	feel envious towards	38
ephedra	bush	20
ephemera	something transitory	25
ephemeral	temporary	30
ephemeris	annual	21
epidemiology	medicine	33
epigram	witty saying	22
epigraph	quote	22
epiphany	divine manifestation	32
episodic	divided	30
epistemology	philosophy	29
epistle	specially long	29
epitome	prototype	33
epoch	era	32
epochal	significant	21
epos	epic	20
epoxy	thermosetting resin	31
equalise	compensate	23
equalize	compensate	26
equatorial	scope	32
equidistant	equal	24
equitation	riding	19
equivalence	equality	32
eradicate	kill in large numbers	33
erase	remove from memory	37
erbium	er	19
erect	construct, build,	35
ergodic	random	23
ermine	fur	25
eroded	worn	33
erogenous	sensitive	22
erosion	wearing	36
erosive	destructive	20
erotic	giving sexual pleasure	37
erotica	porn	30
errand	trip	30
erroneous	wrong	32
ersatz	artificial	23
erst	formerly	18
erstwhile	former	29
erudite	learned	28
erudition	learning	24
erupt	start abruptly	30
escalade	scaling	25
escalate	increase in extent	34
escalation	increase	33
escapade	adventure	25
escaped	free	42
escargot	snail	21
escarpment	long steep slope	26
especial	exceptional	27
esplanade	mall	28
espouse	adopt	27
esprit	liveliness of mind	28
espy	spy	23
esteem	respect	39
esteemed	honored	33
esthetic	aesthetic	24
esthetics	philosophy	22
estimable	deserving of respect	22
estimate	judge tentatively	43
estimator	computer	28
estranged	caused to be unloved	32
etched	carved	33
eternal	continuing forever	41
eternally	forever	33
eternity	time without end	38
ethernet	lan	33
ethic	principle	35
ethnical	cultural	19
ethnography	anthropology	28
ethnology	anthropology	26
etiology	cause of a disease	26
etymology	history of a word	29
eucalypt	gum	19
eugenic	pertaining to	21
eukaryotic	cells with `good'	27
europium	eu	20
euthanasia	kill	32
evacuation	removal	37
evaluate	judge	40
evaluation	act of ascertaining	42
evanescent	temporary	22
evangel	gospel	20
evangelize	preach the gospel	23
evenhanded	without partiality	18
evenly	equally	36
evenness	parity of even numbers	19
eventual	ultimate	37
everlasting	eternal	34
evermore	at any future time	27
everyman	ordinary person	28
evidenced	proved	34
evident	obvious	40
evidential	significant	23
evidentiary	pertaining to	26
evidently	apparently	36
evince	express	20
evisceration	operation	20
evocative	reminiscent	30
evoke	call forth	33
evoked	induced	31
evolve	develop	38
ewer	pitcher	19
exacerbate	make worse	29
exacerbating	making worse	26
exacta	bet	18
exaggerate	enlarge beyond bounds	32
exalt	praise, glorify,	26
exalted	elevated	32
exalting	inspiring	20
exam	set of questions	43
examiner	inspector	35
exasperated	greatly annoyed	29
excavation	digging	35
exceed	be greater in scope	39
exceeding	extraordinary	36
exceedingly	extremely	34
excel	distinguish oneself	37
excellently	extremely well	28
excessive	beyond normal limits	41
excessively	too	34
exchanged	changed	37
exchequer	treasury	32
excise	remove by erasing	33
excitation	inflammation	30
exclaim	utter aloud	28
exclude	except	38
exclusively	only	42
excommunicate	exclude from a church	22
excommunication	exclusion	27
excretion	elimination	27
excruciating	painful	31
exculpatory	clearing of guilt	22
excursion	journey	33
excused	exempt	33
executable	viable	28
executed	dead	43
exemplary	worthy	34
exemplify	be characteristic of	27
exempt	freed from	38
exemption	freedom	36
exert	put to use	34
exertion	effort	29
exfoliation	peeling off in flakes	24
exhale	expel air	31
exhaust	wear out completely	38
exhausted	spent	41
exhausting	debilitating effect	36
exhaustion	extreme fatigue	35
exhaustive	thorough	33
exhaustively	thoroughly	24
exhibit	show an attribute	42
exhilarated	made joyful	24
exhilaration	excitement	26
exhort	press	22
exhume	dig up for reburial	22
exigency	emergency	18
exigent	crying	22
exile	expel from a country	38
existent	real	35
exmoor	horned sheep of Devon	24
exon	dna	26
exonerated	cleared	29
exorbitant	steep	30
expanded	increased in extent	43
expanse	wide scope	32
expansive	grand	34
expat	exile	30
expatriate	exile	29
expectant	hopeful	30
expeditious	efficient	23
expeditiously	efficiently	25
expel	force to leave	33
expend	use up, consume fully	29
expenditure	spending	37
experimentation	testing of an idea	35
expiation	damages	21
expiration	going	35
expire	lose validity	35
expired	come to an end	38
expiry	termination	30
expletive	oath	25
explicit	expressed	40
exploitation	using	38
exploited	used	37
exploiter	user	20
explorative	preliminary	18
exploratory	preliminary	32
explosively	suddenly and rapidly	25
expo	exhibition	36
exposition	exhibition	36
expositor	person who explains	19
expository	serving to expound	25
expound	add details	25
expressway	pike	31
expropriate	deprive of possessions	21
expunge	remove by erasing	23
exquisite	keen	36
extant	surviving	32
extensively	widespread way	39
extenuating	partially excusing	26
exterminate	kill en masse	29
exterminated	destroyed	28
extermination	complete annihilation	31
extern	nonresident doctor	19
extinct	no longer in existence	37
extinction	no longer active	38
extinguish	put an end to	30
extinguished	destroyed	32
extirpation	operation	19
extol	praise, glorify,	23
extortion	exorbitant charge	33
extortionate	steep	23
extraction	origin	38
extracurricular	outside	30
extradition	surrender	33
extrajudicial	illegal	27
extralegal	illegal	19
extramarital	adultery	27
extraneous	irrelevant	28
extraordinarily	extremely	34
extrapolation	calculation	26
extravagant	excessive	34
extremist	radical	35
extrinsic	alien	26
extroverted	forthcoming	24
extrusion	swelling	28
exuberance	joyful enthusiasm	28
exuberant	joyously unrestrained	30
exude	release  in drops	25
exult	feel extreme happiness	18
exultation	feeling of extreme joy	19
eyeglass	lens	23
eyeglasses	glasses	28
eyeless	lacking eyes	20
eyelet	small hole  in cloth	22
eyelid	lid	30
eyeliner	makeup	32
eyepiece	lens	24
eyeshadow	makeup	31
eyesight	seeing	33
fable	fiction	32
fabled	legendary	29
fabricate	construct	29
fabrication	fiction	35
fabricator	someone who tells lies	23
fabulous	extremely pleasing	41
fabulously	incredibly	27
faceless	without a face	30
facet	aspect	32
facetious	humorous	25
facilitate	make easier	40
facsimile	exact copy	30
factorial	product	25
factorization	resolution	24
factual	real	36
factually	as a fact	28
faded	lost freshness	37
faerie	fairy	27
faery	fairy	20
faggot	fairy	35
fagot	fairy	20
fagus	beeches	18
fain	prepared	25
faint	deficient in magnitude	38
fairness	conformity with rules	38
fairy	small being	41
fairytale	story about fairies	32
faithful	steadfast in affection	41
faithless	character of	27
faker	fraud	28
fakery	act of faking	22
falchion	brand	21
falco	genus of Falconidae	30
fallacious	fraudulent	26
faller	person who fells trees	20
fallible	likely to fail	26
falsifiable	empirical	18
falsify	warp	26
falter	be unsure or weak	28
famed	famous	36
familial	genetic	32
familiarity	personal knowledge	34
familiarized	oriented	22
famine	acute insufficiency	36
famished	hungry	24
fanatical	passionate	30
fancied	fictional	31
fanciful	creative	30
fandom	fans of a sport	35
fanfare	gaudy outward display	32
fanged	fangs	20
fanned	distributed	27
fanny	seat	35
fantabulous	excellent	18
fantastical	existing in fancy only	30
fantastically	incredibly	30
farcical	humorous	26
farmhand	hand	21
farmyard	yard	24
farsi	persian	27
farther	further	38
farthing	coin	26
fasciculus	bundle of fibers	18
fascinating	interesting	41
fashioned	designed	39
fasten	fix	30
fastener	fixing	26
fastest	most quickly	42
fastness	speed	20
fatal	bringing death	41
fateful	fatal	31
fathead	goose	23
fatherland	homeland	30
fathom	come to understand	32
fatigued	spent	30
fatness	excess bodily weight	23
fatso	fatty	21
fatten	make fat or plump	25
fattened	finished	23
fattening	finished	27
fatuous	foolish	22
faucet	regulator	31
faultless	perfect	26
faulty	defect	36
fauna	animal	35
faustian	pertaining to	21
faux	fake	36
favorably	approval	32
favored	preferred	38
favoritism	discrimination	28
favourably	approval	29
favouritism	discrimination	23
fazed	bothered	23
fdic	corporation	28
fealty	allegiance	26
fearful	afraid	36
fearless	oblivious of dangers	36
fearlessly	without fear	27
fearlessness	feeling no fear	25
fearsome	terrible	30
feasible	possible	37
feat	notable achievement	40
feathered	decorated	30
feckless	irresponsible	25
fecund	fertile	20
fecundity	fertility	23
federated	united	29
fedora	hat	31
feeble	weak	32
feign	pretend	26
feisty	courage	31
felicitous	happy	19
felicity	happiness	34
fella	boy or man	35
feller	person who fells trees	27
felon	criminal	32
felonious	illegal	22
felony	serious crime	38
fenland	marsh	19
fennel	herb	30
fenugreek	annual herb	21
feral	savage	33
ferment	unrest	28
fermentation	state of agitation	33
ferocious	furious	32
ferocity	violence	29
ferrule	metal cap	20
ferryboat	boat	20
fertile	capable of reproducing	36
fervent	passionate	30
fervently	with passionate fervor	28
fervor	excitement	30
fervour	excitement	28
fescue	grass	22
fess	ordinary	27
fester	sore	28
festivity	celebration	25
fetching	taking	30
fete	celebrate	27
fetid	foul	23
fetter	shackle for the ankles	21
fettle	fitness	20
fevered	highly excited	24
feverish	intense agitation	28
fibber	someone who tells lies	19
fibrillation	twitch	28
fictional	related to	39
fictitious	assumed	32
fictive	assumed	22
fiddle	string	34
fiddling	petty	29
fidget	move restlessly	26
fiend	demon	31
fiendishly	as a devil	20
fierce	violent	39
fierceness	violence	22
fiery	passionate	36
fiesta	elaborate party	33
fifteen	one more than fourteen	41
fifty	ten more than forty	43
figural	consisting of	22
filamentous	thin	23
filch	abstract	20
fille	girl	24
fillip	bonus	20
filmed	recorded	41
filmy	transparent	21
filth	soil	34
filthy	dirty	38
finalization	closing	21
finer	better	34
finesse	diplomacy	32
fingerling	young or small fish	19
finis	finale	23
finisher	closer	31
firearm	portable gun	37
firebox	furnace	24
firelight	light of a fire	22
fireplace	niche	35
fireproof	make resistant to fire	28
fireside	area near a fireplace	27
firestone	flint	29
firewater	any strong spirits	18
firewood	wood used for fuel	32
firmament	heavens	26
firstborn	eldest	29
firsthand	primary	32
firstly	before anything else	37
fisa	statute	29
fisc	state treasury	21
fiscal	financial	43
fishbone	bone of a fish	21
fishmonger	someone who sells fish	23
fishnet	net	25
fishy	suspicious	33
fissure	chap	28
fistfight	fight with bare fists	24
fistful	handful	26
fisticuffs	fight with bare fists	23
fitful	interrupted	22
fitment	items furnishing	21
fitter	tailor	30
fitting	proper	41
fittingly	appropriately	26
fivefold	multiple	23
fiver	bill	27
fixate	attach  to a person	23
fixation	obsession	33
fizz	effervescent beverage	30
fizzing	hissing and bubbling	22
fizzle	end weakly	25
fizzy	hissing and bubbling	28
flabbergasted	surprised	27
flabby	out of condition	27
flaccid	soft	26
flagellation	beating	23
flagellum	whip	21
flagrant	crying	30
flair	natural talent	35
flakey	made of	21
flaky	made of	29
flambeau	flaming torch	20
flamboyant	showy tropical tree	31
flamethrower	arm	26
flammable	easily ignited	32
flaring	moving	27
flashbulb	lamp	19
flashcard	card with words	21
flashover	arc	19
flashy	cheap	32
flask	bottle	32
flatiron	iron	24
flats	footwear  with no heel	38
flattop	haircut	19
flaunt	display proudly	29
flavor	spirit	40
flavorful	tasty	27
flavorless	lacking taste	20
flavour	spirit	37
flavourful	tasty	20
flavoursome	tasty	20
flaw	fault	36
flawed	blemish or flaw	37
flawless	perfect	36
flaxen	sandy	20
flay	strip the skin off	25
fleabag	run-down hotel	20
fleck	bit	26
flecked	pattern of dots	23
fledged	developed feathers	33
flee	run away quickly	38
fleece	wool of a sheep	34
fleecy	soft	18
fleeting	short	33
flesh	figure	42
fleshly	animal	20
fleshy	overweight	30
flex	contract	37
flexion	state of being flexed	26
flexure	state of being flexed	19
flick	flash intermittently	36
flickering	shining unsteadily	30
flightless	incapable of flying	25
flimsy	weak	31
flinch	shrink	29
fling	throw with force	33
flint	hard kind of stone	38
flippant	inappropriate levity	26
flipper	shoe for swimming	28
flirtatious	like a coquette	28
floater	spots	26
flog	whip	27
flooded	full	38
floodgate	restraint	20
floodlight	light	21
flop	fall loosely	36
floppy	disc	32
flora	plant	37
floriculture	gardening	18
flotation	phenomenon of floating	31
flounce	walk emphatically	19
flourish	grow vigorously	35
flourishing	successful	33
flowerbed	bed	19
flowered	floral	28
flub	spoil	22
fluctuation	wave motion	29
fluffy	soft	36
fluke	stroke of luck	31
flunk	failing	22
flunky	male servant	20
fluorescence	light	32
fluoridation	addition	24
fluorine	f	27
flurry	rapid active commotion	31
flush	turn red	38
flushed	healthy	33
flute	wood	35
flypast	flight	19
flywheel	governor	28
fnma	corporation	19
foal	young horse	28
foam	bubble	38
foamy	unhealthy	24
fodder	soldier	34
foetus	fetus	28
fogged	obscured by fog	23
foiled	disappointed	30
foist	force onto another	21
folate	b	26
folder	book	37
foliage	leaf	34
folio	leaf	31
folk	people in general	42
folksy	rural	24
fond	loving	39
fondant	candy	26
fondly	with fondness	32
fondness	affection	31
fondue	cubes of meat	26
foodstuff	grocery	24
foolhardy	reckless	26
foolish	devoid of good sense	39
foolishly	without good sense	30
footed	feet	33
footer	pedestrian	31
footlocker	trunk	22
footloose	free	25
footpath	pathway	30
footprint	mark of a foot	35
footstool	low seat	23
footwork	play	31
foppish	elegant	18
forage	bulky food like grass	31
foray	sudden short attack	30
forbearance	patience	25
forbid	command against	37
forbidden	excluded from use	40
forcefulness	physical energy	18
forecast	predict in advance	41
foreclose	prevent	25
forefather	father	20
forefoot	foot	21
forefront	front	35
forego	be earlier in time	28
foregoing	preceding	31
foregone	departed	28
foreground	view	33
forehand	return	27
foreland	natural elevation	21
forelimb	front limb	18
foreman	chief	36
foremost	best	38
forensic	of, relating to,	38
forensics	scientific tests	32
forerunner	person who goes before	30
foresee	realize beforehand	32
foreshadow	predict	24
forestall	prevent	26
forestry	biology	37
foretell	herald	23
forevermore	at any future time	24
forge	create by hammering	38
forgettable	easily forgotten	29
forgive	stop blaming	42
forgo	do without	30
forked	divided	30
forlorn	hopeless	28
formalised	concerned with	24
formalized	concerned with	28
formally	officially	40
formerly	at a previous time	42
formidable	impressive	36
formless	no definite form	24
formosan	chinese	18
formulaic	conventional	27
formulary	book	22
formulated	developed	35
formulation	preparation	35
forsake	desert	29
forsythia	bush	20
forte	specialty	32
forthcoming	coming	38
forthright	frank	28
forthwith	immediately	26
fortified	protected	34
fortify	strengthen	29
fortissimo	loud	19
fortnightly	periodic	28
fortuitous	no cause	27
fortuitously	luckily	22
fortunate	lucky	40
forty	ten more than thirty	42
fossa	pit	26
foul	highly offensive	40
fouled	dirty	31
foundry	factory	33
fount	font	23
fountainhead	abundant source	23
fourfold	multiple	24
foursome	iv	28
foursquare	square	27
fourteen	one more than thirteen	39
fowl	bird	30
foxglove	herb	21
foxhole	bunker	22
foxy	skill in deception	30
foyer	hall	31
fracas	noisy quarrel	24
fracture	violate or abuse	37
fragmentation	division	32
fragmented	divided	33
fragrance	smell	35
fragrant	pleasant-smelling	32
frail	physically weak	33
frailty	vice	27
framework	model	43
franchise	grant	43
frangipani	bush	19
frankly	honestly	40
frantic	excessively agitated	33
frap	make secure by lashing	21
frau	German courtesy title	31
fraudulent	intended to deceive	36
fraught	troubled	31
fraulein	German courtesy title	20
fray	noisy fight	33
frayed	worn	28
freakish	unpredictable	26
freakishly	unpredictably	24
freaky	strange	34
freebie	something that is free	29
freestanding	standing apart	27
freewheel	clutch	20
freewheeling	free of restraints	23
freewill	voluntary	22
freezer	fridge	37
freighter	cargo ship	30
frenetic	excessively agitated	27
frenzied	wild	28
freshen	refresh	28
freshly	newly	36
freshness	novelty	31
fret	worry unnecessarily	33
fretted	frets	26
friary	monastery	20
frictional	pertaining to	24
friendless	unwanted	25
fright	fear	33
frighten	scare	31
frightened	scared	37
frightening	terrible	37
frightful	horrible	28
frightfully	terribly	24
frigid	sexually unresponsive	30
frilled	decorated	20
frilly	decorated	25
fringe	outside boundary	39
frisson	chill	22
frizzy	curly	26
frock	habit worn by clerics	29
frontally	in, at,	20
frontispiece	ornamental facade	24
frostbite	hurt	28
frostbitten	frozen	19
froth	foam	28
frothing	unhealthy	25
frown	look angry or sullen	33
frowning	displeasure or anger	27
frugal	avoiding waste	31
fruitcake	crank	24
fruitful	reproductive	33
fruitfully	productive way	19
fruitless	vain	30
fruity	tasty	33
frumpy	primly out of date	23
frustrate	hinder or prevent  of	30
fryer	chicken	30
fuchsia	bush	27
fuckhead	stupid person	23
fudge	soft creamy candy	33
fueled	heated, driven,	36
fugly	ugly	24
fulcrum	pin	28
fulfil	accomplish	36
fulfill	put in effect	39
fulminate	criticize severely	18
fumble	feel about uncertainly	34
fumbling	lack of skill	28
fume	be mad	26
fumed	treated	22
fumigate	treat with fumes	19
fumigation	application of a gas	23
functional	designed for	42
functionary	official	23
fundament	basis	19
fundamentally	basically	38
fundamentals	principle	36
funded	furnished with funds	43
funereal	suited to	21
funicular	railway	22
funky	offensively malodorous	36
funnily	strangely	27
furnace	chamber	36
furnish	provide	31
furnished	equipped	36
furor	cult	25
furore	cult	24
furred	hairy	22
furrowed	rugged	25
furtherance	advancement	26
furthest	most remote in space	32
furze	bush	20
fuse	mix	36
fused	united	34
fusible	melted	20
fusiform	pointed	22
fusillade	fire	18
fuss	worry unnecessarily	36
fussy	annoyed and irritable	30
futile	useless	34
futurity	time yet to come	24
fuzz	cop	31
gabby	trivial conversation	32
gaelic	celtic	32
gaff	sharp metal spike	27
gaffer	elderly man	26
gaga	old	36
gage	dope	32
gaggle	flock of geese	27
gaiety	gay feeling	26
gainful	paying	25
gait	pace	31
gala	gay festivity	37
galax	herb	19
galaxy	splendid assemblage	43
gale	wind	36
galena	soft blue-grey mineral	27
galician	romance	24
galilean	inhabitant of Galilee	23
gallant	dude	32
gallantry	qualities of a hero	29
gallbladder	bladder	28
galleria	genus of Pyralidae	28
galley	vessel	32
galling	annoying	25
gallium	ga	26
galore	many	31
galvanic	pertaining to	24
galvanize	stimulate to action	23
galvanizing	exciting	24
gamble	risk	38
gamey	naughty	21
gammon	ham	25
gammy	sore or lame	21
gamut	complete extent	29
gander	mature male goose	29
gangly	tall	22
gangrene	necrotic tissue	27
gangrenous	unhealthy	20
ganja	marijuana	27
gaol	jail	28
gape	look with amazement	25
gaping	opened	32
garand	semiautomatic rifle	20
garb	dress	30
garbage	food that is discarded	42
garbed	dressed	19
garbled	confused	26
gardenia	bush	24
gargantuan	big	27
garish	cheap	26
garment	article of clothing	36
garner	earn	36
garret	attic	29
garrison	fort	37
garrulous	trivial conversation	21
gaseous	existing as	29
gash	cut open	29
gasket	seal	30
gaslight	light	26
gasp	breathe noisily	34
gassy	resembling gas	24
gastrectomy	operation	21
gastroenterologist	doctor	22
gastroenterology	medicine	26
gastronomy	cuisine	26
gatefold	page	21
gatekeeper	porter	28
gatherer	collector	28
gauche	lacking social polish	25
gaucho	cowboy	23
gaud	cheap showy jewelry	18
gaudy	cheap	28
gauge	judge tentatively	40
gaul	frog	30
gauzy	transparent	22
gawk	look with amazement	24
gayness	homosexuality	22
gazette	paper	36
gazillion	million	24
gearbox	case	32
geared	equipped with	36
gecko	lizard	29
gehenna	hell	21
gelatin	jelly	30
geld	cut off the testicles	21
gelded	testicles removed	19
gemini	twin	34
gemstone	gem	30
gendarme	French policeman	22
gendarmerie	French police force	24
generalissimo	commander	23
generate	bring into existence	42
generative	productive	28
generically	without a trademark	26
genesis	coming into being	38
genetics	biology	38
genial	friendly	27
genitalia	external sex organ	31
genitals	external sex organ	32
genocide	kill	39
genomics	genetics	30
genre	kind	42
gent	fellow	32
genteel	polite	26
gentian	flower	21
gentile	belonging to	30
gentility	breeding	20
gentle	soft and mild	42
gentleman	man of refinement	42
gentlemanly	refined	26
gentlewoman	lady	20
gentrification	restoration	30
genuinely	really	41
genuineness	legitimacy	23
genus	kind	37
geocentric	earth as the center	22
geochemistry	chemistry	25
geode	hollow rock	21
geophysics	geology	27
geopolitics	government	28
geranium	herb	26
geriatrics	medicine	25
germane	relevant	23
germanium	ge	24
germinate	produce buds	26
germination	process whereby seeds	28
gerontology	medicine	25
gerrymander	cheating	21
gestation	pregnancy	30
gestural	signed	22
gesture	motion of hands	39
getup	outfit	25
geum	avens	22
ghastly	grim	31
ghostly	supernatural	31
ghoul	thief	29
gibberish	unintelligible talking	30
gibbous	characteristic of	19
gibe	shaft	20
giddy	sick	32
gifted	endowed with talent	39
gigantic	big	36
gigantism	excessive size	19
giggle	laugh nervously	34
gild	decorate with	24
gilded	golden	33
gilt	golden	31
gimlet	cocktail made of gin	22
gimpy	disabled in the feet	19
gingerly	cautious	26
gipsy	roma	26
girlhood	childhood of a girl	22
girlish	young	25
giro	check	30
gist	substance	32
gitano	Spanish male Gypsy	18
giveaway	gift of public land	36
giver	donor	32
gizzard	pocket	24
glabrous	no hair	26
glace	preserved	23
glaciated	frozen	21
gladden	make glad or happy	22
glade	clearing	28
glamor	alluring beauty	23
glamorize	interpret romantically	18
glamorous	exciting	35
glamour	alluring beauty	35
glamourous	exciting	20
glaring	bright	33
glasshouse	nursery	24
glassy	smooth	28
glaswegian	inhabitant of Glasgow	21
glazed	empty	33
gleaming	bright	31
glean	harvest	27
glee	great merriment	35
gleeful	high-spirited delight	24
glen	narrow secluded valley	39
glengarry	cap	22
glimmer	flash of light	31
glimpse	quick look	38
glint	glance	26
glinting	bright	22
glistening	shiny	29
glitch	bug	34
glittering	bright	32
glittery	bright	27
glitz	tasteless showiness	27
gloaming	twilight	20
gloat	crow	26
glob	lump	25
globally	throughout the world	38
globose	round	20
globular	round	27
gloomy	dark	34
glorification	state of high honor	26
glorified	authorized	32
glorious	inspired	41
gloriously	with glory	28
glossy	magazine	34
glowering	brooding ill humor	20
glowing	highly enthusiastic	38
glum	moody and melancholic	25
glutinous	sticky	22
gnarled	crooked	24
gnarly	crooked	28
gnash	grind together	20
gnostic	advocate of Gnosticism	28
goad	give heart	26
goaded	driven	24
goalless	unsuccessful	27
goalpost	post	23
goatee	beard	27
goatskin	hide of a goat	19
gobs	lots	23
gobsmacked	surprised	25
goddam	blamed	27
goddamned	blamed	30
goddaughter	female godchild	22
goddess	female deity	40
godlike	appropriate to	27
godly	divine	33
godown	warehouse	19
godson	male godchild	26
godspeed	successful journey	28
goer	someone who leaves	26
goggle	look with amazement	24
goiter	disease	21
golconda	source of great wealth	20
golem	robot	28
gonorrhea	dose	27
gonorrhoea	dose	22
gonzo	bizarre	28
goodby	bye	19
goodly	considerable	25
gooey	soft and sticky	29
goof	commit a faux pas	30
goofball	goose	25
gook	any thick	23
goon	awkward stupid person	31
goop	any thick	26
gooseberry	bush	25
goosey	foolish	19
gordian	complex	22
gorgonzola	Italian blue cheese	22
gorilla	largest anthropoid ape	36
gormless	stupid	19
gorse	bush	24
gory	covered with blood	30
goshawk	hawk	21
gosling	young goose	30
gossamer	delicate	24
gouge	force with the thumb	27
gourd	bottle	28
gout	arthritis	31
governance	administration	41
governmental	political	38
gown	woman's dress	38
grabby	greedy	22
graceful	beauty of movement	34
graceless	lacking graciousness	20
graciousness	excellence of manners	22
graded	ranked	34
graduated	marked with	41
graduation	closing	41
grainy	composed of	28
gram	g	38
grama	grass	22
gramma	grass	23
gramophone	antique record player	27
gramps	grandfather	26
gran	mother of your father	34
grandad	father of your father	30
grandchild	child of your son	31
granddad	father of your father	27
granddaddy	father of your father	24
grandfather	father of your father	42
grandiose	impressive	30
grandiosity	rhetoric	20
grandma	mother of your father	41
grandmother	mother of your father	41
grandpa	father of your father	38
grandparent	parent of your father	28
grandstand	audience at a stadium	29
grange	outlying farm	33
granger	farmer	33
grannie	mother of your father	20
granny	mother of your father	36
granular	composed of	30
granule	tiny grain	23
granuloma	tumor	20
grapeshot	shot	19
grapevine	pipeline	29
graphic	written	42
grapple	cope	31
grasp	hold firmly	40
grassroots	basic	35
gratefully	with appreciation	27
gratification	satisfaction	33
gratified	pleased	26
gratify	satisfy	23
gratifying	pleasing	31
gratis	unpaid	29
gratuitous	without cause	29
gratuity	tip	26
gravel	bother	37
gravelly	rough	26
gravely	seriously	31
graven	carved	22
gravid	pregnant	20
gravitas	dignity	26
gravitate	move toward	29
gravy	sauce	35
grayish	grey	26
grazed	touched	29
grease	thick fatty oil	37
greased	smeared with oil	29
greaser	taco	21
grecian	greek	25
greenback	piece of paper money	26
greenbelt	belt of parks	28
greenbrier	vine	26
greenhorn	rookie	21
greenway	belt of parks	28
greenwood	woodlands in full leaf	34
gremlin	elf	26
grenadine	syrup	21
greyed	deprived of color	20
greyish	gray	26
grievance	resentment	32
grieve	feel grief	33
grieving	sorrowful through loss	34
grievous	dangerous	32
grilled	cooked by radiant heat	37
grime	soil	31
grimoire	manual of black magic	23
grimy	dirty	28
grin	smiling	36
grinder	sub	33
grip	hold fast or firmly	41
gripping	fascinating	34
grisly	grim	27
grist	grain intended to be	27
gristle	tough elastic tissue	23
gritty	composed of	34
grizzly	grey	33
groan	indicate pain	31
groat	coin	21
grocery	market	41
grog	rum cut with water	26
grok	grasp	19
grommet	fixing	21
grooved	established	26
groovy	smashing	31
grope	feel about uncertainly	27
groping	uncertain	30
grot	small cave	19
grotesque	ugly	33
grotto	small cave	29
grotty	nasty	20
grouch	crank	23
grouchy	annoyed and irritable	26
groundbreaking	start	35
groundless	idle	25
groundnut	vine	23
groundwork	basis	32
grouped	classified	35
groupie	enthusiastic young fan	26
grovel	show submission	23
groveling	totally submissive	21
grovelling	totally submissive	22
grownup	adult	26
grub	eats	31
grudging	unwilling	24
gruel	thin porridge	24
gruesome	shockingly repellent	33
grumble	show one's unhappiness	28
grump	crank	23
grumpy	annoyed and irritable	35
grunge	soil	30
grungy	dirty	24
gryphon	griffin	22
guacamole	dip	29
guanine	g	23
guano	excrement of sea birds	26
guaranty	collateral	26
guarded	prudent	36
guardianship	keeping	29
guardrail	rail	24
guardsman	soldier	26
guesstimate	idea	20
guesswork	idea	27
guestroom	chamber	18
guff	unacceptable behavior	23
guidebook	handbook	30
guided	subject to guidance	41
guiding	exerting control	37
guild	club	39
guileless	free of deceit	19
guiltless	innocent	20
gulf	arm of a sea	43
gullible	naive	31
gulp	swallow hurriedly	29
gumdrop	candy	18
gummy	sticky	30
gumption	guts	24
gumshoe	detective	21
gunboat	boat	25
gunk	any thick	24
gunnery	guns collectively	27
gunny	coarse jute fabric	23
gunpoint	gun muzzle's direction	32
gunpowder	powder	33
gunsmith	someone who makes	24
gurkha	soldier	22
gushing	pouring	30
gusset	mail	21
gust	strong current of air	31
gusty	blowing in puffs	26
gutless	lacking courage	26
guzzle	drink greedily	22
gymnasium	gym	32
gymnastic	athletic	26
gynaecologist	specialist	24
gynaecology	medicine	25
gynecologist	specialist	28
gynecology	medicine	28
gyrate	coil	18
gyre	scroll	22
gyro	sandwich	29
gyrus	convex fold	25
haberdashery	store	21
habit	established custom	42
habitation	home	30
habitual	accustomed	31
habituation	addiction	22
habsburg	dynasty	26
hackberry	tree	19
hackney	carriage for hire	32
hackneyed	tired	24
hacksaw	saw	25
haematology	medicine	20
haemorrhage	bleeding	27
haft	handle of a weapon	22
haggard	drawn	29
haggis	made of sheep's	27
haggle	wrangle	26
hail	praise vociferously	39
hairdresser	someone who cuts	32
hairdressing	toiletry for the hair	26
haired	covered with hair	37
hairless	no hair or fur	29
hairline	very thin line	31
hairpin	pin	28
hairstylist	someone who cuts	25
hairy	covered with hair	38
hakeem	Muslim physician	28
hakim	Muslim ruler	28
halberd	pike	20
halfpenny	coin	26
halitosis	offensive breath	21
hallmark	trademark	34
hallowed	holy	30
hallucinating	sick	27
hallucination	illusory perception	29
hallway	interior passage	37
halt	cause to stop	39
halting	disabled in the feet	30
halve	divide by two	26
hamburger	burger	34
hammerhead	stupid person	27
hammock	small natural hill	31
hammy	dramatic	26
hamper	prevent the progress	33
handbag	purse	34
handball	ball	31
handbook	reference	39
handcart	cart	19
handcuff	bond	26
handful	small number or amount	41
handgun	pistol	34
handhold	appendage to hold onto	19
handicap	disability	36
handicapped	disabled	34
handler	one who trains	35
handloom	loom powered by hand	23
handmade	made by hand	36
handmaid	servant	22
handmaiden	servant	23
handset	phone	31
handsome	beautiful	42
handwoven	made on a handloom	20
handwritten	written	33
handy	easy to reach	40
hani	Loloish language	28
hank	coil of rope	37
hanker	desire strongly	20
hansom	rig	20
haphazard	random	28
haphazardly	randomly	25
hapless	poor	29
haply	by accident	18
happenstance	coincidence	24
hapsburg	dynasty	22
harangue	rant	21
harass	harry	33
harasser	persistent tormentor	21
harbinger	predecessor	29
hardbound	backed	19
hardcore	intensely loyal	40
hardheaded	stubborn	20
hardiness	daring	25
hardship	state of misfortune	36
hardtop	car	24
harebrained	insane	19
hark	listen	28
harken	listen	22
harlequin	clown or buffoon	29
harmattan	wind	20
harmonics	study of musical sound	28
harmonious	musically pleasing	32
harmonise	accord	23
harmonize	accord	27
harnessed	controlled	29
harried	annoyed	24
harrier	persistent attacker	27
harrowing	painful	31
harsh	unpleasantly stern	41
hassle	trouble	36
haste	overly eager speed	34
hasten	hurry	29
hasty	excessively quick	33
hatch	emerge from the eggs	38
hatchback	car	30
hatched	born	33
hatchet	arm	31
hated	treated with contempt	42
hater	person who hates	31
hatful	lot	18
hatred	hate	40
hatted	wearing a hat	21
haughty	proud	27
haul	draw slowly or heavily	39
haulage	act of drawing	27
hauler	haulage contractor	25
haunt	follow stealthily	35
haunted	concerned	39
hawkish	militant	24
hawthorn	spring-flowering shrub	32
hayfield	meadow	21
haystack	rick	28
haywire	wire	26
hazard	source of danger	40
hazardous	dangerous	37
haze	atmospheric moisture	34
hazelnut	several shrubs	28
hazy	fuzzy	31
hdtv	video	29
headband	band worn around	30
headboard	vertical board	25
headbutt	butt with the head	26
headdress	clothing for the head	27
headfirst	with the head foremost	25
headgear	clothing for the head	29
headhunter	recruiter of personnel	25
headlamp	light	25
headland	natural elevation	27
headlight	light	30
headlock	lock	25
headlong	with the head foremost	27
headroom	clearance	26
headset	receiver	35
headship	position of headmaster	22
headwater	source of a river	20
headway	clearance	30
headwind	wind	23
heady	wise	29
healed	recovered	37
healer	therapist	33
healthful	therapeutic	28
heap	pile	36
hearken	listen	23
hearsay	rumor	30
heartache	grief	32
heartbeat	instant	37
heartbreak	grief	34
heartbroken	sorrow	34
heartening	encouraging	26
heartfelt	earnest	34
hearth	niche	31
heartless	lacking in feeling	33
heartsick	sorrow	18
heartthrob	object of infatuation	24
hearty	satisfying	34
heated	hot	41
heath	bush	38
heathen	ethnic	31
heatstroke	collapse	23
heave	utter a sound	29
heavyset	compact	20
hectic	intense agitation	33
hedge	fence	37
hedgerow	fence	22
hedonic	devoted to pleasure	22
hedonistic	devoted to pleasure	26
heed	pay close attention to	34
heedless	regardless	21
heel	bottom of a shoe	38
heft	lift or elevate	28
hefty	strong	34
hegemon	power	22
heifer	young cow	26
heighten	become more extreme	28
heights	high place	41
heinous	wicked	32
heiress	female heir	31
heist	commit a burglary	34
helianthus	flower	19
heliocentric	sun as the center	22
helium	he	34
helix	spiral	33
hellenic	classical	28
hellenism	principle	20
hellfire	pit	29
hellhound	very evil man	20
hellish	unpleasant	29
helmeted	equipped	22
helminth	worm	18
helper	assistant	34
helplessness	weakness	29
helvetica	case	24
hematologist	specialist	18
hematology	medicine	26
hemiptera	plant bugs	20
hemorrhage	bleeding	31
hemp	plant fiber	34
henceforth	from this time forth	31
henchman	accessory	29
herald	foreshadow or presage	40
heralded	publicly announced	30
heraldic	indicative of	25
heraldry	research	25
herbivorous	feeding only on plants	23
herd	group of cattle	38
herdsman	hand	21
hereby	by means of this	36
hereditary	genetic	35
hereford	beef	31
heresy	any opinions	34
hereto	this writing	25
heretofore	yet	26
herewith	by means of this	24
heritable	genetic	25
hermetic	completely sealed	26
heroic	epic	38
heroine	part	35
heroism	qualities of a hero	33
herr	German man	32
hertz	unit of frequency	31
hesitation	indecision in speech	36
heterogeneous	mixed	31
heterogenous	mixed	19
hewer	person who hews	19
hexagon	six-sided polygon	28
hexagonal	six sides	30
hexed	unlucky	19
heyday	peak	31
hibernate	sleep during winter	27
hibernating	asleep	26
hick	yahoo	27
hickey	acne	31
hideaway	den	28
hideout	den	30
hierarchical	ranked	33
highborn	titled	19
highland	elevated  land	37
highlander	soldier	29
highlife	excessive spending	21
hijack	take arbitrarily	31
hike	walk	40
hiker	foot traveler	28
hilarity	great merriment	28
hillock	mound	24
hilltop	peak of a hill	31
hilly	rough	32
hilt	handle of a sword	29
hinder	be a hindrance	34
hindering	preventing movement	29
hindquarters	seat	21
hinge	joint	33
hint	suggest	41
hipped	hips	22
hirer	boss	19
hirsute	hairy	22
histrionics	performance of a play	21
hitch	hook or entangle	34
hither	this place	28
hitherto	yet	32
hitless	unsuccessful	20
hive	teeming multitude	35
hoagie	sub	21
hoar	frost	22
hoard	store	32
hoarseness	throaty harshness	19
hoary	grey	23
hobby	auxiliary activity	39
hobnob	rub elbows with	18
hobo	bum	31
hogwash	unacceptable behavior	24
hohenzollern	dynasty	20
hokey	artificial	26
hokum	nonsense	20
holdall	capacious bag	19
holder	holding device	42
holdfast	fixing	21
holdup	robbery at gunpoint	24
holiness	quality of being holy	35
holism	theory	19
holla	very loud utterance	26
hollandaise	sauce	23
hollands	geneva	22
holler	shout out	28
holly	any tree	39
holocaust	destruction	39
homage	respectful deference	36
hombre	guy	27
homburg	hat	21
homecoming	annual school	35
homegrown	native	31
homeostatic	related to	21
homer	safety	39
homeroom	classroom	25
homesick	longing to return home	29
homesickness	longing to return home	24
homestretch	end of an enterprise	20
hometown	town	39
homeward	toward home	27
homey	comfortable	28
homicidal	characteristic of	27
homicide	kill	38
homogeneously	all similarly	18
homogenization	blend	22
homomorphism	similarity of form	20
homophobe	person who hates	26
honcho	chief	24
honeybee	bee	25
honeysuckle	bush	27
honk	cry of a goose	30
honorable	honest	38
honorarium	reward	21
honored	illustrious reputation	41
honorific	expression of respect	24
honourably	with honor	22
hoodlum	punk	23
hoodwink	influence by slyness	20
hooey	senseless talk	18
hoof	foot	31
hoofed	resembling hoofs	21
hookah	pipe	28
hooky	failure to attend	22
hooligan	bully	27
hooliganism	destruction	24
hoopla	hype	26
hooray	victory cheer	32
hooter	nose	21
hopeful	manifesting hope	38
hopefulness	hope	20
hopeless	desperate	37
horde	host	32
horizontal	parallel to	39
hornbeam	several trees	19
horrendous	terrible	34
horrid	bad	33
horrific	terrible	38
horrified	afraid	34
horrify	fill with apprehension	21
horrifying	provoking horror	35
horsepower	hp	35
horseshit	bullshit	28
horticulture	cultivation of plants	32
hosanna	cry of praise	23
hosiery	hose	25
hospice	lodging for travelers	34
hostel	inn	34
hostelry	inn	19
hostess	woman host	34
hostile	enmity or ill will	41
hostilities	fighting	34
hothead	belligerent grouch	22
hotness	heat	26
hotshot	star	27
hourly	occurring every hour	37
houseboat	lighter	27
housebroken	trained	18
housefly	fly	18
housemaid	maid	25
houseman	intern	23
housemaster	master	18
hovel	hut	23
hovercraft	craft	25
howdy	hi	31
howitzer	mortar	25
howler	wow	25
hoya	vine	26
hubby	husband	34
hubris	overbearing pride	29
huckster	seller of shoddy goods	20
huddle	crowd or draw together	31
huddled	crowded	30
huff	state of irritation	31
huffy	quick to take offense	22
hugely	extremely	36
hugger	person who hugs	25
hulk	very large person	37
hulking	big	25
hullabaloo	disturbance	23
hullo	hi	20
humane	pertaining to	36
humaneness	quality of compassion	18
humanist	classical scholar	31
humanities	arts	36
humanization	improvement	18
humankind	mankind	31
humanoid	android	31
humbled	crushed	33
humid	wet	35
humiliate	cause to feel shame	31
humiliated	crushed	34
humiliation	state of disgrace	36
hummus	spread	30
humongous	big	27
humorous	hilarious	36
humour	mood	38
humourless	lacking humor	19
humourous	ironic	20
humped	characteristic of	24
humvee	high mobility	25
hunch	suspicion	31
hunker	sit on one's heels	24
hunted	afraid	36
huntress	woman hunter	26
hurl	throw forcefully	29
hurler	pitcher	20
hurrah	victory cheer	29
hurried	rushed	31
hurry	move very fast	41
hurrying	fast	27
hurtful	causing hurt	33
hurtle	move with	20
husbandry	agriculture	29
hush	become quiet or still	35
hushed	softened tone	29
husk	straw	28
husky	robust	33
hussy	jade	22
hustings	campaigning	24
hutch	cage	30
hybridize	breed animals	19
hydrangea	bush	24
hydraulics	mechanics	29
hydrogen	h	40
hydroplane	plane	20
hydroponics	agriculture	24
hydrotherapy	treatment	24
hygienic	tending to promote	29
hygienist	specialist	26
hygroscopic	absorbing moisture	21
hymn	song of praise	36
hyoid	bone	22
hyperbolic	increased	32
hyperfine	thin	18
hyperlink	link	24
hypermarket	huge supermarket	22
hypersensitive	allergic	25
hyphenation	division	18
hypnotised	fascinated	23
hypnotized	fascinated	28
hypocritical	professing feelings	33
hypothesis	theory	39
hyssop	herb	20
hysteria	fury	34
iambic	verse	24
iatrogenic	induced	19
icebound	frozen	18
icebox	refrigerator	23
icebreaker	ship	28
icehouse	house for storing ice	20
icky	shitty	28
icon	picture	42
idealised	perfect	24
idealistic	elevated	31
idealization	appreciation	21
idealized	perfect	29
identical	exactly alike	42
identification	act of designating	42
idiosyncratic	single	29
idiotic	insane	34
idleness	no employment	25
idolatry	religious zeal	28
idolised	loved	19
idolized	loved	26
idyllic	perfect	30
iffy	subject to accident	28
igloo	Eskimo hut	26
ignite	cause to start burning	34
ignited	set afire	32
igniter	lighter	22
ignition	fire	37
ignominy	shame	23
ignorance	lack of knowledge	40
ignorant	uneducated in general	40
ignored	disregarded	43
ikon	picture	24
illegitimate	contrary to	34
illegitimately	manner disapproved	20
illicitly	manner disapproved	22
illiterate	ignorant	34
illogical	absurd	31
illuminated	lit	35
illustrious	famous	33
imaginative	creative	34
imbalance	lack of balance	35
imbecile	idiot	29
imbecilic	retarded	18
imbibe	take in	23
immanence	state of being within	19
immanent	subjective	23
immature	young	37
immeasurable	impossible to measure	28
immemorial	long past	26
immense	huge	39
immensity	greatness	23
immerse	thrust or throw into	29
immersion	sinking	35
imminent	close in time	37
immobile	stiff	29
immobility	remaining in place	24
immobilize	hold as reserve	24
immoderate	excessive	18
immolation	sacrifice	25
immorality	evil	28
immunoglobulin	ig	26
immunology	medicine	31
immunotherapy	therapy	28
impair	mar	29
impaired	diminished in strength	37
impairment	damage	36
impart	transmit	31
impartial	lack of favoritism	34
impassioned	passionate	29
impasto	painting	18
impatience	lack of patience	30
impeach	challenge the honesty	31
impeccable	perfect	32
impeccably	flawlessly	26
impede	be a hindrance	31
impeded	made difficult or slow	29
impeding	preventing movement	28
impelled	driven	23
impeller	blade of a rotor	24
impending	close in time	35
impenetrable	dense	31
imperative	crying	37
imperil	threaten	23
imperious	proud	27
imperishable	enduring	22
imperium	empire	27
impermanent	temporary	22
impermissible	prohibited	24
impersonal	neutral	29
impertinence	cheek	22
imperturbable	composed	19
impingement	influencing strongly	23
impious	lacking piety	21
implacable	grim	26
implanted	planted	33
implausibly	incredibly	18
implicated	involved	35
implication	significance	36
implicit	underlying	34
implode	burst inward	27
implore	pray	28
imploring	begging	25
implosion	sudden inward collapse	28
impolite	rude	26
imposing	noble	37
impost	customs	21
imposter	fraud	29
impostor	fraud	28
impotent	lacking power	30
impoverish	make poor	19
impoverishment	poverty	22
impracticable	impossible	22
impregnable	immune to attack	26
impress	strike	39
imprison	jail	29
improbable	unlikely	33
improbably	incredibly	23
impromptu	extemporaneous speech	32
improver	addition	21
improvised	temporary	34
impudence	cheek	23
impudent	disrespectful	25
impulse	instinctive motive	37
impute	attribute	19
inadequacy	deficiency	28
inadvertent	accidental	28
inadvertently	without knowledge	34
inane	foolish	27
inapplicable	irrelevant	22
inarticulate	mute	23
inattention	lack of attention	24
inattentive	distracted	24
inaudible	impossible to hear	28
inaugural	occurring at	37
inaugurate	commence officially	26
inauguration	start	36
inauspicious	unfortunate	24
inauthentic	intended to deceive	24
inbound	incoming	32
inbuilt	integral	24
inca	ruler of the Incas	30
incalculable	countless	25
incapable	lacking capacity	37
incapacitate	invalid	24
incapacitated	helpless	31
incapacitating	that cripples	23
incarcerate	jail	22
incarceration	imprisonment	34
incarnate	make concrete and real	30
incase	enclose in	29
incensed	angry	28
incessant	perpetual	30
incessantly	continuously	29
incidentally	accidentally	35
incineration	burning	25
incinerator	furnace	27
incision	dent	32
incisive	keen	28
incisor	tooth	22
incite	prompt	31
incivility	deliberate discourtesy	21
inclement	severe	28
inclination	tendency	34
incline	tend	32
incoherence	lack of cohesion	23
incoming	arriving at a place	39
incommunicado	without the means	22
incomparable	unique	30
incomplete	neither	38
incomprehensible	mysterious	32
inconceivable	impossible	31
incongruity	quality of disagreeing	22
incongruous	lacking in harmony	27
inconsolable	sad beyond comforting	24
inconspicuous	invisible	28
incontestable	demonstrated	20
incontinence	involuntary urination	29
incontrovertible	impossible to deny	25
inconvenient	awkward	35
incorporate	contain	38
incorporated	united	42
incorporation	integration	34
incorporeal	without material form	21
incorrect	wrong	39
incredulous	skeptical	28
incriminate	accuse	26
incubus	devil	25
incumbency	tenure	24
incur	receive	33
incursion	penetration	30
indebted	owing gratitude	32
indebtedness	liability	28
indefatigable	energetic	26
indefensible	unreasonable	28
indemnification	damages	25
indemnify	repair	26
indentured	bound by contract	28
independently	on your own	41
indescribable	defying expression	29
indescribably	inexpressible degree	22
indicator	index	39
indictable	guilty	23
indifferent	lack of interest	34
indigenous	native	42
indignant	angry	29
indignation	outrage	31
indignity	insult	26
indirect	intervening factors	40
indiscreet	lacking discretion	24
indiscriminate	failing to make	30
indiscriminately	randomly	30
indispensable	vital	33
indisposed	poorly	23
indistinguishable	identical	32
indium	in	24
individualised	personal	21
individualistic	single	27
individuality	identity	32
individualized	personal	30
individually	apart from others	39
indoctrinate	teach doctrines to	22
indoctrination	teaching	29
indolent	lazy	23
indomitable	impossible to subdue	28
indoor	located, suited for,	41
indoors	inside	36
induce	cause to arise	36
inducement	incentive	25
induct	place ceremoniously	22
indulge	give free rein to	35
indulgent	betting	31
industrialisation	manufacture	27
industrialist	someone who manages	28
industrialization	manufacture	31
industrious	energetic	28
inebriated	drunk	26
inebriation	habitual intoxication	20
ineffable	defying expression	24
inelegant	lacking in refinement	21
inequality	lack of equality	39
inerrancy	exemption from error	20
inert	unable to move	31
inescapable	inevitable	30
inescapably	inevitably	21
inestimable	beyond calculation	21
inevitably	needs	39
inexcusable	without excuse	30
inexhaustible	infinite	26
inexorable	stern	26
inexpensive	cheap	36
inexplicable	mysterious	31
inexpressible	defying expression	20
infallible	incapable of failure	30
infancy	early stage of growth	34
infant	baby	40
infantile	childish	28
infantryman	soldier	24
infatuated	loving	29
infeasible	impossible	23
infective	able to cause disease	23
infer	reason by deduction	32
infernal	characteristic of	30
inferno	hell	33
infestation	state of being invaded	32
infiltration	penetration	32
infiltrator	spy	22
infinite	no limits	42
infinitely	without bounds	35
infinitesimal	variable	26
infinitive	verb	26
infinity	time without end	38
infirmary	hospital	33
inflame	kindle	26
inflamed	unhealthy	31
inflammable	easily ignited	21
inflated	increased	35
inflationary	associated with	29
inflected	altered in tone	26
inflexible	incapable of change	29
inflict	impose	33
inflow	process of flowing in	29
influent	incoming	18
influx	process of flowing in	36
informally	without formality	31
informatics	ip	30
infotainment	documentary	26
infra	see below	29
infraction	violation	29
infrequent	occasional	30
infringe	go against	30
infringement	violation	36
infuriate	make furious	24
infuriated	furious	30
inga	any tree	26
ingest	consume	28
ingestion	consumption	30
inglenook	corner by a fireplace	19
ingrain	thoroughly work in	18
ingrained	planted	31
ingratiating	pleasing	21
ingratitude	lack of gratitude	23
ingredient	component of a mixture	37
ingress	entering	28
ingrown	unhealthy	25
inhabit	live	33
inhabitable	fit for habitation	21
inheritable	genetic	20
inheritor	heir	22
inhibit	put down by force	33
inhibitor	substance that retards	34
inhibitory	restrictive of action	30
inhospitable	unfavorable to life	28
inhuman	without compunction	33
inhumane	cruel	31
inimical	hostile	22
inimitable	defying imitation	27
iniquitous	wicked	20
iniquity	evil	27
initiate	bring into being	37
initiatory	inaugural	18
injection	introduction	40
injunction	formal command	35
injurious	harmful	26
injustice	unjust act	38
inkling	slight suggestion	29
inkwell	well	22
inlaid	decorated	27
inlet	intake	34
innate	born	35
innervate	supply nerves to	20
innkeeper	patron	27
innovate	introduce	31
innovative	ahead of the times	41
innuendo	indirect  implication	29
innumerable	countless	30
inoculate	introduce an idea	23
inordinate	excessive	27
inordinately	extremely	22
inositol	b	24
inquire	ask	34
inquiring	searching	30
inquiry	research	42
inquisitive	wondering	30
inrush	inflow	18
insatiable	impossible to satisfy	30
inscribe	carve, cut,	22
inscribed	written	34
inscrutable	mysterious	26
insemination	act of sowing	28
insidious	beguiling but harmful	32
insignia	badge	32
insincere	lacking sincerity	27
insinuating	calculated to please	28
insinuation	indirect  implication	25
insipid	lacking taste	26
insistent	crying	30
insofar	degree or extent that	31
insole	sole	22
insolent	disrespectful	27
insolvent	bankrupt	29
insomnia	inability to sleep	34
insomuch	such an extent	22
inspect	look over carefully	36
inspire	heighten or intensify	40
instability	unstable order	37
instal	set up for use	20
install	set up for use	41
installation	start	42
instantaneous	fast	31
instantaneously	without any delay	29
instantly	immediately	42
instep	arch of the foot	21
instigate	provoke or stir up	28
instil	enter drop by drop	24
instill	impart gradually	30
instillation	introduction	18
instinctive	spontaneous	30
institutionalize	cause to be admitted	21
instruct	teach	33
instruction	education	41
instructive	informative	30
instructor	teacher	40
instrumentalist	player	26
insubordination	defiance of authority	27
insubstantial	lacking material form	24
insufficiency	lack of competence	27
insulate	protect from heat	28
insulator	material such as glass	27
insult	treat, mention,	40
insuperable	impossible to surmount	19
insure	ensure	34
insurgent	rebel	32
insurrection	rebellion	32
intact	entire	40
integer	natural numbers 	34
integral	entire	40
integrate	mix	37
integrated	united	43
intelligible	understandable	28
intensification	increase	28
intensify	increase in extent	32
intensifying	increasing in strength	29
intensive	high degree	41
intent	purpose	43
intentional	knowing	37
interbreed	breed animals	20
intercellular	located between cells	22
intercept	seize on its way	36
interceptor	fighter	28
interconnected	reciprocally connected	32
intercontinental	worldwide	32
intercourse	relation	36
interdenominational	occurring between	20
interdependent	dependent	26
interdiction	prohibition	26
interdisciplinary	drawing from	34
interlace	lace	20
interlaced	pattern of fretwork	25
interlacing	complex	21
interlinking	complex	18
interlock	mesh	26
interlocking	complex	30
interlocutory	consisting of dialogue	20
interment	burial	28
interminable	endless	26
interminably	all the time	18
intermingle	blend	21
intermission	suspension	30
intermix	blend	20
intern	advanced student	37
internationally	throughout the world	40
interne	advanced student	19
internecine	within a group	23
internist	specialist	23
interoperable	practical	23
interpersonal	occurring among	34
interpolate	estimate the value of	20
interpret	make sense of	38
interpreted	taken	39
interracial	between races	34
interred	buried	28
interrelated	reciprocally connected	27
interrupt	make a break in	36
interruption	act of delaying	34
intersect	cross	32
intersecting	crossed	29
intersection	point	39
interstellar	between or among stars	33
intertwine	lace	23
intervene	get involved	36
interwoven	complex	28
intestine	gut	32
intimacy	affair	36
intimate	close acquaintance	41
intimately	nearly	32
intimation	hint	22
intimidate	make timid or fearful	33
intimidation	bullying	34
intolerably	unacceptable degree	19
intoxicant	alcohol	18
intoxicate	fill with high spirits	19
intoxicated	drunk	33
intoxicating	alcoholic	30
intoxication	poisoning	31
intracerebral	within the brain	19
intracranial	within the skull	27
intramolecular	within the molecule	21
intramuscular	within a muscle	24
intransigent	impervious to pleas	23
intransitive	verb	23
intrauterine	within the womb	24
intrepid	brave	30
intricate	complex	36
intricately	with elaboration	27
intrigue	game	34
intron	dna	22
introspection	reflection	30
intrude	enter uninvited	28
intruding	projecting inward	27
intrusion	invasion	34
intrust	confer a trust upon	21
intubation	insertion of a cannula	25
intuition	instinctive knowing	35
inundated	flooded	30
inundation	flood	25
inure	cause to accept	19
invading	involving invasion	35
invalidation	formal termination	22
invaluable	valuable	35
invariable	constant	22
invariably	always	34
invariant	constant	30
invasion	act of invading	42
inventive	creative	33
inventory	stock	41
inverse	reversed  in order	34
inverted	turned	34
inveterate	usual	23
invigorate	inspire	23
invigorated	with restored energy	25
invigorating	refreshing	27
inviolate	intact	19
invisibly	without being seen	23
invitational	pertaining to	32
invitee	guest	21
invoice	bill	33
invoke	summon into action	33
involuntarily	against your will	29
involuntary	driven	33
involute	rolled	18
invulnerable	immune to attack	27
inward	inner	34
inwards	in	29
iodine	i	32
iodized	treated with iodine	19
ionised	converted totally	18
ionized	converted totally	26
irani	persian	25
irate	angry	28
iridescent	colorful	28
iridium	ir	27
irksome	boring	23
ironed	pressed	29
ironically	contrary to plan	37
ironside	man of great strength	23
ironwood	tree	24
ironwork	work made of iron	22
irradiation	ray	31
irredeemable	wicked	24
irrefutable	impossible to deny	27
irregardless	regardless	20
irregular	contrary to rule	37
irreparable	impossible to repair	29
irreplaceable	impossible to replace	30
irrepressible	impossible to repress	26
irreproachable	innocent	19
irresistible	overwhelming	35
irrespective	regardless	34
irretrievable	impossible to recover	20
irreverent	lack of due respect	28
irrigate	supply with water	26
irritate	bother	31
irritated	aroused to impatience	35
irritating	annoying	36
ismaili	adherent of Ismailism	19
isolate	place or set apart	36
isothermal	equal	23
israelite	hebrew	28
itemization	listing	18
itemize	specify individually	23
iterate	repeat	25
itinerary	route	32
izzard	z	23
jabber	talk in a noisy	23
jabberwocky	nonsensical language	20
jackass	goose	33
jackhammer	hammer	23
jackpot	bet	35
jackrabbit	hare	22
jaded	tired	30
jaguar	cat	35
jailbreak	escape from jail	30
jalapeno	pepper	26
jalopy	car	19
jamb	vertical	25
jamboree	gala	26
jammed	packed	33
jape	joke	18
jasmine	bush	36
jasper	opaque form of quartz	36
jati	Hindu caste	20
jaundiced	unhealthy	22
jaunt	journey	26
jaunty	fashionable	25
jawan	private soldier	19
jawbone	jaw	27
jawbreaker	large round hard candy	21
jazzy	resembling jazz	30
jealous	extreme cupidity	42
jeep	car	37
jell	become gelatinous	26
jellied	congealed into jelly	20
jemmy	jimmy	19
jeopardise	threaten	24
jeopardize	threaten	31
jeopardy	source of danger	35
jerkin	jacket	22
jessamine	jasmine	20
jest	joke	31
jesting	joking	19
jetliner	jet	21
jettison	throw away	25
jeweled	decorated	25
jewelled	decorated	23
jewry	Jews collectively	27
jibe	shaft	24
jiffy	instant	26
jiggle	shaking	27
jigsaw	saw	32
jilted	rejected	25
jingoistic	patriotic	22
jinxed	unlucky	24
jitney	bus	19
jitters	extreme nervousness	28
jittery	jerky movements	27
jobless	unemployed	31
jock	athlete	33
jocular	joking	22
jointer	plane	18
joking	jokes and good humor	40
jolly	gay	36
jolt	sudden jarring impact	30
jolted	shaken	25
jolting	rocky	22
joss	god	31
jostle	shove	22
joule	j	24
jovial	gay	27
jowl	jaw	21
joyful	producing joy	34
joyous	merry	33
joyride	drive	25
joystick	lever	29
jubilation	feeling of extreme joy	25
jubilee	special anniversary	34
judaic	jewish	23
judicature	court	22
judicial	legal	41
judicious	wise	27
jugular	vein	28
juicy	juice	37
jujube	bush	18
juke	joint	28
jumbo	big	34
jumper	person who jumps	37
jumpy	tense state	27
juncture	occasion	30
juniper	bush	32
junkie	narcotics addict	33
junky	narcotics addict	24
junto	faction	19
jurisprudence	philosophy	31
juristic	legal	18
justifiably	with good reason	28
justly	rightly	28
jutting	sticking	26
juxtapose	place side by side	22
jynx	wrynecks	21
kaftan	dress	20
kail	cole	22
kale	bread	34
kali	bush	32
kamikaze	fighter	29
kaput	gone	21
karaoke	singing	34
kayo	ko	25
kazoo	wind	24
keister	seat	19
kelvin	k	33
kendal	green dye	28
keno	bingo	24
kerb	curb	26
kerchief	scarf	21
kerfuffle	disruption	23
kernel	meat	36
kestrel	falcon	25
kettle	metal pot for stewing	35
keyed	fitted with	29
keystroke	stroke of a key	23
khalif	calif	20
khan	title given to rulers	42
khanate	realm of a khan	19
khat	kat	22
kibbutz	collective farm	27
kibosh	stop from happening	20
kickoff	start	34
kiddy	young child	24
kiley	Australian boomerang	24
kiln	furnace for firing	31
kilo	kg	31
kilogram	kg	30
kilometer	km	32
kilometre	km	32
kiloton	one thousand tons	20
kilt	skirt	29
kimono	loose robe	30
kindle	catch fire	38
kindled	set afire	24
kindred	akin	32
kine	cattle	21
kinematics	mechanics	25
kinesiology	physiology	24
kinetics	dynamics	29
kinfolk	sept	21
kingly	rank of	23
kink	rick	32
kinsman	male relative	27
kiosk	booth	30
kirk	Scottish church	38
kismet	will of Allah	23
kiswahili	Bantu language	20
kite	check	36
kitten	young domestic cat	36
kitty	bet	40
kiwi	vine	33
klaxon	horn	21
klick	km	19
klutz	clumsy dolt	21
knackered	drained	26
knapsack	backpack	24
knave	rogue	25
knead	make uniform	26
knickers	pants	30
knitwear	knitted clothing	26
knobbly	knobs	19
knobby	knobs	21
knockdown	blow	28
knockoff	unauthorized copy	25
knockout	beauty	36
knoll	mound	29
knotted	tied with a knot	29
knotty	problematic	25
knowable	capable of being known	22
knower	person who knows	21
knowledgeable	learned	35
knucklehead	stupid person	22
ko'd	stunned	21
koan	paradoxical anecdote	21
kohl	makeup	28
kooky	nuts	26
kraut	jerry	24
kudos	congratulations	34
kudzu	vine	21
kuki	chin	19
kumquat	several trees	19
kurta	shirt	22
kwai	yuan	25
kwanzaa	festival	21
kylie	Australian boomerang	35
labored	lacking natural ease	30
laboring	busy	26
laboured	lacking natural ease	27
labouring	busy	26
laburnum	flowering shrubs	18
laced	closed with a lace	33
lacerated	torn	23
laceration	torn ragged wound	26
lackadaisical	lacking spirit	22
lackey	male servant	29
lacking	inadequate in amount	41
lackluster	dull	30
lacklustre	dull	24
lacuna	blank gap	23
lacy	made of	32
laddie	lad	23
lade	remove with	21
laden	loaded	37
ladylike	refined	25
lager	camp	32
laggard	trailer	20
lair	den	32
laird	landowner	32
lakefront	land bordering a lake	25
lakeshore	shore of a lake	27
lakeside	shore of a lake	31
lamb	young sheep	40
lambskin	fur	20
lament	express grief verbally	32
lamentable	sorry	25
lamentation	mourning	24
lamented	mourned or grieved for	31
lamia	vampire	24
lamina	thin plate or layer	24
lamination	layered structure	23
laminitis	founder	19
lamplight	light from a lamp	19
lampoon	ridicule with satire	23
lamppost	post	23
lance	arm	39
landgrave	count	18
landholding	ownership of land	19
landless	owning no land	25
landlocked	inland	28
landscaped	improved	29
landslip	slide	19
landward	toward land	22
languid	lacking spirit	25
languish	lose vigor	26
languorous	lacking spirit	19
lanky	tall	27
lantana	flowering shrub	21
lantern	lamp	36
lanthanum	la	20
laparotomy	section	20
lapdog	dog	23
lapin	rabbit	20
larceny	stealing	29
largess	gift or money given	19
largesse	gift or money given	23
largish	big	18
larval	immature of its kind	29
lascivious	driven by lust	25
lash	whip	34
lashings	lots	23
lastly	item at the end	37
latent	potential	33
lateral	pass	38
lather	foam	27
lathi	club	18
latterly	recently	28
lattice	arrangement of points	34
laud	praise, glorify,	26
laudable	worthy	27
laudatory	praising	21
laughable	ridiculous	32
laughably	so as to arouse	23
laughingstock	goat	22
laurels	award	28
lavage	irrigation	22
lavatory	john	29
lave	wash or flow against	22
lavish	expend profusely	34
lawful	conformable to	36
lawfully	legally	31
lawgiver	maker of laws	20
lawless	without law or control	33
lawmaker	maker of laws	31
lawmaking	legislation	23
lawman	officer of the law	25
lawsuit	suit	41
laxative	mild cathartic	27
layman	secular	29
layoff	closing	28
layperson	secular	23
lazaretto	hospital	18
laze	be idle	22
lazy	slow	42
leaden	darkened with overcast	24
leafless	no leaves	21
leafy	covered with leaves	33
leakage	run	32
leal	loyal	24
leap	jump	39
leapfrog	progress	26
learner	scholar	34
leased	hired	36
leash	three	35
leavened	made light by aerating	23
lectern	stand	24
lederhosen	shorts	21
ledge	shelf	34
leer	look suggestively	26
leering	malicious	24
leery	suspicious	26
leeway	sideways drift	30
leftmost	farthest to the left	22
leftover	small part	34
legalisation	act of making lawful	25
legalization	act of making lawful	34
legally	by law	42
legendary	known	42
leggy	tall	25
leghorn	panama	22
legible	capable of being read	28
legion	archaic terms for army	39
legionary	soldier	20
legislate	make laws	30
legislator	someone who makes	32
legislature	persons who make	42
legitimise	make legal	21
legitimize	make legal	28
leisurely	easy	30
lend	bestow a quality on	39
lengthen	make longer	28
lengthened	prolonged	29
lengthy	extended	38
lenticular	convex on both sides	25
lento	slow	21
leopard	fur	36
leotards	hose	22
lepidoptera	moths and butterflies	25
leprechaun	elf	27
lesbian	female homosexual	42
lesbianism	female homosexuality	24
lesion	wound	31
lessen	decrease	34
lessened	weakened	30
letdown	disappointment	26
lethargic	deficient in alertness	28
lettered	learned	27
lettuce	bread	36
leukaemia	cancer	28
leukemia	cancer	35
levant	morocco	32
levelheaded	reasonable	18
levi's	popular brand of jeans	29
levis	popular brand of jeans	26
levitation	phenomenon of a person	25
levy	impose and collect	38
lewd	suggestive of	32
lexically	by means of words	18
lexicography	writing	20
lexicon	vocabulary	31
liable	likely	39
liaison	affair	36
liana	vine	25
liao	dynasty	28
liar	person who has lied	40
libellous	harmful	20
libelous	harmful	24
liberalisation	relief	27
liberalization	relief	28
liberate	give equal rights to	32
libertine	dissolute person	25
libidinous	driven by lust	20
libretto	words of an opera	26
licence	excessive freedom	40
licenced	commissioned	23
licked	defeated	33
licorice	herb	28
lidded	covered with a lid	22
lief	gladly	22
liege	person holding a fief	30
lieu	part	34
lifeless	dead	32
lifelike	vivid	28
lifeline	crease on the palm	32
lifelong	long	38
lifesize	big	20
lifted	raised	41
ligation	tying a duct	25
liger	cat	22
lightbulb	bulb	27
lighted	lit	32
lighten	make more cheerful	34
lightheaded	sick	23
lightheadedness	reeling sensation	19
lighthearted	cheerful	29
lightly	without good reason	40
lightship	ship	19
lignin	complex polymer	24
liii	three more than fifty	20
likable	appealing	30
likeable	appealing	30
likewise	also	40
lilac	bush	31
lilliputian	very small person	19
lilt	jaunty rhythm in music	22
lilting	swinging	23
limbed	as if having limbs	22
limbless	no limbs	18
limelight	spotlight	31
limey	man of English descent	21
limiter	circuit	26
limiting	restricting the scope	40
limitless	unlimited	33
limo	large luxurious car	33
limousine	large luxurious car	32
limpid	clear and bright	20
limply	without rigidity	20
linger	lounge	33
lingerie	underwear	35
lingua	tongue	28
lingual	consisting of	28
linguistic	consisting of	37
linkage	associative relation	31
linkup	fixing	20
lino	floor covering	28
linoleum	floor covering	26
lintel	header	23
lion	cat	42
lioness	female lion	28
lipophilic	affinity for lipids	20
lipped	lip or lips	28
lipstick	makeup	37
liquefy	become liquid	22
liquidation	ending	33
liquidator	murderer	25
liquified	melted	22
liquorice	herb	25
listless	lacking zest	25
liter	l	35
literal	true	38
lithium	li	36
lithograph	print	26
litigant	party to a lawsuit	23
litigate	sue	24
litigator	party to a lawsuit	23
litre	l	35
littler	smaller	24
littoral	sands	27
lively	life and energy	39
liven	make lively	26
loaded	full	42
loamy	consisting of	22
loaner	lender	23
loath	reluctant	27
loathe	find repugnant	31
loathsome	vile	27
lobby	hall	40
lobelia	any plant	21
loblolly	thick gruel	19
locale	venue	30
localisation	rule	24
localise	identify the location	18
locality	neighborhood	37
localize	identify the location	25
lockdown	imprisonment	35
locket	small ornamental case	29
lockjaw	infection	22
locksmith	someone who makes	28
lockup	jail	26
loco	nuts	32
locus	venue	32
lodestar	guiding star	20
lodgement	bringing a charge	18
lodgepole	pine	21
lofty	elevated	33
logarithm	log	25
loge	box	21
logger	person who fells trees	25
loggerhead	stupid person	22
loggia	roofed arcade	22
logical	capable of	41
logo	company emblem	43
loiter	lounge	24
loll	hang loosely or laxly	22
lollipop	ice cream	32
lolly	bread	28
lolo	yi	27
lone	lacking companions	39
lonely	lacking companions	42
lonesome	only one	31
longboat	boat	22
longbow	bow	23
longest	for the most time	42
longevity	duration of service	36
longhorn	beef	27
longish	somewhat long	23
longitudinally	across time	25
looker	viewer	26
loon	worthless lazy fellow	30
loony	nuts	28
loopy	consisting of	27
loosened	straightened out	30
loot	prize	35
looted	empty	32
looter	thief	20
lope	run easily	26
loquacious	trivial conversation	21
lordly	august	21
lorry	wagon	32
loth	reluctant	21
lothario	successful womanizer	21
lotus	native to eastern Asia	36
louche	shady	18
loudness	magnitude of sound	27
loudspeaker	speaker	30
louse	insect	26
lousy	shitty	33
lout	awkward stupid person	21
lovable	adorable	32
loveable	adorable	28
loveless	without love	27
lovelorn	unhappy in love	22
loveseat	couch	18
lovesick	unhappy	24
lovingly	with fondness	31
lowball	underestimate	21
lowered	below the surround	39
lowering	darkened by clouds	38
lowermost	farthest down	19
lowland	low level country	30
lowlife	bum	25
lowly	humble	33
lozenge	candy	23
lubricated	smeared with oil	26
lucent	bright	26
lucid	clear	33
lucidity	clarity	24
luckily	by good fortune	39
luckless	unlucky	22
lucre	bread	20
ludicrous	ridiculous	33
ludicrously	so as to arouse	25
luff	edge	24
luftwaffe	German airforce	28
lugger	boat	19
lugubrious	excessively mournful	20
lukewarm	warm	31
lulu	beauty	33
lumberjack	person who fells trees	27
lumberman	person who fells trees	19
luminescence	light	25
luminous	bright	32
lump	compact mass	37
lumpen	stupid	18
lunacy	madness	29
lunatic	insane	34
luncheon	midday meal	33
lurch	pitch	28
lurid	violent	27
lurk	lie in wait	31
luscious	juicy	30
lust	strong sexual desire	37
lustful	lust	27
lustrous	shining	27
lusty	passionate	28
luxe	deluxe	30
luxuriant	elaborate	24
luxuriate	become extravagant	21
lxii	two more than sixty	19
lydian	Anatolian language	21
lymphoma	cancer	33
lyophilized	preserved	19
lyric	words	36
lyrical	suitable for	34
lyssa	madness	19
macabre	grim	29
macaca	macaques	20
machete	knife	32
machinist	mechanic	28
macho	male exhibiting	33
macintosh	mac	31
mack	mac	37
mackinaw	coat	22
mackintosh	mac	29
macrame	relatively coarse lace	20
macrocosm	world	19
macroeconomics	economics	27
macrophage	large phagocyte	24
macroscopic	visible	27
macula	spot	22
madam	lady	36
madden	cause to go crazy	35
maddened	furious	19
mademoiselle	drum	30
madhouse	institution	27
madman	insane person	32
madwoman	woman lunatic	20
maelstrom	current	27
maestro	master	33
magdalen	reformed prostitute	27
magistrate	lay judge	37
magnesium	mg	35
magnetism	attraction for iron	30
magneto	generator	30
magnetometer	meter	23
magnetron	tube	22
magnification	expansion	29
magnificent	grandeur	40
magnificently	extremely well	28
magnified	exaggerated	30
magnify	increase in size	28
magyar	hungarian	26
maha	omaha	29
maharaja	great raja	27
maharajah	great raja	23
maharani	great rani	19
maid	female domestic	39
maiden	unmarried girl	38
maidservant	female domestic	21
mainframe	cpu	30
mainline	inject into the vein	31
mainspring	spring	20
mainstay	prominent supporter	31
maintainer	someone who upholds	24
maize	corn	33
majestic	proud	36
maker	lord	42
makeshift	temporary	32
malacca	cane	28
maladaptive	faulty adaptation	23
malady	illness	26
malaise	physical discomfort	28
malar	bone	21
malarkey	jazz	24
malevolence	wishing evil to others	23
malevolent	malicious	29
malformed	distorted	24
malice	spite	33
malicious	nature of	37
malignancy	disease	26
malignant	dangerous to health	33
malik	leader of a town	36
mallard	duck	28
malleable	easily influenced	28
mallow	bush	24
malnourished	starving	28
malodorous	funky	18
maltreated	abused	20
malus	apple trees	22
mama	mom	42
mamma	mom	33
mammoth	big	34
mammy	mom	26
mandatory	required	41
mandible	jaw	28
mandrel	shaft	22
maneuver	tactics	35
manganese	mn	31
mangled	torn	29
mangrove	tropical tree	29
mangy	worn	21
manhandle	handle roughly	20
manhood	humanity	32
maniac	insane person	32
maniacal	insane	26
manic	wild	33
manifest	provide evidence for	37
manifestation	clear appearance	34
manifestly	apparently	27
manifold	pipe	33
manila	strong paper	39
manilla	strong paper	23
manipulation	handling	38
manipulator	operator	28
mankind	humans	39
manky	worthless	19
manliness	trait of being manly	25
manned	crew	35
manners	social deportment	38
manoeuvrable	capable of maneuvering	19
manoeuvre	tactics	30
manor	mansion of a lord	38
manpower	men	35
manservant	man servant	22
manslaughter	homicide	34
manta	cover	28
mantel	shelf	29
mantelpiece	shelf	24
mantissa	fraction	18
mantled	wrapped	20
mantra	commonly repeated word	35
mantua	gown	26
manually	by hand	37
manufactory	factory	23
manus	hand	29
manzanita	bush	20
maoist	advocate of Maoism	29
marathi	Indic language	28
marauder	predator	26
marbled	patterned with veins	27
mare	female equine animal	36
margarine	spread	28
margarita	cocktail	33
marge	spread	31
margin	boundary line	43
marguerite	flower	31
marigold	flower	28
marihuana	cannabis	22
marinade	mixtures of vinegar	28
marinara	sauce for pasta	25
mariner	jack	30
marionette	puppet	24
marital	married	36
marketer	seller	30
marksmanship	skill in shooting	26
markup	net	31
marmalade	preserve	29
marooned	stranded	26
marque	brand	26
marred	blemished by injury	31
marshmallow	candy	32
marshy	muddy	26
mart	outlet	37
martial	befitting a warrior	41
martini	cocktail	33
marvel	be amazed at	42
marvellous	wonderful	34
marvellously	extremely well	22
marvelous	wonderful	35
marvelously	extremely well	23
marzipan	candy	25
masai	Nilotic language	26
mascara	makeup	33
mash	crush	36
masochistic	deriving pleasure	25
masonite	type of fiberboard	20
massage	manually manipulate 	40
massager	someone who rubs	24
masse	shot	32
masseur	male massager	24
masseuse	female massager	26
masted	furnished with a mast	21
mastered	perfect	36
masterful	skilled	31
masterly	skilled	25
mastermind	plan and direct	34
masthead	flag	25
mastication	chew	18
masturbate	stimulate sexually	32
matched	competitive	40
matching	two identical	41
matchless	eminent beyond	24
matchup	pairing of people	34
mated	paired	29
mater	mother	35
materialise	come into being	25
materialize	come into being	30
maternity	pregnancy	37
matey	friendly	25
matins	first canonical hour	20
matric	admission to a group	24
matriculate	enroll as a student	19
matriculation	admission to a group	26
matrimonial	married	29
matrimony	marriage	29
mattock	pick	18
maturation	growth	30
matured	fully ripe	34
maul	hammer	29
maunder	wander aimlessly	20
mausoleum	large burial chamber	29
maven	star	29
maxi	skirt	33
maxilla	jaw	24
maxillary	jaw	26
maximise	make the most of	31
maximising	increasing	26
maximization	operation	24
maximizing	increasing	31
mayhap	maybe	19
mayhem	crime	34
mayo	dressing	37
mayonnaise	dressing	32
maypole	vertical pole	22
mazer	bowl	20
mazy	complex	18
mbit	mb	23
meadow	field where grass	36
meager	deficient in amount	30
meagre	deficient in amount	29
mealtime	hour	23
mealy	containing meal	24
meander	thread	27
meandering	wandering	29
meaninglessness	nonsense	21
meantime	time between one event	40
meatless	lacking meat	24
meatpacking	packaging	23
mechanically	automatically	34
mechanisation	automation	21
mechanised	using vehicles	24
mechanization	automation	24
medallion	coin	31
median	normal	40
medic	herb	34
medication	something that treats	42
medici	house	30
medico	doctor	25
meditate	reflect	33
meed	fitting reward	19
meek	mild	33
meekness	feeling of patient	22
megabyte	mb	22
megahertz	mc	22
megalomaniac	pathological egotist	23
meld	rum	27
melee	noisy riotous fight	32
mellifluous	pleasing to the ear	21
mellowed	ripe	25
melodious	musical sound	26
melodramatic	dramatic	29
meltwater	melted snow or ice	22
memo	written proposal	38
memorable	worth remembering	40
memoranda	written proposal	25
memorandum	written proposal	35
menace	threat	35
menacing	threatening	32
menage	family	23
menagerie	zoo	28
mend	fix	33
mendacious	given to lying	21
mendelian	follower of Mendelism	22
meningioma	tumor	18
mentality	brain	38
mentha	mint plants	19
mercantilism	commerce	22
mercer	dealer in textiles	35
merchandise	product	39
merchantman	cargo ship	19
merciful	giving mercy	33
merciless	ruthless	30
mercilessly	without pity	29
merge	become one	38
merged	integrated	37
meridian	height	34
merited	deserved	27
meritless	worthless	18
meritorious	worthy	30
merrily	happily	28
merriment	gay feeling	25
merry	gay	38
mesh	lock	38
mesmeric	attractive	21
mesmerised	fascinated	23
mesmerize	attract strongly	20
mesmerized	fascinated	28
mesmerizing	attractive	30
mesquite	bush	27
messiah	christ	36
messy	dirty and disorderly	39
metacarpal	bone	21
metadata	data about data	34
metallic	silver	38
metalworking	formation	25
metaphysical	pertaining to	32
metaphysics	philosophy	31
metatarsal	bone	25
mete	border	24
meter	m	41
meticulous	precise	32
metre	m	38
metrical	measured	24
metrically	with regard to meter	19
metropolis	city	36
mettle	nerve	27
mezzotint	print	19
miasma	unwholesome atmosphere	23
mickle	lot	22
micro	little	41
microbe	minute life form	26
microbiology	biology	32
microbrewery	small brewery	21
microcomputer	pc	23
microeconomics	economics	23
microelectronics	electronics	25
microfilm	film	27
microphone	mike	37
microprocessor	chip	29
microscopy	research	33
microsurgery	operation	20
midday	noon	34
midden	dump	22
midget	tiny	33
midrib	vein	20
midstream	middle of a stream	25
midweek	wednesday	29
midwifery	medicine	29
midwinter	middle of winter	25
miff	state of irritation	19
miffed	annoyed	26
mighty	powerful	41
migraine	headache	33
migrate	move from one country	34
mikado	emperor of Japan	25
milady	English noblewoman	23
milch	giving milk	22
mild	moderate in type	41
mildly	moderate degree	34
milieu	surroundings	29
militant	disposed to warfare	36
militarised	armed	19
militarized	armed	27
militiaman	soldier	19
milkweed	herb	24
millet	cereal	30
milligram	mg	24
milliliter	cc	22
millimeter	mm	31
millimetre	mm	26
millinery	store	23
millstone	something that hinders	26
millwright	workman who designs	20
milquetoast	timid man	19
milt	fish sperm	27
mincing	refined	23
minded	given	42
mindful	aware	35
mineralogy	geology	28
minesweeper	ship	23
ming	dynasty	35
minge	bush	20
miniature	picture	37
minibar	counter	24
minibus	light bus	28
minimal	least possible	41
minimisation	reduction	21
minimization	reduction	26
minimized	reduced	30
minimus	fifth digit	20
miniscule	little	26
miniskirt	very short skirt	24
mink	fur	32
minster	cathedral	30
minstrel	singer of folk songs	28
mint	lot	39
mintage	coins collectively	21
minutia	small or minor detail	20
mirabilis	four o'clocks	21
mired	involved	28
mirrored	reflected	33
mirth	great merriment	26
misadventure	instance of misfortune	24
misanthropy	hatred of mankind	21
misapplication	wrong use	19
misapprehension	mistake	21
misappropriated	illegal	23
misappropriation	stealing	26
misbegotten	born out of wedlock	20
misbehave	behave badly	25
miscalculation	mistake in calculating	26
miscarriage	abortion	33
miscarry	fail	22
miscast	cast an actor	21
miscellanea	variety	19
miscellaneous	mixed	34
miscellany	variety	26
miscible	capable of being mixed	18
misconception	incorrect conception	32
miscue	shot	18
misdemeanor	violation	34
misdemeanour	violation	22
misdirect	corrupt morally	21
miserable	very unhappy	41
misfire	fail to fire	25
misguided	poorly conceived	34
misinterpret	interpret falsely	26
misinterpretation	misunderstanding	27
misjudge	judge incorrectly	22
mislabeled	illegal	22
mislaid	lost	23
misleading	designed to deceive	39
miso	spread	28
misogyny	hatred of women	32
misquote	quote incorrectly	20
misrepresent	represent falsely	26
misrepresentation	deception	30
misrepresented	twisted	30
misshapen	distorted	25
missile	arm	41
missive	letter	24
misspell	spell incorrectly	23
missy	girl	33
mistaken	wrong in e.g. opinion	40
mister	mr	36
mistranslation	incorrect translation	20
mistreat	abuse	25
mistreated	abused	30
mistress	adulterous woman	39
mistrust	suspect	31
mistrustful	suspicious	20
misunderstood	wrongly understood	36
misuse	abuse	35
misused	abused	30
miter	bevel the edges of	24
mitigated	relieved	30
mitigation	reduction	35
mitre	joint	26
mitt	hand	33
mitten	glove	25
mnemonic	device	26
moan	indicate pain	34
moated	protected	18
mobilise	rally	26
mobilize	make ready for action	32
moccasin	soft leather shoe	23
mocha	leather	30
mock	treat with contempt	38
mocking	abusing vocally	36
modal	normal	31
modeled	resembling sculpture	35
moderately	pretty	36
moderating	lessening in intensity	29
modernisation	improvement	30
modernised	progressive	26
modernistic	mod	20
modernity	currency	32
modernization	improvement	34
modernize	make repairs	30
modernized	progressive	30
modest	simplicity	40
modesty	freedom from vanity	32
modified	changed in form	42
modish	latest	21
modulate	change the key of	27
mohammedan	follower of Mohammed	22
moiety	two  equal parts	26
moist	wet	37
moisturise	make  humid	19
moisturize	make  humid	25
mojo	magic power	33
moke	donkey	20
molar	tooth	30
molasses	syrup	30
molded	shaped	32
moldy	covered with	27
molest	harry	27
molestation	harassment	30
molle	tree	22
mollie	popular aquarium fish	28
mollusca	gastropods	23
molly	popular aquarium fish	39
molto	much	23
molybdenum	mo	27
momentary	short	31
momentous	significant	31
momentum	impelling force	41
momma	mom	34
mommy	mom	39
monarch	nation's ruler	37
monarchical	characteristics of	23
monastic	monk	31
monetise	give legal value to	20
monetize	give legal value to	28
moneyed	wealthy	24
monger	dealer	26
moniker	nickname	31
monochrome	picture	30
monocle	lens	25
monoculture	culture	23
monogamous	one mate	28
monolith	single great stone	28
monolithic	massive	30
mononuclear	only one nucleus	21
monoplane	plane	21
monorail	railway	27
monotonous	dull	30
monsoon	wind	33
monstrosity	freak	28
monstrous	big	34
montezuma	tree	25
moodiness	sullen gloomy feeling	20
moolah	bread	24
moonbeam	ray of moonlight	22
moonless	without a moon	21
moonlight	light of the Moon	36
moonshine	light of the Moon	29
moonstruck	insane	19
moonwalk	step	23
moony	lighted by moonlight	18
moorcock	male red grouse	18
moose	deer	36
morals	ethics	36
morel	mushroom	26
moron	idiot	38
moronic	retarded	28
morose	brooding ill humor	24
morphology	biology	34
morrow	next day	34
mortal	subject to death	39
mortified	unhealthy	30
mortifying	embarrassing	24
mosey	walk leisurely	22
mosh	dance the slam dance	27
moslem	muslim	26
mossy	covered	26
mote	particle	26
motel	motor hotel	36
motherfucker	asshole	36
motherland	homeland	30
motherly	maternal	27
motility	movement	27
motionless	static	30
motivating	impelling to action	33
motivator	incentive	29
motley	variety	31
motorbike	bike	32
motorboat	boat	25
motorcar	car	22
motorman	operator of streetcar	20
moulder	rot	21
mouldy	covered with	24
mountainous	rough	34
mounted	assembled for use	43
mourn	feel sadness	34
mournful	expressing sorrow	27
mousetrap	trap for catching mice	23
mousey	infested with mice	19
moxie	guts	26
mpeg	compression	28
mrna	rna	32
muckle	lot	20
mucky	muddy	23
muddle	mess	28
muddled	confused and vague	29
muddy	wet	36
mudra	gesture	22
mudslide	landslide of mud	23
muffle	conceal or hide	23
muggy	wet	25
mull	reflect	29
multicolor	colored	24
multicolored	colored	26
multicoloured	colored	22
multifaceted	varied	28
multifactorial	complex	20
multifarious	varied	21
multilateral	many parts or sides	31
multinational	international	36
multiplicative	increasing	25
multiplied	increased	33
multipurpose	useful	30
multiracial	made up of	26
multistory	more than one story	18
multitudinous	countless	19
multivariate	variable	29
mumble	talk indistinctly	29
mummy	mom	36
mundane	everyday	34
munition	arms	24
mural	picture	35
murderous	characteristic of	34
murk	fog	22
murmur	speak softly	29
muse	reflect	36
mush	pulp	30
mushy	soft	29
musician	player	40
muskrat	fur	24
muss	mess	24
mustached	moustache	19
mustachioed	moustache	19
musty	covered with	28
mutable	capable of	24
muted	softened tone	34
mutilate	murder	24
mutilation	injury	32
mutinous	disposed to	22
mutt	inferior dog	29
mutter	talk indistinctly	28
mutual	common to	43
muzzy	fuzzy	20
mylar	thin polyester film	24
mystify	puzzle	19
mythic	fabulous	30
mythical	fabulous	34
mythological	fabulous	31
mythology	myths collectively	36
nada	nothing	31
naif	naive	20
naivete	lack of sophistication	24
naivety	lack of sophistication	26
naja	cobras	19
nameless	unknown	32
namely	as follows	40
nameplate	plate bearing a name	25
nance	fairy	29
nanna	grandmother	25
nanny	nurse	36
nanometer	nm	24
nape	rear	26
napped	soft	23
narcissistic	selfish	32
nardo	Australian clover fern	20
narration	story	33
narwhal	whale	23
nary	no	26
nascent	born or beginning	31
nastiness	spite	26
nasturtium	herb	18
nates	seat	18
nationalisation	action of forming	27
nationalistic	patriotic	30
nationalization	action of forming	27
nativity	birth	32
natter	chat	21
natty	fashionable	28
naturalistic	realistic	29
naturalize	make into a citizen	20
naturalness	innocence	22
naturopathy	treatment	20
naught	nothing	30
nauseated	sick	24
nauseating	vile	27
nauseous	vile	31
nautical	marine	35
nautilus	sub	29
naval	connected with	42
navigation	guidance of ships	40
navigator	officer	33
nearer	closer	34
neat	clean or organized	40
neatly	with neatness	35
nebulous	lacking definite form	28
necessitate	need	28
necker	lover who necks	23
necromancer	wizard	26
necropolis	cemetery	24
necropsy	pm	20
needful	required	25
needle	leaf of a conifer	40
needless	unnecessary	37
needlessly	without need	31
needlework	creation created	26
neem	tree	24
nefarious	wicked	30
neglect	fail	38
neglected	disregarded	38
negligible	minimum	34
negotiation	talks	38
neighboring	common boundary	39
neighborly	friendly	24
neighbourly	friendly	21
nematode	worm	26
neoclassical	classical	28
neoconservatism	approach to politics	18
neodymium	nd	23
neologism	newly invented word	20
neophyte	freshman	23
neoplasm	tumor	22
neoprene	rubber	26
nephew	son of your brother	40
nephrology	medicine	24
nervy	tense state	22
ness	cape	36
nestorian	follower of Nestorius	20
nether	lower	29
netherworld	world of the dead	23
netminder	goalkeeper	18
nett	catch with a net	24
netted	open interstices	31
nettle	weed	27
neuroanatomy	anatomy	20
neurobiology	biology	26
neurologist	specialist	30
neuroma	tumor	19
neurophysiology	physiology	22
neuropsychiatry	medicine	19
neuropsychology	psychology	24
neurosurgeon	surgeon	28
neurosurgery	operation	28
neurotic	characteristic of	31
neurotoxic	poisonous to nerves	22
neutered	altered	28
neutral	no personal preference	42
nevermore	at no time hereafter	24
nevertheless	still	42
newbie	freshman	32
newborn	young	38
newcomer	freshman	34
newel	post	19
newfangled	gratuitously new	23
newfound	new	31
newfoundland	dog	34
newmarket	coat	29
newness	quality of being new	26
newscast	broadcast of news	27
newsman	reporter	24
newspaperman	correspondent	24
newspeak	manufacturing	20
newsroom	staff of a newspaper	32
newsstand	stand	26
newsworthy	interesting	28
newsy	news	19
niacin	b	25
nibble	small byte	28
nicely	nice way	41
nidus	central point	18
nifty	good	32
nigella	flower	23
niggle	fuss	20
niggling	petty	23
nigh	near	32
nightclub	spot	36
nightfall	twilight	31
nightmarish	extremely alarming	27
nightshade	numerous shrubs	26
nigra	nigga	25
nihil	nil	22
nimbus	halo	26
nincompoop	poop	19
niner	ix	23
nineteen	one more than eighteen	36
ninety	ten more than eighty	37
ninny	poop	19
nipper	child	23
nipping	biting	26
nippy	tasty	24
nirvana	heaven	34
nisan	nissan	20
nisus	pains	18
nitpick	be overly critical	21
nitrocellulose	nitric acid ester	22
nitrogen	n	38
nociceptive	sensitive	19
nocturnal	belonging to	32
nodule	small node	23
noel	christmas	36
noggin	dome	25
noiseless	making no sound	20
noisily	with much noise	25
nomadic	mobile	31
nomination	appointment	41
nominee	candidate	40
nonalcoholic	absence of alcohol	20
nonce	present occasion	24
nonchalant	casual	27
nonchalantly	casually	26
noncommercial	nonprofit	26
noncompliance	failure to obey	24
nonconformity	lack of harmony	22
nondescript	ordinary	26
nonentity	state of not existing	18
nonesuch	model of excellence	19
nonetheless	still	40
nonexistence	state of not existing	22
nonexistent	vanished	32
nonfunctional	decorative	21
nonpareil	model of excellence	21
nonpayment	default	21
nonprofit	organization	39
nonpublic	private	23
nonsensical	ridiculous	30
nonstick	slippery	23
nonstop	flight	34
nookie	fucking	20
noon	middle of the day	41
noonday	middle of the day	22
noose	gin	30
norse	norwegian	32
norseman	norwegian	20
northeastward	ne	22
norther	wind	21
northerner	yankee	23
northward	n	32
northwestward	nw	21
nosebleed	bleeding from the nose	25
nosedive	sudden sharp drop	24
nosh	snack or light meal	22
nosocomial	taking place	19
notable	worthy of notice	41
notably	especially	40
noteworthy	notable	35
nothingness	state of nonexistence	30
noticeable	marked	38
notifiable	reported	19
notify	inform  of something	37
notion	feeling	42
notional	imaginary	26
notwithstanding	still	35
nougat	candy	26
nought	zero	25
nourishment	nutrition	30
nous	common sense	30
novation	replacement	20
novelization	writing	22
novena	devotion	21
nowadays	now	41
nude	picture	40
nudge	push against gently	32
null	nothing	37
nullify	declare invalid	28
nullity	state of nonexistence	20
numb	asleep	35
numberless	countless	20
numbing	causing numbness	29
numerator	dividend of a fraction	23
numinous	sacred	20
nuptials	wedding	25
nursed	breast-fed	29
nurture	help develop	33
nutrient	food	35
nutshell	shell	34
nutty	tasty	32
o'clock	according to the clock	40
oaken	woody	19
oasis	haven	36
obedience	act of obeying	35
obeisance	bending the head	21
obese	fat	37
obey	be obedient to	38
objectification	realization	26
objectionable	causing disapproval	31
obligated	supposed	35
obligation	responsibility	41
obligatory	mandatory	34
obliquely	to, toward	27
obliterate	mark for deletion	28
obliterated	destroyed	31
obliteration	destruction	24
oblivious	unaware	33
obliviousness	total forgetfulness	18
obnoxious	causing disapproval	34
observable	evident	31
observance	watching	31
observation	watching	41
observational	experimental	31
observe	find	41
observing	quick to notice	38
obsess	haunt like a ghost	29
obsessed	concerned	41
obsolete	no longer in use	36
obstetrician	specialist	27
obstetrics	medicine	30
obstinate	persist stubbornly	27
obstructed	stopped	30
obstructive	preventing movement	30
obtainable	available	31
obtrusive	undesirably noticeable	23
obviate	eliminate	21
obviating	made impossible	18
ocarina	wind	24
occlude	block passage through	18
occluded	closed off	22
occlusion	closure or blockage	28
occult	supernatural	33
occultation	eclipse	21
occupant	resident	31
occupation	job	42
occupier	resident	26
occupy	keep busy with	39
occurrence	happening	38
octagon	eight-sided polygon	29
octet	eight	22
ocular	optic	29
oculus	eye	32
oddball	geek	28
oddness	parity of odd numbers	20
odometer	meter	24
odorless	no odor	25
odourless	no odor	20
odyssey	journey	36
offbeat	informal terms	28
offend	breach	36
offended	hurt or upset	39
offense	lack of politeness	43
offish	lacking cordiality	20
offset	compensate for	40
offshore	away from shore	39
offstage	backstage	26
oftentimes	frequently	31
ogre	demon	31
oiled	treated with oil	31
oilman	person who owns	22
oilseed	seed	21
okey	ok	27
okra	pod	26
olden	long past	28
oled	led	29
oleo	spread	20
omega	z	38
omelet	beaten eggs	26
omelette	beaten eggs	28
omen	predict	31
ominous	threatening	34
omit	except	31
omnibus	bus	32
omnipotent	almighty	28
omniscient	wise	27
oncologist	specialist	28
oncology	medicine	34
oncoming	moving	31
onetime	former	26
onlooker	someone who looks on	23
onslaught	onset	32
ontogeny	growth	19
onus	burden	30
onward	forward	35
onwards	forward direction	36
oodles	lots	24
oolong	tea	24
ooze	any thick	28
opalescent	bright	20
opera	drama set to music	43
operetta	short amusing opera	24
operon	dna	21
ophthalmologist	specialist	27
ophthalmology	medicine	29
opine	think	23
oppose	be against	39
opposing	active hostility	40
oppress	crush	29
optic	eye	36
optics	physics	36
optimal	best	39
optimisation	improvement	27
optimization	improvement	37
optimum	best	35
opulent	deluxe	29
oration	instance of oratory	26
orbicular	global	19
orbiter	satellite	29
orca	dolphin	29
orchard	garden	36
orchid	flower	33
ordained	settled	35
orderly	devoid of violence	34
ordinance	regulation	36
ordinarily	usually	33
ordination	ordering	34
ordnance	military supplies	34
oregonian	beaver	25
organised	member of	41
organism	being	36
organize	create	40
organza	fabric made of silk	21
orientated	directed	30
orienting	positioning	23
originate	arise	34
origination	inception	27
ornament	decoration	33
ornamentation	decoration	28
orphic	ascribed to Orpheus	19
orpington	chicken	22
orthodontist	dentist	25
orthogonal	irrelevant	30
orthopedist	specialist	20
oryza	rice	18
oscillating	periodic	28
oscillator	generator	30
oscillatory	periodic	22
osmium	os	20
osprey	hawk	29
osseous	composed of	19
ostensible	apparent	25
ostensibly	apparently	34
ostentation	gaudy outward display	21
osteoarthritis	arthritis	28
osteopathy	treatment	22
osteosarcoma	malignant bone tumor	21
osteotomy	operation	19
ostler	hand	18
ostomy	operation	20
otherworldly	supernatural	28
otolaryngology	medicine	23
otter	fur	34
ottoman	Turk	36
otus	genus of Strigidae	19
oust	remove from a position	29
ouster	person who ousts	27
outcast	person who is rejected	31
outclassed	inferior	26
outcry	loud utterance	32
outdated	old	37
outdoor	located, suited for,	42
outdoors	outside a building	37
outdoorsy	characteristic of	24
outfall	outlet of a river	20
outfitted	furnished	30
outflow	run	30
outgoing	leaving a place	36
outgrowth	emergence	26
outlandish	bizarre	31
outlast	live longer than	28
outlaw	declare illegal	35
outlawed	illegal	32
outlay	spending	28
outline	describe roughly	39
outlined	defined	39
outlive	live longer than	27
outmoded	antique	26
outnumber	be larger in number	30
outpace	surpass in speed	24
outpouring	fountain	28
outraged	angry	36
outrank	take precedence	20
outre	bizarre	19
outreach	act of reaching out	37
outrigger	stabilizer for a canoe	23
outright	without restrictions	38
outrun	run faster than	30
outset	beginning	34
outshine	shine brighter than	25
outsize	unusual garment size	20
outsized	big	24
outskirts	outlying areas	36
outsource	obtain goods	29
outspoken	frank	34
outstandingly	remarkably	23
outtake	shot	23
outwards	toward the outside	30
outweigh	be heavier than	33
oval	rounded like an egg	40
ovate	oval	26
overblown	puffed up with vanity	28
overboard	extremes	34
overcharge	hook	25
overcoat	coat	28
overcome	win a victory over	43
overconfidence	total certainty	24
overconfident	confident	25
overcook	cook too long	22
overdone	exaggerated	28
overdose	dose too heavily	36
overdraft	draft	28
overdue	due	35
overeager	eager	19
overemphasis	too much emphasis	18
overexcited	unduly excited	24
overexposure	exposure	22
overfed	too well nourished	20
overflight	flight	19
overflow	flow or run over	34
overflowing	flooded	32
overgrown	covered	31
overgrowth	excessive size	25
overhaul	travel past	36
overheated	hot	29
overindulgence	excessive indulgence	19
overjoyed	extremely joyful	30
overlap	coincide partially	37
overloaded	full	31
overlook	look past	35
overlord	lord	30
overly	too	38
overnight	long	42
overpay	pay too much	24
overpopulation	too much population	27
overpressure	pressure	20
overpriced	expensive	31
overprint	print	19
overproduction	too much production	24
overprotective	protective	27
overreaching	bold	24
overreaction	excessive reaction	28
override	rule against	34
overriding	paramount	31
overripe	ripe	21
overrule	rule against	27
oversee	watch and direct	35
overseer	superintendent	29
overshadow	eclipse	27
overshoot	shoot beyond or over	25
oversize	big	27
oversized	big	34
overstate	enlarge beyond bounds	27
overstated	exaggerated	29
overstay	stay too long	21
overstep	pass beyond	24
overstock	stock excessively	22
overstuffed	soft	23
oversubscribed	sold	22
overt	bald	33
overthrow	cause the downfall of	36
overtop	look down on	19
overture	preliminary	30
overturned	turned	35
overweening	excessive	19
overweight	fat	37
overwinter	winter	20
overwork	use too much	26
overzealous	passionate	27
ovis	sheep	19
ovoid	egg-shaped object	24
owing	owed as a debt	37
owlet	young owl	18
oxen	cattle	29
oxidation	process of oxidizing	34
oxidised	combined with	20
oxidized	combined with	29
oxtail	skinned tail of cattle	21
oxygen	o	42
oxygenate	impregnate, combine,	19
oxygenation	process of providing	25
pact	treaty	37
padded	soft	32
paddock	pen	31
padlock	detachable lock	27
paediatrician	specialist	22
paediatrics	medicine	24
pagoda	Asian temple	28
pail	bucket	28
pained	offended	29
painfully	unpleasantly	35
painless	easy	32
painlessly	without pain	24
painstaking	careful	29
paired	opposite	38
paladin	champion	30
pale	very light colored	41
palfrey	mount	22
pall	scare	29
palladian	referring to	21
palladium	pd	32
pallet	palette	31
pallid	wan	24
pally	friendly	24
palomino	horse	23
palpation	examination	20
palpitation	shaking	18
paltry	worthless	29
pamphlet	book	33
pandemonium	chaos	27
paneled	decorated	26
pang	sudden sharp feeling	31
panga	knife	18
panicked	terrified	34
panicky	terrified	26
panicle	compound raceme	19
panorama	view	34
panoramic	wide	32
pant	breathe noisily	32
pantheism	worship that admits	21
panther	cat	36
panthera	lions	20
panzer	armored vehicle	29
papa	dad	39
papal	proceeding from	34
paperboy	boy who sells	22
paperclip	clip	23
papery	thin	21
papoose	American Indian infant	21
pappa	dad	22
paprika	pepper	30
parable	short moral story	31
paraffin	from crude petroleum	27
paragliding	gliding in a parasail	25
paragon	perfection	30
paralyzed	sick	34
parameter	constant	36
paramount	dominant	37
paramour	woman's lover	24
parang	knife	22
paranoid	insane	37
parasailing	sailing	20
paratrooper	soldier	25
paratroops	foot	19
parcel	package	37
parched	baked	29
pardner	partner	18
pardon	accept an excuse for	38
pare	decrease gradually	28
pariah	person who is rejected	28
parish	local church community	41
parka	kind of heavy jacket	28
parked	that have been left	39
parlous	dangerous	18
parochialism	limitation of views	19
parole	promise	38
paroxysmal	accompanied by	20
parrot	bird	35
parry	impede the movement of	34
parser	program	26
parsley	herb	33
parson	minister	28
parsonage	residence	26
partial	affecting only a part	42
participant	player	38
participating	involved	42
participatory	democratic	31
participle	verb	27
particle	tiny piece of anything	39
partridge	flesh of either quail	32
passable	able to be passed	28
passably	pretty	18
passe	antique	25
passel	lot	19
passim	throughout	20
passive	lacking in energy	40
password	secret word	41
pastel	delicate	32
pastor	minister	41
pastorate	clergy	22
pasty	sticky	29
patched	spotted	32
patchouli	bush	24
pate	spread	29
patently	apparently	29
pater	father	25
paternal	belonging to	33
pathetic	poor	41
pathogenic	able to cause disease	30
pathologic	unhealthy	24
pathologist	specialist	32
pathos	pity	28
patrimony	church endowment	25
patron	regular customer	37
patronage	backing	34
patronise	do one's shopping at	22
patronize	sponsor	27
patsy	fool	31
patter	plausible glib talk	28
patterned	spotted	32
patty	cake	36
paucity	insufficient quantity	26
paunch	belly	20
pave	setting	32
pawl	stop	19
pawn	pledge	35
pawnshop	store	22
payable	due	35
payback	financial return	33
paycheck	check	35
payload	cargo	34
peacekeeper	soldier	26
peach	beauty	38
peachy	smashing	29
peacoat	jacket	18
peaked	poorly	35
peal	rolling	24
pearlescent	bright	18
peasant	country person	36
peavey	lever	21
peavy	lever	22
pebbly	rough	20
pecker	peter	25
peckish	hungry	20
peculiar	funny	37
peculiarity	feature	25
pecuniary	monetary	25
pedagogy	teaching	31
pedal	sustained bass note	36
pedantic	scholarly	27
pedestal	support or foundation	34
pediatrician	specialist	31
pediatrics	medicine	33
peduncle	growth	24
peek	secret look	37
peel	strip the skin off	38
peeled	completely unclothed	33
peep	look furtively	34
peer	look searchingly	41
peerless	eminent beyond	28
peeved	annoyed	24
peewee	shrimp	24
pejorative	expressing disapproval	27
pekingese	toy	19
pelham	bit	28
pellet	small sphere	31
pelt	cast, hurl,	29
pelvis	hip	33
penalise	punish	21
penalize	punish	27
penchant	taste	31
pending	awaiting conclusion	40
penetrate	pass into or through	36
penetrating	keen	33
penetrative	keen	23
penitential	constituting penance	21
penknife	small pocketknife	20
penmanship	beautiful handwriting	24
penny	cent	41
pensionable	eligible	19
pent	closely confined	30
pentameter	verse	22
penumbra	shadow	22
peony	flower	26
peppermint	mint	31
pepperoni	pork and beef sausage	30
peppery	tasty	24
peppy	bouncing	25
perceivable	understandable	20
percentile	mark	31
perceptible	faint	26
perchance	through chance,	25
peregrine	falcon	28
perennial	lasting three seasons	35
perfecta	bet	18
perfected	formed	33
perfidious	tending to betray	21
perfidy	betrayal of a trust	20
perforate	make a hole into	20
perforated	hole cut through	30
perforce	by necessity	20
perfume	smell	38
perfunctory	careless	24
perfusion	introduction	27
peril	hazard	34
perilous	dangerous	32
perimeter	border	37
periodic	monthly	36
periodical	publication	31
periodontitis	disease	22
periphery	fringe	33
perish	die	33
perjury	violation	33
perk	benefit	32
perky	cheerful	30
permeable	allowing fluids	28
permeate	filter	26
permed	curly	19
permissiveness	tolerance	19
permit	allow	42
pernicious	exceedingly harmful	29
perpetrate	commit	25
perpetration	crime	20
perpetual	eternal	36
perpetually	everlastingly	32
perpetuate	cause to continue	32
perplex	puzzle	19
perplexed	questioning	30
perplexing	confusing	29
perquisite	benefit	18
persecute	cause to suffer	28
persecution	abuse	37
persecutor	someone who torments	20
persevere	be persistent	30
persist	continue to exist	35
persistent	never-ceasing	39
persisting	continuous	27
persona	role	37
personable	attractive	27
personalised	made for	32
personalized	made for	35
personify	invest with	22
perspiration	sweat	27
persuade	win approval	38
persuasion	opinion	33
pertain	concern	29
pertinent	relevant	34
perturb	distract	19
perturbation	disturbance	27
perturbing	disturbing	18
perusal	studying	23
pervasiveness	quality of filling	21
perverse	negative	32
perversely	deliberately deviant	24
perverted	abnormal	32
pervious	admitting of passage	20
pesky	annoying	31
pester	annoy persistently	26
pestered	annoyed	24
pestering	annoying	26
pestilent	exceedingly harmful	19
pesto	sauce	29
petite	tiny	34
petrifying	paralyzing with terror	19
petroglyph	cutting	18
pettiness	narrowness of mind	26
petunia	flower	25
phaeton	car	22
phalanx	bones of the fingers	28
phallus	penis	25
phantasy	illusion	24
pharmaceutics	medicine	18
pharmacology	medicine	32
pharmacy	medicine	39
pharynx	throat	23
phenolic	thermosetting resin	26
phenomenon	any state	41
pheochromocytoma	tumor	18
phial	bottle	19
philander	have amorous affairs	22
philia	affection	19
phlebotomy	section	20
phlegmatic	little emotion	21
phlox	herb	24
phoebe	five	34
phonation	voice	18
phonebook	directory	21
phoney	fake	27
phony	fake	34
phosphorus	p	32
photochemistry	chemistry	20
photoelectron	electron	21
photogenic	attractive	28
photojournalism	journalism	24
photosensitive	sensitive	23
phototherapy	radiation	19
phylogeny	evolution	25
physic	purging medicine	25
physician	doctor	42
physiognomy	human face	21
physiology	biology	36
physiotherapy	therapy	29
physique	figure	33
pianissimo	low loudness	20
piazza	plaza	32
pica	eating disorder	25
picayune	petty	24
piccolo	small flute	30
picker	person who chooses	30
picket	scout	33
pickings	taking	27
pickle	mess	34
pickled	preserved	32
pickpocket	thief	25
pickup	truck	39
picot	edging of small loops	23
pictorial	pertaining to	32
picturesque	beautiful	35
piddling	petty	19
piebald	colored	19
piecemeal	gradual	28
pied	colored	30
pierced	hole cut through	35
piercing	keen	36
piffle	trivial nonsense	19
pigeonhole	specific  category	22
piggy	young pig	33
piggyback	carry	27
piglet	young pig	28
pigment	dry coloring material	34
pigpen	pen for swine	19
pigskin	leather	23
pigsty	pen for swine	19
pigtail	plait of braided hair	22
pilaster	column	18
pile	lot	41
pileup	collision	23
pilfer	abstract	21
pilgrimage	journey	35
pillage	prize	28
pillaged	empty	25
pillar	fundamental principle	36
pillion	seat	21
pillory	expose to ridicule	21
pilotage	navigation	19
pimento	pepper	22
pimpernel	herb	22
pimple	acne	28
pinafore	dress	21
pine	coniferous tree	41
pinecone	cone	21
pinhead	dope	23
pinion	gear	26
pinnacle	height	34
pinnate	featherlike	22
pinner	cap	22
pinon	pine	19
pinpoint	locate exactly	34
pinprick	minor annoyance	20
pinstripe	suit	24
pinstriped	very thin stripes	19
pintail	duck	19
pintle	pin	18
pinto	horse	31
pinyon	pine	19
pioneer	open up an area	39
pipeline	comment	40
pipework	wind	21
piquant	spicy	22
pique	temper	29
piranha	predator	28
pirouette	spin	22
piss	eliminate urine	42
pissed	aroused to impatience	42
piste	court	24
pistol	piece	39
piteous	poor	18
pith	substance	25
pitiable	pathetic	22
pitiful	pathetic	32
pitiless	ruthless	23
piton	spike	20
pittance	inadequate payment	26
pivotal	crucial	35
pixie	elf	32
pizzeria	store	29
placard	posting	27
placeholder	proxy	28
plagiarised	derived	20
plagiarist	pirate	19
plagiarized	derived	27
plague	harry	39
plainly	apparently	34
plaintive	expressing sorrow	25
plank	board	35
planner	person who makes plans	35
plantagenet	dynasty	24
plantain	herb	27
planted	established	40
plaque	spot	37
plaster	mixture of lime	35
platen	table	20
platter	record	32
plaudits	enthusiastic approval	24
plausibility	apparent validity	26
plausibly	probably	26
playable	capable of	34
playbill	theatrical program	21
playbook	notebook	33
playful	fun and high spirits	35
playfulness	festive merry feeling	26
playmate	companion at play	28
playsuit	outfit	18
plaything	toy	25
playtime	time for play	30
pleasing	delicious	38
pleasurable	enjoyable	31
pleb	common people	23
plebe	military trainee	19
plebeian	common people	24
pledged	committed	36
plenary	comprehensive	31
plenitude	full supply	19
plethora	extreme excess	32
pliable	susceptible	26
plinth	architectural support	26
plotted	planned	33
ploughman	man who plows	18
plow	deal	32
plowman	man who plows	22
plugged	blocked	34
plum	exactly	36
plumage	feather	29
plumb	completely	29
plumed	covered with	21
plummet	drop sharply	28
plump	fat	32
plumping	big	21
plunder	prize	31
plundered	empty	30
plunge	thrust or throw into	35
pneumatics	mechanics	20
pneumonic	pertaining to	21
poach	hunt illegally	27
poached	boiled	30
poacher	someone who hunts	26
pocked	rough	18
pocketbook	wallet	27
pocketknife	knife	19
pockmarked	rough	20
podiatrist	specialist	23
podiatry	medicine	22
poet	writer of poems	42
poetess	woman poet	20
pogrom	persecution	24
poignancy	sadness	24
poignant	touching	33
pointer	arrow	36
poise	be motionless	30
poised	balanced	34
poisonous	toxic	36
pokey	jail	25
poky	jail	19
polar	charged	40
polarisation	condition of having	25
pole	long  rod of wood	42
polemical	controversial	25
polish	make  shine	43
politic	artful prudence	28
pollard	tree	32
pollinator	insect	23
pollute	make impure	29
polonaise	dress	19
polonium	po	25
polygonal	many sides	25
polygonum	diverse genus of herbs	18
polymer	naturally occurring	36
polyp	growth	24
polystyrene	polymer of styrene	28
polytechnic	tech	32
polyunsaturated	many unsaturated bonds	25
pompous	puffed up with vanity	31
pond	pool	40
ponder	reflect	34
pong	unpleasant smell	34
pontiff	pope	28
pontoon	lighter	27
pony	horse	38
poodle	dog	30
poof	fairy	29
popcorn	corn	37
poppet	valve	23
poppy	flower	36
poppycock	senseless talk	19
popsicle	ice cream	28
popularly	among the people	32
populate	live	29
populist	democrat	34
porous	able to absorb fluids	34
porpoise	dolphin	26
portage	cost of carrying	30
portcullis	gate	22
portend	predict	21
portentous	significant	21
porthole	window in a ship	23
portly	fat	24
portrayed	represented	38
pose	introduce	41
positively	extremely	39
posse	temporary police force	32
possess	have as an attribute	40
possessed	controlled	38
possessor	owner	26
posterior	located at	34
posterity	descendants	30
posthumous	late	30
posthumously	after death	29
postmortem	pm	28
postoperatively	after the operation	19
postpaid	paid	24
postprandial	following a meal	19
postscript	ps	28
postulate	maintain or assert	26
posture	attitude	36
potable	beverage	28
potassium	k	36
potbelly	corporation	20
potency	authority	33
potent	great influence	37
potentate	dictator	19
potentiate	increase the effect of	19
potpourri	variety	24
potty	pot	33
pouch	pocket	34
pouf	fairy	19
poulet	chicken	20
pour	cause to run	41
pouring	flowing profusely	39
pout	disdainful grimace	28
powerboat	boat	22
powerfully	strongly	31
practicable	viable	28
practically	almost	42
practiced	expert	38
practise	engage in a rehearsal	35
practised	experienced	33
pragmatic	practical	35
pragmatics	study of language use	23
pragmatism	realism	30
prairie	treeless grassy plain	37
praiseworthy	worthy	25
prakrit	modern Indic languages	18
praline	candy	21
prang	crash involving a car	21
prank	acting like a clown	37
prat	seat	26
prawn	shrimp	29
prayerful	disposed to pray	23
preach	deliver a sermon	37
preachy	inclined to	24
precarious	affording no ease	33
precariousness	extreme dangerousness	19
precast	formed	25
precaution	step	34
precede	be earlier in time	29
precedence	priority	33
preceding	previous	37
precept	teaching	26
preceptor	don	23
precinct	district of a city	36
precipice	very steep cliff	28
precipitate	bring about abruptly	28
precipitating	bringing on suddenly	25
precisely	just	42
preclude	prevent	30
precocious	advanced	29
precognitive	foreseeing the future	18
preconceived	formed beforehand	29
preconception	bias	21
precondition	condition	26
precooked	prepared	19
predate	be earlier in time	26
predetermined	planned	33
predilection	preference	25
predispose	make susceptible	23
predisposed	susceptible	28
predominant	prevalent	33
predominantly	much greater in number	38
predominate	reign	26
preemie	newborn	21
preeminence	distinction	21
preeminent	leading	28
preen	clean with one's bill	22
preexisting	existing previously	29
prefatory	preceding	19
prefect	chief officer	31
preferably	sooner	37
preference	taste	41
preferential	manifesting partiality	32
preheat	heat beforehand	29
prehistoric	belonging to	34
prejudge	judge beforehand	20
prejudiced	subjective	30
prejudicial	damaging	27
preliminary	denoting an action	42
premenopausal	prior to menopause	19
premolar	tooth having two cusps	19
prentice	apprentice	31
preoccupied	obsessed	33
prepaid	paid	33
prepayment	payment in advance	26
preponderance	superiority in power	27
preponderant	paramount	18
preposterous	ridiculous	31
preposterously	so as to arouse	18
prerecorded	recorded	24
prerogative	privilege	31
presage	predict	22
presbyter	elder	21
prescribe	issue commands	34
presentable	respectable	28
presently	soon	37
presentment	notification	19
preset	planned	29
pressed	compacted by ironing	41
pressman	printer	24
prestigious	illustrious reputation	39
presto	very fast	29
presume	assume	36
presumption	assumption	32
presumptive	probable	28
presumptuous	assuming	29
preteen	preadolescent boy	25
pretended	assumed	36
pretender	claimant to the throne	28
pretense	deception	30
pretentious	making claim to	32
preternatural	extraordinary	21
prevail	reign	36
prevailing	frequent	36
prey	target	40
priceless	valuable	36
pricey	costly	33
prickle	sticker	19
prickly	very irritable	30
pricy	costly	22
prideful	proud	25
prima	leading	33
primal	central	33
primed	ready	32
primer	introductory textbook	35
primeval	early	27
primordial	early	31
primrose	herb	29
primula	herb	20
princely	deluxe	29
principally	mainly	34
prise	jimmy	24
prisoner	person who is confined	42
prissy	victorian	23
pristine	pure	33
privateer	officer	25
privates	external sex organ	28
privet	bush	23
privilege	special advantage	42
privy	john	35
prizefighter	professional boxer	20
prizewinning	best	18
probable	likely	38
probationary	provisional	27
probative	significant	20
probing	searching	32
problematic	open to doubt	39
problematical	questionable	19
proboscis	human nose	24
proceed	continue	42
proceedings	minutes	42
processed	prepared	40
proclaim	declare formally	33
proclaimed	announced	38
proclamation	announcement	34
proclivity	leaning	24
procreate	reproduce	25
procreative	reproductive	20
proctor	someone who supervises	32
procurator	proxy	27
procure	secure	32
prod	push against gently	32
prodigious	big	29
profaned	violated	20
professorship	chair	27
proffer	offer	23
proficiency	technique	34
proficient	expert	33
profitable	paying	40
profitably	productive way	27
profoundly	deeply	35
profuse	abundant	23
progeny	offspring	30
prognostication	prediction	18
progressively	increasingly	35
prohibit	command against	35
prohibited	excluded from use	40
prohibitive	tending to discourage	30
proinflammatory	unhealthy	20
projectile	missile	33
prolapse	disability	26
proletarian	worker	28
proletariat	labor	30
proliferate	grow rapidly	27
prolific	productive	36
prologue	introduction to a play	32
prolong	lengthen in time	32
prolonged	extended	38
prom	ball	38
promenade	ball	32
promising	likely	41
promontory	natural elevation	27
promptly	quickly	38
promulgate	state or announce	23
promulgated	published	30
promulgation	announcement	24
pronation	rotation	20
prone	tendency	39
prong	pointed projection	28
pronged	divided	28
pronominal	phrase	21
pronounced	strongly marked	41
pronto	readily	29
proofed	treated	24
proofread	read for errors	26
prop	support placed beneath	38
propel	prompt	32
propelling	dynamic	28
propensity	tendency	32
prophesy	preach	27
prophylactic	remedy that prevents	26
prophylaxis	prevention of disease	26
proportional	relative	36
propose	suggest	40
proposition	statement that affirms	38
proprietor	owner	33
propulsion	propelling force	35
propulsive	power to propel	24
prosaic	pedestrian	26
proscenium	stage	22
prosciutto	ham	25
proscribe	forbid	18
proscribed	prohibited	26
proscription	prohibition	20
prosper	make steady progress	34
prospering	thriving	25
prosperous	rich	36
prosthetics	medicine	28
prostration	illness	21
protea	bush	19
protean	variable	22
protector	guardian	37
proteomics	genetics	24
proto	early	32
prototypical	first	26
protracted	extended	33
protrude	pop	25
protruding	sticking	31
protrusion	swelling	25
protuberance	swelling	19
proudly	with pride	37
provable	obvious	25
proverb	saw	31
providential	fortunate	21
provision	stipulated condition	41
proviso	stipulated condition	26
provocateur	operative	25
provoke	call forth	35
provoked	angry	35
proximate	closest in degree	26
prudence	discretion	31
prudent	careful and sensible	34
prudential	arising from	31
prudish	victorian	23
prune	dried plum	30
prurient	lust	22
pseudo	fraud	36
psyche	mind	34
psychiatrist	specialist	37
psychiatry	medicine	36
psychical	mental	24
psychoactive	affecting the mind	28
psychoanalyst	shrink	25
psychological	mental	43
psychopathic	insane	29
psychotic	insane	34
psychotropic	affecting the mind	25
pterodactyl	extinct flying reptile	23
pubis	bone	23
publically	manner accessible to	27
publicise	advertise	24
publicised	advertised	27
publicize	advertise	29
publicized	advertised	32
publicly	manner accessible to	43
publish	put into print	41
pudge	short fat person	22
pudgy	fat	25
puerile	juvenile	24
puffiness	lump	20
puffy	big	31
pugilist	boxer	21
pugnacious	tough	21
puissance	power to influence	19
puissant	powerful	18
puka	South American shrub	19
pukka	superior	19
pullback	device  for holding	25
pulley	machine	29
pullman	coach	31
pullover	sweater	26
pulpy	like a pulp	22
puncher	cowboy	24
punctual	timely	28
punctually	at the proper time	22
punctuate	emphasize	23
punctured	hole cut through	30
pungent	tasty	29
punish	impose a penalty on	40
punishable	guilty	33
punitive	inflicting punishment	34
punt	kick the ball	35
puny	weak	28
pupa	insect	25
pupate	develop into a pupa	19
pupil	student	38
puppet	figure	38
puppy	young dog	40
purchasable	corrupt	21
purchaser	buyer	34
purgative	purging medicine	18
purge	oust politically	36
purification	cleaning	33
purify	remove impurities from	31
purifying	serving to purge	28
puritanical	victorian	26
purport	aim	26
purportedly	supposedly	30
purposeful	serving as	31
purposeless	wasted	20
purposely	deliberately	34
purser	officer	24
purslane	herb	19
pursuance	quest	22
pursuant	consistent	36
purulent	infected	19
purview	horizon	29
pushcart	cart	21
pusher	one who intrudes	29
pushover	breeze	27
pushy	ambitious	30
puss	cunt	30
putative	acknowledged	30
putsch	coup	24
putt	strike  lightly	32
putter	golfer who is putting	29
putz	fool	23
puzzle	be a mystery	40
puzzling	confusing	31
pyramidal	pointed	27
pyridoxine	b	18
pyrotechnics	brilliance of display	26
pyrrhic	foot	23
python	large Old World boas	38
qadi	Islamic judge	18
qing	dynasty	31
quadrangle	four-sided polygon	28
quadrate	cubelike object	19
quadrature	construction	24
quadrilateral	four-sided polygon	24
quadruple	increase fourfold	32
quaff	hearty draft	18
quail	shrink	31
quaint	strange	33
quake	earthquake	34
qualification	making	39
qualify	prove capable or fit	42
quandary	dilemma	26
quantification	restriction	28
quantify	measure	32
quantity	how much there is	41
quantization	division	25
quarrel	dispute	33
quarry	target	36
quarterdeck	deck	20
quartet	four	35
quartile	mark	24
quash	put down by force	28
quasi	similar	35
quaternion	four	18
quatrain	stanza of four lines	20
quay	dock	33
queasy	vile	26
queer	funny	38
queerness	strange attitude	21
quelled	suppressed	25
quench	satisfy	29
quenched	satisfied	25
quercus	oaks	25
query	pose a question	36
queue	line of people	38
quicken	accelerate	29
quicker	faster	39
quickest	fastest	34
quickie	hurried repair	28
quicklime	lime	19
quickness	facility	28
quicksilver	mercury	29
quid	pound	33
quiescence	sleeping	19
quietly	with low volume	42
quietus	euphemisms for death	19
quiff	prominent forelock	21
quill	pen	31
quilted	thick	28
quint	five	26
quintet	five	28
quire	quantity of paper	22
quirk	strange attitude	31
quirkiness	strange attitude	22
quirky	informal terms	35
quisling	traitor	20
quits	equal	34
quiver	shake with fast	28
quizzical	playfully vexing	22
quota	prescribed number	35
quotation	reference	35
quotidian	everyday	22
rabble	mob	30
rabies	madness	32
raccoon	fur	33
racehorse	horse bred for racing	29
rachis	axis	20
racially	with respect to race	34
racking	painful	32
racquetball	ball	24
racy	lively	28
radiance	glowing	30
radiant	bright	35
radiographer	specialist	19
radiologist	specialist	26
radiometer	meter	21
radiotelephone	wireless	20
radiotherapy	therapy	31
radium	ra	28
radon	rn	29
raffle	drawing	32
raft	lot	35
ragged	worn	32
raging	hot	36
ragnarok	myth	26
ragweed	weed	22
raid	search without warning	42
raider	thief	33
railcar	car	22
raiment	dress	21
raincoat	water-resistant coat	27
raindrop	drop of rain	23
raining	falling in drops	37
rainstorm	storm with rain	26
rainy	wet	37
raisin	dried grape	30
rake	move through with	34
rakish	fashionable	20
ramble	continue talking	28
ramification	fork	19
rammer	ram	20
ramona	sage	30
ramshackle	damaged	24
ramus	bone	21
rancher	person who owns	30
rancid	rank smell	28
rancor	resentment	25
rancorous	deep-seated resentment	19
rancour	resentment	22
randomised	irregular	26
ranging	wandering freely	42
rangy	tall	19
rani	Hindu princess	30
ransack	rifle	21
ransacked	empty	28
ransomed	saved	22
rapacious	aggressive	24
raped	destroyed	41
raper	rapist	23
rapeseed	seed of rape plants	25
rapier	brand	26
rappel	descent	22
rapprochement	reconciliation	26
raptor	bird	32
rarefied	low density	25
rarified	low density	19
raring	eager	24
rarity	noteworthy scarcity	34
rascal	rogue	31
ratan	switch	23
ratatouille	vegetable stew	25
ratified	legal	34
ratify	sign	29
rational	thinking	41
rationalise	apologize	24
rationalize	apologize	29
rationed	distributed	25
rattus	common house rats	21
ravage	destructive action	26
ravaged	raped	32
ravening	aggressive	18
ravenous	hungry	28
ravish	rape	22
ravishing	beautiful	27
rawhide	fell	25
rawness	chilly dampness	22
razed	destroyed	28
razz	boo	21
razzle	play	24
razzmatazz	play	18
reachable	accessible	27
reacquaint	familiarize anew	18
react	show a response	42
reactionary	extreme conservative	32
reactivate	activate  anew	26
readable	easily deciphered	33
readjust	adjust anew	26
readjustment	act of adjusting again	22
readmission	admission	24
reaffirm	affirm once again	28
reaffirmation	renewed affirmation	22
realign	align anew or better	25
realised	completed	41
reallocate	allocate, distribute,	22
realm	kingdom	41
realpolitik	government	22
reanimate	revive	21
reanimated	revived	23
reap	harvest	35
reappear	appear again	30
reapportionment	new apportionment	21
reappraisal	new appraisal	23
rearm	arm again	21
rearmament	act of arming again	22
rearrangement	arrangement	27
rearward	back	24
reasonably	pretty	40
reasoned	valid	33
reassemble	assemble once again	25
reassembly	assembling again	21
reassert	confirm	25
reassessment	new appraisal	26
reassign	transfer	23
reassignment	assignment	29
reassure	cause to feel sure	33
reassured	confident	31
reawaken	awaken once again	20
rebate	refund	33
rebellious	resisting control	34
reborn	converted	34
rebound	spring back	35
rebuild	build again	39
rebuke	censure severely	31
reburial	act of burying again	20
rebut	overthrow by argument	26
rebuttal	defense	31
recalculate	calculate anew	22
recant	formally reject	24
recapitulate	summarize briefly	19
recapture	experience anew	32
recast	cast again	29
recce	reconnaissance	22
recede	retreat	27
receivable	due	28
receiver	set	41
receptive	open to arguments	33
recessed	sunken area	30
recharge	load anew	34
recherche	exquisite	26
reciprocal	mutual	32
reciprocally	mutually	20
reciprocate	act, feel,	28
reciprocation	act of making	22
recirculation	circulation again	22
reckon	think	38
reckoner	computer	18
reclaim	claim back	34
reclaimed	rescued	33
reclamation	rehabilitation	31
reclassify	classify anew	22
recluse	withdrawn	29
reclusive	withdrawn	28
recognise	show approval	39
recognised	established	41
recognizable	easily perceived	34
recoil	shrink	32
recollect	remember	27
recombination	combining of charges	30
recommence	cause to start anew	21
recommit	commit once again	22
recompense	payment or reward	26
reconcile	make  compatible with	35
reconciled	consistent	32
reconciling	adaptive	28
reconfirm	confirm again	20
reconnaissance	intelligence	34
reconnoiter	scout	20
reconnoitre	scout	18
reconquer	conquer anew	19
reconsider	consider again	36
reconstruct	reassemble mentally	32
reconstructive	constructive	28
reconvene	meet again	25
recourse	refuge	33
recover	get or find back	43
recovered	freed from illness	42
recovering	sick	38
recreate	give new life	35
recreation	activity that diverts	40
recrimination	mutual accusations	22
rectangular	four right angles	36
rectification	process of refinement	26
rectified	corrected	29
rectilinear	straight line or lines	22
recto	right-hand page	22
rector	minister	33
rectory	residence	29
recumbent	lying down	25
recuperation	recovery	26
recur	happen or occur again	26
recurrence	happening again	32
recurrent	repeated	32
recurring	coming back	37
recurved	curved	22
recyclable	useful	27
redaction	editing	23
redbreast	robin	18
redbrick	modern	19
redcoat	British soldier	18
redden	flush	23
reddened	colored	21
reddish	red	34
rede	interpret	23
rededication	new dedication	18
redeem	save from sins	35
redeemed	saved	33
redeploy	deploy anew	24
redesign	design anew	34
redevelopment	improvement	34
redeye	flight	23
rediscover	discover again	28
redistribute	distribute anew	28
redistribution	distributing again	33
redness	inflammation	30
redo	remake	32
redolent	reminiscent	23
redouble	double in magnitude	23
redoubled	increased	22
redoubtable	formidable	22
redraft	draft	20
redress	damages	32
reductionism	theory	21
reductive	causing diminution	28
redundant	extra	36
redux	revived	27
reedy	noisy	26
reefer	butt	27
reek	smack	28
reeking	wet	24
reel	film	37
reelect	elect again	19
reelection	election again	33
reenact	enact or perform again	24
reentry	act of entering again	28
reevaluation	rating	23
reeve	female ruff	29
reexamination	examination	20
reexamine	review	24
refectory	communal dining-hall	23
refinance	renew the financing of	29
refine	polish	33
refined	cultivated and genteel	38
refinish	give a new surface	19
reflected	bent or sent back	41
reflexion	expression	18
refocus	focus once again	27
reforestation	rehabilitation	25
reformist	progressive	29
refractory	stubborn	29
refreshed	with restored energy	32
refreshment	recreation	29
refrigerate	preserve by chilling	27
refrigerated	cold	31
refrigerating	cold	21
refrigeration	process of cooling	32
refuge	safety	39
refurbishment	renovation	31
refute	overthrow by argument	31
regain	recover	37
regal	belonging to	33
regatta	meeting for boat races	29
regenerate	renew	32
regimental	belonging to	30
regimented	controlled	24
regretful	sorry	26
regrettable	unfortunate	30
regrettably	unfortunately	29
regroup	organize anew	31
regrow	grow anew	24
regularize	govern	18
regulator	various controls	36
regurgitate	pour or rush back	23
rehabilitate	help to readapt	30
rehash	present or use over	25
reheat	heat again	26
reich	German state	35
reigning	ruling	34
reignite	ignite anew	24
reimbursement	compensation	34
rein	strap	34
reincarnate	renew	22
reindeer	deer	33
reinforce	make stronger	37
reinforced	strong	38
reinstall	install again	28
reintegrate	integrate again	23
reintroduce	introduce anew	27
reinvigorate	impart vigor	24
reinvigorated	with restored energy	24
reissue	publication	30
reit	fund	26
reiterate	repeat	31
reject	refuse to accept	40
rejoice	feel happiness or joy	35
rejoin	join again	32
rejoinder	comeback	22
rejuvenate	cause  to erode	27
rekindle	kindle anew	27
relate	link	42
relax	become less tense	43
relaxed	without strain	40
relay	pass along	39
relearn	learn something again	23
releasing	emotionally purging	41
relent	give in	25
reliant	dependent	34
relieved	made easier to bear	40
reliever	backup	31
relinquish	part with a possession	31
relive	experience again	32
reload	load anew	33
relocation	transfer	36
rely	trust	43
remainder	rest	40
remake	make new	38
remand	jail	29
remark	note	37
remarkable	unusual or striking	43
remarriage	act of marrying again	25
remedial	healing	31
remediate	set straight or right	21
remediation	correction	30
remembrance	memorial	36
reminisce	recall the past	28
remission	abatement in intensity	32
remit	send  in payment	31
remnant	small part	33
remodel	do over	29
remonstrance	objection	18
remonstrate	argue in protest	18
remorse	feeling of deep regret	35
remorseless	ruthless	24
remorselessly	without pity	18
remount	mount again	21
remunerated	paid	22
remuneration	wage	33
remunerative	paying	19
rend	rip	24
render	cause to become	38
rending	splitting	25
renegotiate	negociate anew	27
renew	reestablish on a new	37
renounce	give up	32
renovation	improvement	37
renown	fame	31
renowned	famous	40
renter	tenant	28
reopen	open again or anew	34
reorganisation	organization	29
reorganise	organize anew	22
reorganised	organized	23
reorganization	organization	33
reorganize	organize anew	28
reorganized	organized	30
reorient	orient once again	22
reorientation	fresh orientation	22
repaint	paint again	26
reparation	compensation	26
repast	meal	20
repay	pay back	37
repayable	due	20
repayment	refund	34
repeal	cancel officially	39
repeatedly	several time	42
repelling	disgusting	27
repent	turn away from sin	34
repercussion	backlash	22
repertoire	entire range of skills	34
repetition	event that repeats	35
replant	plant again or anew	23
replete	fill to satisfaction	29
replicate	bend or turn backward	36
replication	act of making copies	34
repose	rest	28
reposition	deposit	27
repossess	claim back	22
repot	put in a new	18
reprehensible	criminal	30
representational	depicting objects	27
repress	put down by force	28
repressing	restrictive of action	25
repressive	restrictive of action	31
reprieve	 relief from harm	29
reprimand	rebuke formally	29
reprint	publication	34
reproach	mild rebuke	29
reproduce	make a copy	36
reproducible	consistent	27
reproductive	producing new life	38
republication	publication	22
republish	publish again	21
repudiate	cast off	24
repugnance	intense aversion	19
repugnant	offensive to the mind	29
repulse	force or drive back	26
repulsive	offensive to the mind	32
reputable	honored	34
requisite	necessity	32
reread	read anew	30
rerun	broadcast again	29
rescind	repeal	29
rescission	cancellation	22
rescript	decree	18
rescued	saved	39
rescuer	savior	26
reseal	seal again	19
resection	operation	28
reseda	herb	21
resemble	appear like	37
resentful	bitter	30
reservist	soldier	25
reset	set anew	38
resettlement	transfer	31
reshape	shape anew	29
reshoot	shoot again	21
residual	rest	35
residue	rest	35
resign	leave  voluntarily	40
resignation	acceptance of despair	40
resister	opponent	19
resize	change the size of	25
resolute	firm	31
resolutely	firm determination	28
resolve	decide	42
resolved	determined	41
resonator	chamber	28
resound	ring	23
resounding	resonance	30
resourceful	capable	31
respectable	decent	37
respective	several	42
respite	 relief from harm	32
resplendent	splendid	27
restart	start an engine again	37
restate	repeat	25
restatement	revised statement	24
restful	relaxing	28
restitution	damages	32
restive	tense state	24
restless	worried and uneasy	36
restock	stock again	28
restrain	keep under control	33
restrictive	regulatory	35
restroom	can	34
resultant	accompanying	31
resumption	beginning again	31
resurgence	revival	33
resurgent	revived	26
resuscitate	revive	26
resuscitated	revived	24
resuscitation	revival	29
retain	hold back within	42
retainer	fee	31
retake	take	33
retaliate	revenge	31
retaliation	revenge	36
retardation	slowing	29
retell	render verbally,	22
retention	holding	38
retentive	good at remembering	22
rethink	change one's mind	35
reticle	network of fine lines	24
retinol	a	25
retool	revise or reorganize	22
retort	answer back	29
retrace	go back over again	27
retract	formally reject	30
retracted	drawn back and in	30
retrain	teach new skills	25
retransmit	transmit again	18
retrench	tighten one's belt	18
retribution	penalty	34
retrieve	recover	37
retro	fashion	37
retroactively	after the fact	29
retrospect	reflection	33
reunification	union	31
reunify	unify again	19
reusable	useful	32
revaluation	new appraisal	24
revamp	patch up or renovate	32
revealing	telling	40
reveille	signal to wake up	23
revel	take delight in	31
reverberate	ring	23
reverberating	resonance	24
revered	august	33
reverence	awe	32
reverential	respectful	21
reversed	turned	39
revision	translation	38
revisit	visit again	34
revitalise	give new life	22
revitalize	restore strength	29
revolting	disgusting	30
revolutionary	new	42
revolutionize	change radically	28
revolved	turned	30
revolver	pistol	34
revulsion	intense aversion	27
rewrite	write differently	35
reynard	fox	24
rhapsodic	feeling great rapture	19
rhenium	re	19
rheology	physics	21
rheumatism	disease	26
rheumatoid	unhealthy	30
rheumatologist	specialist	21
rheumatology	medicine	24
rhinoplasty	lift	22
rhododendron	bush	25
rhyme	verse	36
rhythmical	swinging	21
ribbon	medal	38
riboflavin	b	22
richly	ample degree	33
rickety	unstable	27
rickshaw	cart	28
ricochet	bounce	28
rictus	gaping grimace	18
riddance	elimination	29
riddle	pierce with many holes	34
riddled	damaged	32
ridicule	roast	33
ridiculously	so as to arouse	35
ridley	marine turtle	33
rife	prevalent	32
riffle	twitch or flutter	22
rifle	piece	42
rigger	someone who rigs ships	23
rightful	legally valid	34
rightfully	truly	32
rightly	with honesty	37
rigid	incapable of	38
rigor	severity	31
rigorous	strict	37
rigour	validity	27
rile	bother	25
riled	annoyed	28
rill	small stream	19
rime	frost	25
ringed	rounded	29
ringer	clone	31
ringleader	person who leads	26
ringside	first row of seating	28
ringworm	infections of the skin	23
rinse	wash off soap	35
riotous	abundant	25
ripeness	state of being ripe	22
riposte	comeback	24
risen	above the horizon	39
riser	person who rises	29
risible	funny	19
risky	dangerous	39
risque	naughty	24
ritzy	elegant	22
rive	rip	24
rivet	concentrate	27
riveting	fascinating	30
rivulet	small stream	20
roadbed	bed supporting a road	20
roadblock	barrier	30
roadhouse	lodge	27
roadless	lacking pathways	19
roadside	edge of a way	34
roadster	car	28
roam	move about aimlessly	35
roan	leather	27
roar	make a loud noise	37
roast	cook with dry heat	39
robber	thief	34
robed	dressed	24
robotic	automatic	35
robotics	ai	35
rockery	garden featuring rocks	18
rocky	abounding in rocks	42
rodeo	exhibition	35
roebuck	male roe deer	26
roentgen	r	19
roil	be agitated	18
roiled	annoyed	18
roiling	agitated vigorously	21
roleplay	perform on a stage	28
rolled	especially of petals	42
rollerblade	in-line skate	18
roma	rome	37
romaine	cos	26
romeo	ardent male lover	37
romp	play boisterously	28
romper	person who romps	25
rood	cross	26
roofed	covered with a roof	28
roofer	craftsman who lays	23
rooftop	top of a  roof	36
rooibos	bush	19
rooster	adult male chicken	33
rooted	frozen	38
rooter	fan	20
rope	strong line	41
roquefort	French blue cheese	21
rosacea	acne	24
rosebud	bud of a rose	28
rosehip	fruit	20
rosin	resin	25
roster	list of names	41
rostrum	podium	26
rosy	optimistic	33
rotated	turned	33
rotc	corps	29
rotisserie	oven	25
rotted	damaged by decay	28
rotten	bad	38
rotter	bum	22
rotund	rounded	23
rouge	makeup	37
roughage	fiber	19
roughened	cracked	19
roughneck	bully	18
roughshod	cruel	22
rouleau	roll of ribbon	20
rounder	dissolute person	33
rounders	baseball	26
roundish	circular	20
roundworm	infections of the skin	19
rouse	become active	31
rout	cause to flee	31
rove	swan	29
rowdy	bully	32
rubbish	trash	39
rubble	dust	34
rube	yahoo	27
rubidium	rb	22
rucksack	backpack	26
ruckus	disturbance	29
rudderless	aimlessly drifting	22
ruddy	healthy	30
rudimentary	fundamental	32
rudiments	basics	24
ruffian	bully	24
ruffled	shaken into waves	29
ruined	destroyed physically	43
ruiner	person who destroys	20
ruinous	harmful	27
ruler	person who rules	38
rumanian	romance	19
ruminate	chew the cuds	22
rumination	reflection	23
rummage	search haphazardly	25
rummy	chronic drinker	24
rumor	comment	37
rumour	comment	34
rumpus	disturbance	23
runabout	car	23
rundle	spoke	24
rundown	concluding summary	32
runner	someone who imports	42
runny	liquid	29
runt	shrimp	25
rupture	tear	33
ruse	deceptive maneuver	32
rushed	done under pressure	40
rusted	accumulated rust	29
rustic	rural	34
rustler	thief	20
rusty	covered with	36
ruthless	without mercy or pity	36
ruthlessness	cruelty	25
rutted	ruts	20
ryegrass	grass	20
sabertooth	cat	19
sabotage	destruction	36
sabra	native-born Israeli	25
saccharine	sweet	25
sachem	political leader	21
sack	bag made of paper	39
sacked	destroyed	37
sacred	religious	42
sacrifice	endure the loss of	43
sacrilege	blasphemous behavior	26
sacrosanct	must be kept sacred	24
sacrum	bone	24
sadden	make unhappy	20
saddle	seat	37
saddlery	gear for a horse	19
sadhu	ascetic holy man	22
sadistic	deriving pleasure	32
safari	expedition	36
safeguard	make safe	36
safekeeping	keeping	26
safely	with safety	42
safflower	herb	21
sagacious	wise	18
sagely	wisely	20
sagging	hanging down	29
sagittarius	archer	29
sail	traverse or travel on	40
sailboat	small sailing vessel	30
sainted	utter benignity	22
saintly	utter benignity	27
salaam	deep bow	31
salable	capable of being sold	21
salacious	lust	25
salafism	islam	21
saleable	capable of being sold	23
salesmanship	skill in selling	22
salient	outstanding	31
salinity	taste	30
sallow	unhealthy	22
sally	witty remark	40
salon	gallery	39
saloon	bar	34
salted	preserved	33
saltire	cross	24
saltwater	water containing salts	30
salubrious	promoting health	21
salutation	act of honor	24
salute	propose a toast to	37
salvage	save	36
salvageable	saved	23
salvia	herb	27
samarium	sm	19
samba	tree	32
sambar	deer	21
sameness	quality of being alike	24
samia	silkworm moths	22
samphire	herb	20
sanatorium	hospital	28
sanctified	holy	27
sanction	approve	34
sanctioning	enabling	28
sanctity	quality of being holy	30
sanctum	holy	28
sandbag	bag filled with sand	24
sandbar	bar of sand	23
sandman	elf	30
sane	mentally healthy	37
sanguine	blood-red color	27
sanitarium	hospital	27
sapient	wise	21
sapling	young tree	25
sappy	silly	27
sarcoma	cancer	27
sarcophagus	stone coffin	28
sardonic	sarcastic	26
saree	dress	26
sari	dress	31
sarin	gb	28
sarong	skirt	23
sarsaparilla	vine	21
sashay	move sideways	21
sassafras	laurel	23
satanist	adherent of Satan	24
satchel	luggage	29
sate	fill to satisfaction	26
satiate	fill to satisfaction	22
satin	smooth fabric of silk	34
satiny	bright	18
satiric	sarcastic	23
satisfactory	alright	36
satisfy	meet the requirements	40
saturnalia	festival	20
saucepan	pan	30
saucer	disc	31
sauna	Finnish steam bath	32
sauteed	cooked	24
savagery	brutality	29
savor	enjoy	30
savory	spicy	30
savour	flavor	28
savoury	herb	28
savvy	understanding	36
sawmill	large sawing machine	29
sayonara	bye	24
sazerac	cocktail	19
scabbard	sheath for a sword	25
scabby	rough	20
scabies	infection	24
scabrous	rough	19
scads	lots	19
scalar	variable	29
scald	burn	22
scaly	rough	28
scamp	monkey	23
scan	examine minutely	41
scandal	comment	42
scandalous	shocking	33
scandium	sc	19
scanner	reader	36
scant	insufficient	31
scantily	barely	26
scanty	bare	23
scaphoid	formed	18
scapula	bone	25
scarce	hardly	36
scarcely	hardly	33
scare	cause fear in	41
scarlet	red	36
scarp	long steep slope	23
scat	singing jazz	29
scathing	critical	30
scatterbrained	foolish	18
scattergun	shotgun	18
scavenge	clean refuse from	25
scenic	beautiful	37
scent	smell	38
scented	sense of smell	33
sceptical	questioning	31
scheming	designing	31
scherzo	fast movement	22
schism	division	30
schistosomiasis	infestation with	21
schizophrenic	insane	31
schmo	jerk	18
schmooze	chat	20
schmuck	jerk	25
scholar	student	40
scholarly	learned	36
scholarship	learning	42
schoolroom	classroom	23
schoolwork	assignment	28
schooner	large beer glass	30
schtick	little	23
schwa	neutral middle vowel	19
scimitar	curved oriental saber	25
scintillating	intelligent	26
scintillation	light	22
scion	descendent or heir	30
scissor	cut with	29
scold	censure severely	28
scoot	dash	28
scope	range	43
scorched	baked	31
scorcher	extremely hot day	23
scorching	hot	31
scoreless	unsuccessful	31
scorn	despite	31
scorned	hated	29
scornful	insulting	23
scornfully	without respect	19
scotch	slight surface cut	37
scots	english	37
scoundrel	villain	28
scour	examine minutely	30
scoured	worn	28
scourge	whip	32
scow	boat	20
scowl	frown with displeasure	25
scrabble	aimless drawing	30
scraggly	lacking neatness	21
scram	leave immediately	24
scramble	move hurriedly	34
scrambler	rapid mover	24
scrap	bit	39
scrapbook	album	29
scrape	scratch repeatedly	34
scrapper	fighter	22
scrappy	aggressive	31
scratch	cause friction	42
scratchy	rough	28
scrawl	write carelessly	23
scrawny	skinny	27
screech	make a high-pitched	29
screed	rant	23
screwball	crank	24
screwup	complete mismanagement	19
screwy	insane	23
scrimshaw	carving  on whalebone	20
scriptural	biblical	28
scripture	bible	38
scrotum	pocket	28
scrounger	someone who mooches	19
scruff	rear	26
scruffy	worn	28
scrum	start	32
scrumptious	delicious	26
scrunch	crunching noise	23
scrutinise	look at critically	22
scrutinize	look at critically	28
scrutiny	examination	37
scsi	port	26
scud	dash	25
scuffle	disorderly fighting	28
sculpted	carved	31
sculptured	carved	25
scum	trash	37
scupper	drain	20
scurrilous	abusive	23
scurrying	fast	26
scuttlebutt	gossip	20
seabed	bottom of a sea	29
seaboard	shore of a sea	30
seaborne	conveyed by sea	24
seacoast	coast	24
seafarer	jack	21
seafaring	sailing	26
seafood	edible fish 	36
seam	joint	34
seaman	jack	32
seamanship	skill in sailing	23
seamed	joined by a seam	22
seamstress	someone who makes	28
seamy	seam	18
seaplane	plane	25
seaport	harbor	29
searchlight	light	27
seared	cooked	29
searing	critical	30
seascape	view of the sea	24
seashore	coast	29
seasick	sick	23
seaside	shore of a sea	36
seasonal	occurring at	40
seasoned	aged or processed	35
seaward	offshore	25
seawater	water containing salts	31
sebaceous	fatty	23
secant	sec	19
secluded	private	32
seclusion	privacy	29
secondment	endorsement	22
secrecy	privacy	36
sectarian	member of a sect	33
sectioned	divided	26
securely	firmly	33
sedan	car	36
sedate	dignity and propriety	28
sedition	violation	30
seditious	inflammatory	26
seduce	induce to have sex	32
sedum	herb	20
seedless	lacking seeds	23
seedling	young plant	28
seedy	seeds	28
seeming	apparent	34
seemingly	apparently	41
seemly	becoming	20
seep	pass gradually	28
seepage	process of seeping	25
seeping	leaking out slowly	27
seersucker	light puckered fabric	20
seethe	be noisy with activity	22
segment	several parts	43
segmental	divided	25
segmented	divided	30
segregate	separate by race	27
segue	transition	26
seidel	glass for beer	24
seismic	subject to	35
seize	take hold of	38
seldom	rarely	36
selector	person who chooses	32
selenium	se	29
selfish	concerned chiefly	41
selfsame	identical	19
seljuk	dynasty	20
seller	someone who promotes	40
selloff	sale	21
sellout	act of betrayal	29
selvedge	border	19
semantically	with regard to meaning	24
semblance	illusion	31
semen	cum	34
semiannual	periodic	21
semiarid	somewhat arid	20
semicircular	curved	26
semiconductor	substance as germanium	35
seminal	pertaining to	33
senescence	aging	25
senescent	old	20
seneschal	chief steward	20
senile	old	30
senna	bush	29
senor	Spanish title	26
senora	Spanish title	22
senorita	Spanish title	21
sens	dope	32
sensation	star	39
sensational	shocking	35
sensationalistic	typical of tabloids	19
sensed	perceived	33
sensible	reasonable	40
sensibly	reasonably	29
sensitized	allergic	24
sensual	animal	34
sentience	awareness	23
sentiment	tender, romantic,	40
sentimental	tender	35
sentinel	scout	34
sentry	scout	31
separately	apart from others	41
separation	state of lacking unity	41
separatism	segregation	27
separatist	advocate of secession	31
seppuku	suicide	23
sepsis	infection	30
septic	infected	32
sequent	serial	19
sequential	serial	33
sequester	requisition forcibly	25
sequestered	private	27
sequestration	act of segregating	29
sequined	decorated	23
seraphic	sweet	18
sere	lost all moisture	22
serene	calm	33
serfdom	state of a serf	25
serge	twilled woolen fabric	32
serial	ordered	42
serialization	publication	24
serpent	snake	35
serpentine	curved	31
serviceman	man	26
sesame	herb	35
sess	dope	24
settee	bench	24
sevenfold	multiple	26
sevens	parliament	32
seventeen	one more than sixteen	39
seventy	ten more than sixty	38
sever	set or keep apart	32
severally	independently	22
severed	detached by cutting	35
severely	seriously	41
sewed	fastened with stitches	29
sewer	drain	36
sewn	fastened with stitches	32
sexed	sexual differentiation	25
sextet	six	23
sexuality	gender	40
shabby	worn	33
shabu	meth	21
shackled	bound	27
shadowed	filled with shade	28
shadowy	filled with shade	32
shady	unscrupulous	37
shagged	rough	24
shakedown	fitting	26
shakespearean	Shakespearean scholar	29
shakespearian	Shakespearean scholar	20
shakeup	organization	24
shallot	bulb	24
shallow	lacking physical depth	40
sham	fraud	34
shambolic	disorderly or chaotic	23
shamed	guilty	32
shameful	shocking	36
shamelessness	daring	20
shampoo	cleaner	36
shamus	pi	24
shang	dynasty	29
shanty	hut	28
shapeless	no definite form	24
shaper	maker	26
sharer	someone who has	21
sharpened	pointed	31
shatter	break into many pieces	32
shattered	destroyed	38
shattering	loud	33
shaver	child	28
shay	rig	31
sheaf	bundle	26
sheath	protective covering	32
shebang	entire system	24
shed	get rid of	42
sheepskin	leather	25
sheer	absolute	40
sheetrock	kind of plasterboard	20
sheik	dude	31
shekels	bread	25
sheltered	protected from danger	35
shew	show	25
shiatsu	treatment	22
shibboleth	slogan	20
shielded	protected	32
shifting	continuously varying	40
shifty	insincerity or deceit	28
shim	wedge	27
shimmery	bright	23
shimmy	tremble or shake	26
shiner	mouse	26
shining	exceptional merit	40
shinny	hockey	20
shiny	bright	39
shipboard	temporary	25
shipbuilding	construction of ships	33
shipwreck	wrecked ship	31
shirk	avoid	27
shisha	pipe	24
shithead	stupid person	28
shitless	afraid	27
shitter	person who defecates	26
shitty	bad	40
shiv	knife	31
shiver	tremble convulsively	30
shocked	struck with fear	43
shockingly	extremely	31
shod	wearing footgear	23
shoddy	reclaimed wool fiber	30
shoeless	without shoes	22
shoemaker	person who makes	30
shofar	horn	21
shogi	chess	20
shogunate	dictatorship	24
shopaholic	compulsive shopper	21
shopkeeper	merchant who owns	29
shoplift	steal in a store	21
shoplifter	thief	23
shortcoming	defect	26
shortfall	deficit	30
shortsighted	lacking foresight	26
shotgun	piece	38
shout	cry	41
shouted	loud	38
showery	rainy	21
showtime	beginning	34
shrapnel	shell	32
shredded	prepared by cutting	34
shrewd	smart	31
shriek	screaming	28
shrift	act of being shriven	22
shriveled	lost all moisture	25
shrivelled	lost all moisture	21
shrub	bush	32
shtick	little	25
shuck	straw	24
shudder	shake, as from cold	31
shuddering	shaking convulsively	26
shutdown	ending	36
siamese	thai	30
sibling	person's brother	36
sicilian	resident of Sicily	31
sickbed	bed	19
sicken	disgust	23
sickly	unhealthy	30
sickness	illness	38
sidecar	cocktail	25
sidekick	buddy	32
sidelight	light	19
sideswipe	glancing blow from	20
sideways	at an angle	35
sidle	move unobtrusively	20
sifter	household sieve	20
sighted	able to see	35
sightedness	seeing	22
sightless	blind	19
sigint	intelligence	22
signage	signs collectively	32
signet	seal	27
signification	meaning	21
signifier	form	23
signify	denote or connote	32
sika	deer	21
sikh	adherent of Sikhism	34
silencer	tube	28
silene	flower	18
silently	without speaking	36
silken	bright	26
silkscreen	print	21
silkwood	tree	18
silky	bright	33
silliness	ludicrous folly	28
silty	loose	21
silverback	gorilla	23
silversmith	someone who makes	22
simian	ape or monkey	25
similitude	counterpart	18
simplified	easy	37
simulated	fake	35
simultaneously	at the same instant	42
sincere	open and genuine	38
sinful	wicked	33
sinfulness	sin	21
singe	burn superficially	24
singleness	without hypocrisy	22
singly	one by one	27
singular	remarkable	37
sinister	threatening	36
sinless	free from sin	23
sinner	person who sins	34
sinuous	curved	25
sinusoidal	curved	24
siphon	tube	29
sire	make children	34
sissy	timid man	32
situate	locate	24
situated	located	42
sixer	six	20
sixfold	multiple	20
sixpence	coin	27
sixteen	one more than fifteen	40
sixty	ten more than fifty	39
sizable	big	34
sizeable	big	32
sized	specified size	43
sizzling	hot	31
skanky	disgusting	21
skein	coils of worsted yarn	23
skeptically	with scepticism	21
sketchy	incomplete	32
skewer	pin	27
skid	slide without control	33
skier	someone who skis	32
skilful	expert	29
skilfully	with skill	25
skillet	pan	31
skillful	expert	31
skimp	work hastily	25
skimpy	insufficient	28
skincare	care for the skin	33
skink	lizard	21
skinless	no skin	23
skinny	very thin	40
skint	broke	24
skintight	tight	21
skip	bypass	42
skirmish	minor short-term fight	31
skirting	peripheral	28
skittle	pin	20
skulk	lie in wait	19
skull	bone	41
skullcap	cap	21
skunk	bum	31
skyhook	helicopter	18
skylark	play boisterously	25
skylight	window	28
skyline	horizon	35
skyward	directed toward heaven	27
slacken	become slow or slower	20
slake	satisfy	20
slam	close violently	40
slammer	jail	23
slanderous	harmful	25
slant	angle	32
slanted	coloured	29
slapdash	careless	20
slashing	dynamic	31
slat	thin strip	24
slate	designate or schedule	38
slather	spread thickly	22
slavish	blindly imitative	22
slay	murder	34
slayer	killer	34
sleazy	thin	30
sledgehammer	hammer	29
sleek	make slick or smooth	33
sleepless	awake	32
sleepy	asleep	37
sleet	partially melted snow	28
sleeveless	vain	29
sleuth	spy	26
slew	lot	33
slice	share of something	40
sliced	prepared by cutting	36
slick	slippery smoothness	37
slicker	mac	25
slider	person who slips	32
slimed	slippery	20
slimy	slippery	31
slink	walk stealthily	24
slip	move stealthily	43
slipknot	knot	27
slippy	sliding	23
slipshod	careless	19
slipway	ways	21
slit	long narrow opening	35
slither	slide	25
slithering	slipping	24
sliver	small thin sharp bit	30
slob	pig	28
slog	work doggedly	29
slop	spill	27
sloppy	lacking neatness	36
slosh	make a splashing sound	21
sloshed	smashed	22
sloth	disinclination to work	31
slothful	lazy	19
slouch	incompetent person	27
slough	necrotic tissue	31
slovene	native of Slovenia	23
slower	more slowly	40
slowest	most slowly	31
slug	strike heavily	33
slugfest	fight with bare fists	21
sluggish	slow	32
sluicing	pouring from	18
slumber	sleep	32
slurp	eat noisily	26
slush	partially melted snow	30
slut	dirty untidy woman	38
smallholder	person owning	23
smallish	little	25
smallmouth	variety of black bass	22
smash	hit hard	41
smashed	drunk	38
smasher	beauty	23
smear	slanderous defamation	35
smelly	foul	33
smirk	smile affectedly	30
smitten	struck	30
smoldering	angry	28
smooch	enthusiastic kiss	25
smoothly	with no problems	37
smorgasbord	variety	24
smother	surround	28
smouldering	angry	25
smug	excessive complacency	33
smuggled	illegal	32
smuggler	runner	30
smutty	obscenity	22
snack	light informal meal	39
snaffle	bit	20
snakebite	bite	22
snap	utter in an angry	42
snapdragon	flower	27
snappy	apt to speak irritably	30
snapshot	informal photograph	34
snarl	snap	26
snarled	tangled in knots	25
snatch	grasp hastily	35
snatcher	thief	24
snazzy	stylish	26
sneak	go stealthily	40
sneaky	deception	35
sneering	expressive of contempt	26
snicker	laugh quietly	25
snide	expressive of contempt	26
snidely	with a sneer	18
sniffy	proud	18
snigger	laugh quietly	20
snitch	cop	31
snobbish	private	25
snobby	private	25
snog	kiss	21
snooker	pool	30
snoop	spy	34
snooty	proud	26
snotty	proud	26
snout	nose	31
snowfall	precipitation	32
snowflake	crystal of snow	32
snowman	figure	32
snowy	covered	35
snub	ignore	29
snug	protected	31
snugly	fitting closely	25
soak	submerge in a liquid	36
soaked	drunk	37
soaker	heavy rain	22
soapbox	crate for packing soap	25
soar	rise rapidly	34
soaring	high	34
sobering	serious	29
sobriquet	nickname	21
sociability	relative tendency	23
socialised	under group	23
socialized	under group	29
sociobiology	biology	19
sodden	wet	24
sodding	perfect	21
sodium	na	39
sofa	seat	38
softball	ball	37
softened	toned down	32
softly	with low volume	38
soggy	wet	31
soiled	dirty	30
soja	soy	20
sojourn	temporary stay	28
sojourner	temporary resident	23
soldiery	troops	20
sole	underside of footwear	43
solely	only	42
solemn	sober	34
solenoid	coil	27
solicit	beg	31
solicitous	concerned	21
solidarity	union of interests	39
solidus	coin	20
solitaire	gem	30
soliton	quantum of energy	20
solved	explained or answered	41
solvent	result	34
soma	vine	32
somatic	bodily	29
somber	lacking brightness	30
sombre	lacking brightness	28
sometime	former	42
somnolence	very sleepy state	18
songbook	book	26
songwriter	composer of words	37
sonny	male child	36
sonora	ground snakes	28
sooner	earlier	42
soonest	earliest	24
sooth	truth or reality	24
soothe	console	32
soothing	comfortable	34
sopping	extremely wet	21
soppy	wet	23
soprano	female singer	33
sorbet	ice	26
sorcerer	wizard	31
sordid	morally degraded	30
sore	hurting	40
sorely	great degree	32
soreness	pain that is felt	30
sorrowful	tortured	27
sorter	clerk who sorts things	23
sortie	sally	26
soulless	lacking sensitivity	29
sounding	looking	39
soundless	silent	21
soundly	deeply or completely	30
soundproof	impervious to	24
soundtrack	audio	39
soured	turned bad	28
sourness	taste	20
southeastward	se	21
souther	wind	21
southerly	wind	29
southwestward	sw	20
souvlaki	made of lamb	19
sovereign	independent	40
sower	someone who sows	22
sown	sprinkled with seed	30
soya	soy	27
soybean	soy	31
spacecraft	craft	38
spaced	separated	34
spaceflight	voyage	28
spaceman	astronaut	25
spacial	spatial	21
spacious	big	34
spandau	German machine gun	23
spang	leap, jerk, bang	18
spangled	decorated	29
spank	slap	31
spare	refrain from harming	43
sparing	avoiding waste	30
sparingly	meager degree	30
sparkler	diamonds	22
sparkly	lively	31
sparling	common smelt of Europe	18
sparse	distributed	34
spartan	resident of Sparta	34
spat	words	33
spate	lot	28
spatial	pertaining to	38
spatially	with regard to space	28
spattered	covered	23
spatula	turner	29
spawn	egg	34
spay	remove the ovaries of	24
spayed	ovaries removed	25
speakeasy	illegal barroom	26
speakerphone	phone	24
speakership	position of Speaker	20
spearhead	be the leader of	28
spearmint	mint	23
specially	especially	40
specialness	distinguishing trait	20
specie	coins collectively	24
specious	false	24
speck	very small spot	30
speckle	patch	22
speckled	pattern of dots	28
specs	glasses	35
spectacled	decorated	19
spectacles	glasses	31
spectator	close observer	35
specter	ghost	31
spectre	phantom	32
speculum	mirror	25
speechless	dumb	33
speedboat	fast motorboat	25
speedily	quickly	28
speedometer	meter	26
speedup	acceleration	21
speedwell	flower	19
speedy	rapid	36
spellbinding	attractive	24
spellbound	fascinated	27
sperm	male reproductive cell	38
spew	spit	29
sphagnum	moss	23
sphenoid	bone	18
sphere	particular environment	39
spherical	global	34
spheroidal	rounded	20
spiel	plausible glib talk	27
spiffy	fashionable	24
spigot	plug	25
spiked	pointed	32
spiller	attacker who sheds	25
spinach	vegetable	35
spindly	long and lean	23
spineless	weak	29
spinner	someone who spins	34
spiny	spines	26
spirited	displaying animation	36
spirt	jet	18
spitball	missile	18
spiteful	malicious	29
spitter	person who spits	20
spittoon	receptacle for spit	18
spitz	dog	25
splashed	distributed	30
splat	single splash	27
splattered	covered	27
splay	cant	21
splendid	beautiful	38
splendidly	extremely well	27
splice	join the ends of	29
spliff	butt	23
splint	thin sliver of wood	27
splinter	small thin sharp bit	33
splurge	ostentatious display	29
spoil	make a mess of	38
spokesperson	representative	36
spongy	soft	26
spoof	parody	31
spook	ghost	29
sporadic	isolated	33
sporting	fair	42
sportsmanlike	fair	19
sporty	fair	31
spotted	spots or patches	42
spotty	spots or patches	29
spouse	partner	40
spreader	broadcaster	26
spreadsheet	program	33
sprig	small branch	24
sprightly	spirit and vitality	25
springtime	season of growth	30
springy	elastic	25
sprinkle	distribute loosely	34
sprint	run very fast	40
sprite	fairy	32
spritz	jet	25
sprout	produce buds	31
spud	murphy	27
spunk	tinder	27
spunky	courage	25
spurge	bush	18
spurious	false	30
spurn	reject with contempt	24
spurned	rejected	26
spurt	jet	28
sputum	expectorated matter	24
squabble	words	26
squalid	morally degraded	26
squall	make high-pitched	27
squalor	sordid dirtiness	27
squander	waste	27
squandered	wasted	29
squash	crush	36
squat	sit on one's heels	35
squaw	American Indian woman	27
squeak	make a high-pitched	29
squeal	confess	28
squeeze	compress with violence	39
squelched	suppressed	19
squiggle	short twisting line	21
squiggly	crooked	22
squirm	twist	28
squish	splash	28
squishy	soft	30
stab	use a knife on	38
stabilisation	improvement	27
stabilise	brace	27
stabilised	made stable or firm	27
stabilising	helpful	24
stabilized	made stable or firm	33
stabilizing	helpful	31
stablemate	horse	21
stack	orderly pile	40
stag	male deer	32
stagecoach	coach	29
stagecraft	skill in writing	21
staged	written for	38
staggering	impressive	35
staggeringly	hugely	24
stagnate	stand still	25
stagnation	state of inactivity	32
staid	dignity and propriety	26
stairs	steps	41
stairwell	well	29
stake	put at risk	42
stakeout	surveillance	20
stale	lacking freshness	34
stalinism	dictatorship	24
stalk	walk stiffly	35
stalwart	hardy	29
stammer	speak haltingly	25
stamp	walk heavily	41
stance	standing posture	40
stanchion	any vertical post	19
standoffish	lacking cordiality	21
standpipe	vertical pipe	19
stanhope	rig	28
starchy	consisting of	26
staring	opened	41
starlight	light of the stars	31
starlit	lighted only by stars	19
starring	leading	41
starry	abounding with	32
starship	spacecraft	33
startle	stimulate to action	27
startled	surprised	33
startling	surprising	34
startup	beginning	38
starve	be hungry	35
stash	store	35
stateless	without nationality	28
stately	noble	31
stater	coin	21
stateroom	guest cabin	24
statesmanlike	qualities of	20
statewide	comprehensive	36
statics	mechanics	25
stationary	standing still	36
statuesque	tall	22
statuette	figure	26
stead	part	32
steadfast	firm	31
steadfastly	firmly	27
steadying	helpful	22
stealer	thief	25
steamboat	boat	30
steamed	cooked	33
steaming	wet	33
steamship	ship	31
steamy	wet	31
steelworks	factory	24
steep	sharp inclination	40
steer	guide	37
steerage	accommodation	23
steganography	coding	18
stellar	leading	38
stellate	arranged like rays	21
stench	smell	31
stent	tube	28
stepladder	ladder	21
stepper	professional dancer	24
stepwise	gradual	23
stereotyped	lacking spontaneity	28
stereotypical	lacking spontaneity	32
sterilisation	operation	24
sterilised	made infertile	23
sterilization	operation	31
sterilized	made infertile	29
sterling	greatest	41
sternly	severely	26
sternum	bone	28
stet	printing: cancel	18
stetson	hat	27
stevia	herb	25
stew	sweat	35
stewed	boiled	26
stifle	conceal or hide	30
stigmata	wound	24
stigmatization	branding	23
stile	vertical	24
stiletto	sticker	27
stillbirth	abortion	24
stillborn	unsuccessful	27
stillness	tranquil silence	30
stilt	column of wood	24
stilted	artificial	26
stilton	English blue cheese	24
stimulate	cause	37
stimulated	emotionally aroused	34
stimulative	capable of arousing	19
sting	bite	38
stinger	cocktail	29
stingray	ray	29
stingy	unwilling to spend	30
stinker	bum	24
stinking	shitty	30
stinky	funky	31
stipe	supporting stalk	27
stipulate	specify	28
stipulation	condition	29
stirred	moved	35
stochastic	random	31
stockholder	shareholder	26
stockman	farmer who breed	26
stocky	compact	27
stockyard	yard	19
stoically	without emotion	21
stoke	stir up or tend	37
stomp	stamp	32
stoned	drunk	35
stony	rocky	33
stooge	goat	27
stool	seat	35
stopwatch	timer	26
storehouse	depot	27
storekeeper	merchant who owns	24
storey	floor	36
storeyed	stories as indicated	19
storied	celebrated	30
storybook	book	28
storyline	plot of a book	37
storyteller	narrator	31
stout	dependable	34
straggler	someone who strays	20
straightforward	free from ambiguity	38
straightway	at once	18
strained	lacking natural ease	35
strangler	epiphytic vine	24
strapless	dress	27
strapping	robust	29
stratified	ranked	28
stratigraphy	geology	26
stratus	large dark low cloud	24
strawberry	sweet fleshy red fruit	37
stray	move about aimlessly	37
straying	lost	27
streaked	marked with	28
streaky	marked with	25
streamer	light	30
streamline	contour economically	32
streamlined	efficient	33
streetlight	lamp	24
streetwise	smart	24
strengthened	strong	37
strenuous	energetic	31
streptomyces	aerobic bacteria	22
stressful	trying	39
stricken	sick	35
strict	rigidly accurate	42
stride	step	34
strident	noisy	27
strife	lack of agreement	34
stringent	demanding	34
stringy	lean and sinewy	25
stripling	teen	20
stripped	minimum	38
strix	owls lacking ear tufts	24
stroke	play	43
stroll	leisurely walk	35
strontium	sr	26
stroppy	stubborn	19
strum	sound the strings of	25
strumpet	jade	18
stubble	straw	29
stubby	short and blunt	27
studded	decorated	32
studious	careful	25
stuffed	full	40
stuffy	lacking fresh air	30
stumble	walk unsteadily	34
stumpy	short and thick	23
stung	annoyed	33
stunned	surprised	37
stunner	beauty	28
stunning	commanding attention	43
stupa	shrine	23
stupefied	surprised	21
stupefying	astonishing	20
stupendous	big	28
stupor	shock	27
sturdy	robust	34
stutter	speak haltingly	30
stye	infection	18
stygian	hellish	20
styler	someone who cuts	22
stylised	artificial	25
stylized	artificial	31
styrene	colorless oily liquid	25
suave	refined	29
subacute	acute	21
subalpine	highland	21
subaltern	secondary	22
subcompact	car	23
subconscious	unconscious	34
subcutaneously	below the skin	21
subdue	put down by force	31
subdued	softened tone	34
subheading	head	19
subjection	conquest	25
subjugate	put down by force	25
subjugated	defeated	27
subjugation	oppression	27
sublime	glorious	35
sublimely	completely	21
sublimity	nobility in thought	20
sublingual	beneath the tongue	22
submarine	sub	38
submerge	sink below the surface	26
submergence	sinking	20
submersion	sinking	21
submit	refer for judgment	43
subpart	part of a part	20
subroutine	set sequence of steps	25
subscribe	offer to buy	40
subscribed	signed	35
subscriber	reader	35
subsection	section of a section	32
subsequence	sequel	19
subsequently	after	42
subservient	instrumental	28
subsidence	abatement in intensity	27
subsidiarity	secondary importance	20
subsidised	supported	28
subsidized	supported	34
subsidy	grant	36
subsist	exist	26
substantially	great extent or degree	40
substantiate	confirm	28
substantiating	confirming	20
substantiation	confirmation	21
substructure	infrastructure	23
subsume	contain or include	20
subsurface	underground	29
subterminal	intermediate	20
subtle	difficult to detect	41
subtotal	total	23
subtraction	minus	29
subversion	degradation	30
subvert	overthrow	30
subway	railway	40
subwoofer	speaker	25
succeeding	following	36
successive	ordered	38
succinct	summary	29
succubus	devil	25
succumb	consent reluctantly	31
sucker	fool	36
suckled	breast-fed	19
suction	sucking	34
suds	foam	26
suede	leather	32
sufficiency	enough	30
suffocation	kill	28
suffrage	franchise	34
sufism	Islamic mysticism	24
sugarcane	cane	30
sugarcoat	candy	24
sugared	with sweetening added	23
sugarplum	candy	19
suggestible	susceptible	19
sugi	cedar	19
suicidal	dangerous	36
suitably	appropriately	31
sulfonate	salt of sulphonic acid	20
sulfur	s	34
sullen	brooding ill humor	27
sulphur	s	32
summarily	without delay	28
summery	belonging to	25
summons	request to be present	35
sumo	wrestling	31
sump	reservoir	27
sumptuous	deluxe	30
sunbeam	ray of sunlight	26
sunburn	tan	30
sunburned	unhealthy	24
sunburnt	unhealthy	24
sunburst	sun	26
sundown	sunset	30
sundress	dress	22
sundry	mixed	28
sunflower	flower	34
sunglasses	glasses	37
sunk	ruined	37
sunlight	sun	39
sunny	gay	41
sunray	ray of sunlight	20
sunrise	first light of day	38
sunset	hour	40
sunshine	sun	42
sunspot	spot	26
suntan	tan	23
superannuated	old	19
superannuation	pension	30
superb	brilliant	40
superbly	extremely well	30
supercharge	increase or raise	24
supercharged	powered	28
supercilious	proud	19
superficial	looking	36
superfluous	wasted	30
superfund	program	26
superhighway	pike	24
superimpose	place on top of	21
superintendence	oversight	19
superlative	exaggerated expression	28
supermarket	market	38
supernatural	weird	39
supersaturated	saturated	18
supersede	replace	27
superstar	star	38
supervise	watch and direct	33
supervised	under observation	36
supine	lying face upward	24
supper	light evening meal	37
supplant	replace	26
supplemental	secondary	35
supplementary	secondary	34
supplementation	quantity added	30
supplication	plea	25
supposition	speculation	26
suppress	put down by force	37
supra	above	31
supranational	international	25
supremacy	power to dominate	36
supremely	maximum degree	30
sura	sections  in the Koran	26
surcharge	additional charge	31
surficial	pertaining to	19
surge	rise and move	38
surgeon	doctor	41
surging	great swelling waves	30
surly	ugly	28
surmise	suspect	27
surmount	overcome	22
surmounted	something on top	28
surpass	distinguish oneself	34
surpassing	superior	32
surplus	extra	39
surprising	amazing	43
surreptitious	secret	23
surrogate	replacement	34
surroundings	environment	38
surviving	still in existence	40
susceptible	yielding readily to	37
suspected	believed likely	42
suspend	hang freely	37
suspensory	patch	18
sustain	suffer	39
sustainer	someone who upholds	21
sustenance	nutrition	30
sutler	supplier of victuals	18
suture	immovable joint	30
svelte	polished	22
svoboda	freedom	24
swag	valuable goods	32
swaggering	proud	23
swain	boyfriend	30
swale	low area	22
swallowtail	jacket	20
swampy	muddy	28
swan	swear	38
swank	chic	27
swanky	fashionable	26
swap	switch	39
sward	turf	19
swarm	be teeming, be abuzz	34
swat	sharp blow	35
swatch	sample piece of cloth	28
sway	move back and forth	36
sweatshop	factory	26
sweeping	wide	38
sweepstakes	drawing	30
sweetener	bait	29
sweetness	taste	35
swell	increase in size	36
swelled	proud	30
sweltering	hot	26
swept	possessing sweep	39
swerve	turn sharply	30
swift	fast	42
swiftness	speed	24
swim	travel through water	42
swimmingly	smoothly	24
swindle	scam	27
swipe	abstract	36
swish	move with	29
swishy	noisy	18
swivel	turn on a pivot	30
swollen	proud	36
swoon	pass out from weakness	29
swooning	sick	25
swordsmanship	skill in fencing	22
sworn	committed	39
swot	nerd	27
sycophancy	fawning obsequiousness	18
syllabus	programme	33
syllogism	synthesis	21
sylva	silva	21
symbiotic	dependent	29
symbolise	represent	25
symbolize	represent	30
symmetric	bilateral	32
symmetrical	similarity in size	33
symmetry	attribute of a shape	35
sympathise	share the feelings of	27
sympathize	share the feelings of	31
sympathy	inclination to support	40
symptom	any sensation	36
symptomatic	diagnostic	31
synchronised	operating in unison	26
synchronized	operating in unison	32
syndicalist	advocate of anarchism	22
syndicate	mob	35
syndication	organizing into	28
syndrome	complex	42
synergistic	interactive	27
syphilis	dose	31
syphon	tube	20
syrinx	pipe	18
syrupy	sweet	24
systematic	order and planning	39
systematically	consistently	35
taal	dutch	20
tabi	sock	23
tableland	plateau	20
tabloid	tab	32
taboo	prohibited	35
tabor	drum	28
tacit	understood	29
tackle	accept as a challenge	42
tacky	wet	32
taco	mexican	37
tadpole	larval frog or toad	25
taffy	chewy candy of sugar	27
tahini	spread	23
tailgate	gate	30
taillight	lamp	23
tailpipe	pipe	23
tailwind	wind	23
taint	contamination	30
tainted	touched by rot	34
taiwanese	min	33
takeoff	departure	34
takings	proceeds	27
tale	story	43
talismanic	supernatural	19
talkative	trivial conversation	30
talker	speaker	30
talky	trivial conversation	20
tallgrass	grass	18
tally	score	36
tamarisk	any shrub	19
tambourine	drum	26
tame	correct by punishment	36
tamper	play around with	29
tampon	plug of cotton	29
tang	tart spicy quality	36
tangent	straight line	32
tangential	irrelevant	27
tangle	maze	31
tangled	confused mass	35
tanner	coin	36
tannoy	loudspeaker	20
tansy	composite	22
tantalising	inviting	23
tantalizing	inviting	27
tantalum	ta	24
tantamount	equal	29
tantrum	display of bad temper	31
taoiseach	premier	25
tapenade	spread	18
taper	diminish gradually	33
tapered	narrow	32
taproom	bar	22
tardive	late-occurring	18
tardy	late	27
tare	adjustment	23
tarn	mountain lake	26
tarnish	make dirty or spotty	28
tarp	waterproofed canvas	30
tarpaulin	waterproofed canvas	24
tarry	lounge	24
tarsal	bone	21
tartar	dragon	29
tartarus	hell	24
tartness	taste	19
tasteless	lacking flavor	30
tater	murphy	26
tattered	worn	28
tattle	singing	23
tatty	worn	22
taunting	disrespectful	30
taupe	greyish brown	25
taut	tight	29
tawdry	cheap	24
taxable	subject to taxation	34
taxation	tax	38
taxi	car	42
taxicab	car	26
taxonomic	systematic	29
taxpayer	someone who pays taxes	39
teammate	mate	38
teapot	pot for brewing tea	29
tearful	swimming	30
tearfully	with tears	25
tease	annoy persistently	36
teatime	tea	24
technologist	engineer	28
tedious	boring	35
teem	pour	21
teeming	abundant	29
teenage	young	41
teenaged	young	27
teensy	wee	24
teeny	wee	30
teepee	Native American tent	22
teeter	move unsteadily	24
teetotaler	total abstainer	19
telco	utility	26
telecast	television broadcast	31
telecaster	television broadcaster	23
telemark	turn made in skiing	18
teleportation	transfer	28
telescopic	visible	28
telltale	revealing	29
tellurium	te	22
telly	tv	32
temblor	earthquake	20
temerity	fearless daring	24
temper	mood	38
temperament	your usual mood	34
temperate	free from extremes	33
tempest	storm	33
tempestuous	violent emotions	25
temptation	something that seduces	37
tenable	reasonable	24
tenacious	good at remembering	30
tenanted	resided in	21
tender	given to sympathy	41
tenderfoot	inexperienced person	19
tenner	x	26
tenno	emperor of Japan	19
tension	stress	42
tensor	variable	30
tent	portable shelter	40
tenuous	thin consistency	30
tepee	Native American tent	20
tepid	warm	27
teratoma	tumor	18
terminally	at the end	30
terminate	bring to an end	36
terminated	ended	38
terminus	destination	32
termite	insect	28
ternary	three	25
terrace	bench	39
terrapin	turtle	23
terrific	very great or intense	39
terrifically	extremely well	22
terrified	afraid	39
terrify	fill with terror	28
terrifying	causing extreme terror	40
terrorise	coerce by violence	21
terrorize	coerce by violence	28
testament	profession of belief	41
testimonial	tribute	31
tetanus	infection	29
tethered	bound	29
tetrad	four	21
textbook	book	38
textured	rough	32
thallium	tl	23
thane	feudal lord or baron	29
thatcherism	policy	20
thaw	melt	32
thawed	melted	27
thence	from that place	31
thenceforth	thereafter	21
theoretic	hypothetical	26
therapeutic	tending to cure	38
therapeutics	medicine	32
thereafter	from that time on	40
thereby	by that means	40
therefrom	from that circumstance	24
thereon	on that	28
thereto	that	29
thereunder	under that	21
therewith	with that	25
thermally	by means of heat	27
thermodynamics	physics	31
thermonuclear	nuclear	27
thermostat	regulator	31
thespian	actor	24
thiamin	b	18
thiamine	b	23
thicket	dense growth of bushes	27
thievery	stealing	25
thieving	stealing	27
thinker	important intellectual	34
thinly	without force	33
thinned	mixed with water	27
thinner	diluting agent	36
thirsty	needing moisture	37
thirteen	one more than twelve	39
thistle	weed	32
thither	toward that place	25
thole	holder	20
thoracotomy	section	20
thorax	chest	29
thorium	th	28
thorny	hard	29
thorough	careful	40
thoroughbred	well-bred person	30
thoroughgoing	complete	18
thoughtful	intellectual depth	38
thoughtfulness	reflection	26
thrall	slavery	28
threadbare	tired	24
threefold	multiple	27
threepenny	sized	20
threesome	iii	33
thrice	three times	31
thrilling	exciting	36
thrive	grow vigorously	37
thriving	successful	36
throng	jam	28
thronged	crowded	24
throttle	valve	35
thrower	person who twists silk	29
thrust	push forcefully	39
thruster	one who intrudes	27
thruway	pike	23
thud	make a dull sound	29
thug	hood	35
thuggery	crime	22
thumbed	worn	23
thump	move rhythmically	30
thunderbolt	bolt	31
thundering	noisy	30
thunderous	loud	28
thunderstruck	surprised	22
thundery	loud	18
thunk	dull hollow sound	26
thwack	blow	21
thwart	hinder or prevent  of	31
thwarted	disappointed	32
thyme	herb	31
thymine	t	20
tick	metallic tapping sound	38
ticker	heart	30
tickler	file of memoranda	21
ticklish	hard	26
tidiness	habit of being tidy	19
tidings	news	28
tier	level	42
tiered	arranged in tiers	31
tiff	words	30
tiffin	lunch	25
tights	hose	33
tigress	female tiger	24
tilapia	genus of Cichlidae	26
tiled	covered	30
tiler	worker who lays tile	19
tiller	shoot	30
tilted	leaning	33
timbered	furnished with	25
timberland	forest	26
timed	regular	36
timeless	unaffected by time	35
timelessness	eternity	22
timeliness	at the right time	27
timepiece	measuring instrument	25
timid	unsure	32
timorous	timid by nature	18
timothy	grass	38
tine	prong on a fork	26
tinea	infections of the skin	22
tinfoil	foil made of tin	25
tingle	chill	29
tingling	exciting	31
tinker	potter	33
tinned	canned	27
tint	shade	32
tipi	Native American tent	22
tipped	a tip	37
tippet	cape	20
tippy	unstable	25
tipsy	drunk	29
tiptoe	walk on one's toes	26
tiptop	height	19
tipu	tree	22
tiredness	fatigue	29
tireless	energetic	30
tiresome	boring	31
tiring	producing exhaustion	34
titan	giant	37
titanic	big	36
titillating	exciting	23
titter	laugh nervously	19
titty	breast	30
toad	frog	33
toasted	cooked	33
tocopherol	e	22
toddle	walk unsteadily	19
toddler	young child	38
toffee	candy	29
togetherness	affectionate closeness	28
toil	work hard	30
toilette	dressing	24
toiling	busy	26
tokamak	chamber	22
toke	puff of a marijuana	27
tolerable	capable of being borne	31
tolerant	respect for the rights	36
tolerate	put up with something	38
toll	fee	41
tollbooth	booth	21
tomahawk	arm	29
tombola	drawing	18
tomcat	tom	26
tome	book	32
tomography	imaging	30
tongued	provided with	26
tonic	soda	34
tonnage	duty	29
tonne	mt	32
tonsure	crown	19
toolbox	chest	30
toon	cartoon	30
toot	blast of a horn	30
tooth	bone	41
toothbrush	small brush	34
toothless	lacking teeth	30
toothpick	pick	28
toothy	prominent teeth	23
topaz	yellow quartz	29
topcoat	coat	21
tope	shrine	22
topiary	garden	23
topically	locally	23
topless	no top	34
topnotch	super	20
topos	traditional theme	21
topper	worker who makes	31
topple	fall down	30
tops	super	41
topside	weather deck	24
topspin	spin	20
toque	hat	21
torch	light	37
torchbearer	leader in a campaign	19
torchlight	light	24
tormented	tortured	32
torpedo	sub	34
torque	twisting force	36
torrent	heavy rain	34
torrid	passionate	26
torsion	torque	28
tortoise	turtle	33
tortuous	complex	26
torture	torment emotionally	42
torturing	painful	32
torturous	painful	26
torus	tore	26
toss	sky	39
totaled	destroyed	34
totalitarianism	dictatorship	28
totality	entirety	30
tote	capacious bag	33
touchable	tangible	18
touchdown	score	40
touching	arousing affect	42
touchstone	standard	28
touchy	quick to take offense	31
toughie	hood	18
touristy	popular	26
tourniquet	patch	25
towner	resident of a town	23
towpath	path along a canal	23
toxoplasmosis	infection	22
trace	follow, discover,	42
tracer	detective	32
tracheostomy	operation	20
tracheotomy	operation	22
tract	extended area of land	37
tractable	easily managed	22
trademarked	proprietary	27
tradesman	merchant who owns	26
trafficker	seller	26
tragic	sad	41
traipse	walk or tramp about	19
traitorous	character of	27
tramp	travel on foot	32
trance	spell	35
tranche	portion of something	25
tranquil	calm	31
tranquillity	untroubled state	28
transact	conduct business	27
transactions	minutes	42
transcend	exceed	31
transcendence	state of being	29
transcendent	superior	30
transcendental	supernatural	30
transcendentalism	philosophy	19
transcribe	write out from speech	27
transcribed	recorded	32
transcript	copy	37
transcription	something written	35
transect	cut across	19
transfixed	fascinated	25
transformation	qualitative change	42
transformed	changed	41
transfusion	introduction of blood	31
transgendered	homosexual	24
transgress	breach	23
transistorized	equipped	19
transitive	verb	28
transitory	temporary	27
transmissible	genetic	24
transnational	international	32
transom	window	24
transonic	sonic	20
transplantation	operation	32
transporter	truck	32
transpose	change the order	25
transposed	reversed	26
transposon	dna	19
trashy	worthless	31
trauma	injury	41
travail	labour	25
traversal	crossing	23
traverse	cross	34
travesty	parody	30
treacherous	dangerous	33
treachery	betrayal of a trust	31
treacle	pale cane syrup	25
treadle	pedal	19
treason	crime	38
treasonable	character of	20
treasonous	character of	27
treasured	wanted	31
treasury	funds of a government	42
treatise	formal exposition	34
treble	denoting a high range	33
trebuchet	engine	21
treed	trapped	19
trefoil	herb	22
trek	journey by ox wagon	40
trembling	shaking	33
tremendous	big	41
tremor	involuntary vibration	30
trenchant	searching	24
trepidation	feeling of alarm	27
trews	tight-fitting trousers	18
trey	three	34
triad	three	32
triangle	three-sided polygon	39
triangular	three angles	34
tribunal	court	39
trice	instant	24
trickle	run or flow slowly	32
tricksy	skill in deception	19
tricolor	colored	25
tricolour	flag	23
tricuspid	three cusps or points	20
trident	lance	33
trifle	pudding	29
trigon	triangle	18
trigonal	threefold symmetry	20
trilateral	triangle	24
trillion	million	38
trimester	period of three months	31
trine	three	25
trinity	three	39
trinket	cheap showy jewelry	27
trio	three	39
triode	tube	23
tripe	rubbish	27
triplet	three	27
triplex	multiple	22
triplicate	three copies	24
tripod	stand	32
tripping	buoyant rhythm	35
trite	tired	28
triumph	victory	40
triune	multiple	22
trivalent	valence of three	20
trivet	stand	19
trivially	with little effort	23
trna	rna	25
troika	rig	25
trojan	native of ancient Troy	34
trolleybus	coach	21
trombone	brass	30
troop	group of soldiers	37
trooper	soldier	34
trotter	foot of a pig	29
troubadour	singer of folk songs	25
troubled	worried	39
troubleshoot	solve problems	26
troublesome	hard	34
troubling	disturbing	35
trough	narrow depression	34
trounce	whip	20
trousseau	outfit	21
truancy	failure to attend	25
truculent	aggressive	20
truelove	sweetheart	20
truism	obvious truth	24
trumpet	brass	36
truncated	short	30
truncheon	billy	21
trundle	move heavily	25
trunks	shorts	34
truss	patch	33
trussed	tied	22
trusteeship	dependent country	22
trustful	inclined to believe	20
trusting	inclined to believe	37
trustworthy	authentic	35
tryout	trial	29
tryst	date	26
tsar	male monarch	32
tsetse	fly	23
tuba	bass	28
tubby	fat	27
tuberculous	sick	18
tubular	constituting a tube	32
tubule	small tube	21
tuck	fit snugly into	36
tudor	dynasty	33
tuft	bunch of hair	26
tugboat	boat	25
tuition	fee	40
tumble	fall down	34
tumbleweed	weed	25
tummy	corporation	34
tumor	growth	40
tumour	growth	34
tums	antacid	23
tumultuous	troubled	31
tuneful	musical sound	22
tuner	radio	29
tungsten	w	31
tunnel	move through by	42
tunny	tuna	19
tuppence	coin	20
turbofan	jet	20
turbojet	jet	21
turd	poop	32
turmeric	herb	29
turmoil	violent disturbance	35
turnpike	gate	32
turnstile	gate	24
turpentine	obtained from conifers	26
turtle	jersey	39
turtledove	small Australian dove	19
turtleneck	jersey	26
tuscan	resident of Tuscany	30
tush	seat	22
tusk	ivory	30
tussle	disorderly fighting	26
tussock	bunch of hair	20
tutelage	tuition	28
tutelary	protective	20
tutor	coach	37
twain	pair	34
twang	sharp vibrating sound	26
twat	goose	33
tweak	squeeze	33
twee	refined	25
tweedle	sing in modulation	20
tweedy	rough	24
tweeter	speaker	27
twig	small branch	30
twiggy	thin as a twig	24
twilight	hour	38
twine	lace	29
twinge	sudden sharp feeling	25
twinkle	flash	32
twinkly	smiling	19
twinned	matching	24
twister	tornado	30
twisty	winding	27
twitch	make an uncontrolled	38
twofold	dual	28
twosome	pair	22
tyke	native of Yorkshire	22
tympanic	resembling a drum	21
typeface	font	28
typeset	set in type	22
typify	represent	20
tyrannical	unjust severity	30
tzar	male monarch	18
ukulele	guitar	30
ulcerated	unhealthy	19
ultra	far beyond the norm	42
ultraconservative	extreme conservative	18
ultramodern	modern	19
umayyad	dynasty	21
umber	earth pigment	24
umbra	shadow	24
umbrage	offense	23
umma	Muslim community	23
ummah	Muslim community	25
umpteen	many	21
unabated	intense	27
unabridged	dictionary	26
unaccompanied	lonely	30
unachievable	impossible	23
unadulterated	pure	27
unaffiliated	independent	28
unafraid	oblivious of dangers	27
unaired	lacking fresh air	19
unalloyed	pure	20
unaltered	unchanged	28
unannounced	unexpected	30
unanswerable	impossible to answer	23
unanticipated	unexpected	27
unapologetic	unwilling to make	28
unary	consisting of	19
unashamedly	without shame	24
unassailable	immune to attack	25
unassuming	retiring	28
unattainable	impossible	29
unattractive	lacking beauty	34
unavoidable	inevitable	34
unavoidably	inevitably	24
unawares	without forethought	24
unbalance	lack of balance	23
unbalanced	crazy	32
unbeatable	hard to defeat	32
unbeknown	unknown	21
unbeknownst	unknown	28
unbelief	rejection of belief	25
unbelievable	incredible	41
unbelievably	incredibly	34
unbending	incapable of adapting	21
unbiased	lack of partiality	33
unbind	untie or unfasten	19
unblemished	stainless	24
unblinking	no visible emotion	21
unbounded	infinite	25
unbowed	erect in posture	19
unbox	remove from a box	20
unbranched	without branches	20
unbutton	undo the buttons of	22
uncanny	weird	33
uncaring	lacking affection	26
unceasing	eternal	22
unceasingly	continuously	20
unceremonious	informal	19
uncertainty	doubt	40
unchain	remove the chains from	18
unchallenged	generally agreed upon	29
unchangeable	confirmed	24
unchanging	consistent	27
uncharted	unknown	32
uncivil	lacking civility	23
unclaimed	unwanted	29
unclean	dirty	31
unclothed	uncovered	20
unclouded	pure	18
uncluttered	nothing extraneous	22
unco	remarkably	19
uncomfortable	conducive to	42
uncommon	rare	39
uncommonly	exceptionally	26
uncommunicative	mum	19
uncompensated	unpaid	21
uncompleted	incomplete	24
uncomplicated	simple	28
unconcerned	detached	27
unconditional	stark	35
unconnected	exploded	28
unconquered	undefeated	21
unconscionable	lacking a conscience	28
unconsciously	without awareness	30
unconsolidated	loose	21
unconstrained	free	24
uncontrollable	difficult to solve	32
unconvinced	lacking conviction	26
unconvincing	unbelievable	27
uncool	bad	28
uncooperative	unwilling to cooperate	26
uncork	release	18
uncorrected	left faulty or wrong	22
uncorrelated	unrelated	21
uncorrupted	perfect	20
uncounted	countless	22
uncouple	disconnect or separate	19
uncoupled	coupling undone	22
uncouth	lacking refinement	25
uncover	reveal	35
uncovered	exposed	37
uncultured	lacking art	24
undaunted	unshaken in purpose	27
undefeated	victorious	36
undefended	vulnerable	23
undefiled	free from stain	18
undefined	vague	30
underbelly	lower side	27
underbody	soft belly	20
undercover	secret	38
underdeveloped	developing	30
underdone	insufficiently cooked	19
underestimation	idea	22
undergo	pass through	38
underhanded	deception	25
underline	emphasize	30
underling	subsidiary	22
undermanned	inadequate	21
undermine	destroy property	36
underpass	subway	26
underpin	support from beneath	27
underprivileged	deprived	29
underscore	emphasize	30
underside	bottom	32
undersized	little	26
understaffed	inadequate	26
understandably	clearly	33
understate	minimize	23
undertake	attempt	37
underway	currently in progress	39
underweight	skinny	28
underworld	criminal class	35
undesired	unwanted	26
undetectable	invisible	28
undetected	unseen	30
undiagnosed	unknown	28
undies	women's underwear	29
undignified	ridiculous	25
undirected	aimlessly drifting	21
undisguised	plain to see	21
undisputed	generally agreed upon	33
undivided	united	30
undo	cancel, annul,	36
undone	ruined	34
undoubtedly	without doubt	39
undressed	unfinished	30
unduly	undue degree	30
undying	immortal	29
unearned	honorary	27
unearth	bring to light	27
unearthly	spiritual	24
unease	physical discomfort	28
uneasily	with anxiety	23
uneconomic	wasteful of resources	23
uneducated	ignorant	32
unemotional	unsusceptible to	23
unemployed	fired	39
unencumbered	free of encumbrance	26
unending	eternal	30
unenviable	embarrassing	23
unequal	inadequate	33
unequaled	unique	22
unequalled	unique	22
unequivocal	straightforward	29
unerringly	without making errors	19
unexceptional	ordinary	20
unexpectedly	accidentally	37
unexplored	unknown	29
unfailingly	without fail	23
unfashionable	dated	24
unfastened	unlocked	20
unfavorable	adverse	32
unfavorably	disapproval	25
unfavourable	adverse	28
unfavourably	disapproval	22
unfeasible	impossible	25
unfitting	inappropriate	18
unflagging	energetic	19
unflappable	composed	21
unforced	willing	24
unforeseeable	unpredictable	24
unforeseen	unexpected	32
unforgettable	impossible to forget	35
unforgiving	stern	30
unfortunate	poor	41
unfree	held in servitude	21
unfreeze	melt	22
unfrozen	melting	22
unfulfilled	unsuccessful	29
unfurl	unroll, unfold,	22
ungenerous	lacking in magnanimity	19
ungodly	wicked	29
unguarded	vulnerable	28
unhappily	sadly	26
unhappiness	sadness	32
unheated	cold	23
unheeded	ignored	23
unheralded	unexpected	22
unhesitatingly	without hesitation	19
unhinged	crazy	30
unhook	take off a hook	22
unhurried	relaxed and leisurely	22
unidentifiable	impossible to identify	24
unidentified	unknown	36
unification	fusion	34
unified	united	39
unify	unite	31
unimaginable	impossible	32
unimagined	incredible	18
unimpeachable	beyond doubt	23
uninfected	free from sepsis	23
uninformative	lacking information	19
uninhabited	abandoned	30
unintelligent	lacking intelligence	25
unintended	accidental	33
unintentional	unwilling	31
unintentionally	without intention	32
uninteresting	pedestrian	29
uninterrupted	undisturbed continuity	32
uninterruptedly	without interruption	18
uninvited	unwelcome and unwanted	28
uninvolved	detached	24
unionised	organised	18
unionization	organization	26
unionized	organised	28
unipolar	single pole	22
unison	corresponding exactly	33
unite	act in concert	39
unity	i	42
universally	everywhere	36
unix	os	33
unjust	unfair	34
unjustifiably	without any excuse	22
unjustified	unreasonable	30
unkind	lacking kindness	30
unkindness	lack of sympathy	19
unknowing	ignorance	25
unknowingly	without knowledge	31
unladylike	lacking the behavior	19
unlearn	try to forget	24
unleash	release or vent	34
unleavened	made without leavening	23
unlimited	no limits in range	41
unlock	open the lock of	39
unloved	rejected	28
unluckily	unfortunately	22
unlucky	bringing misfortune	36
unmanageable	difficult to use	27
unmanned	lacking a crew	33
unmapped	unknown	19
unmarked	overlooked	32
unmarried	divorced	35
unmatchable	eminent beyond	18
unmeasurable	impossible to measure	18
unmeasured	impossible to measure	19
unmediated	no intervening persons	19
unmistakable	clear	31
unmistakably	remarkably	26
unmitigated	fucking	26
unmixed	sheer	21
unmotivated	without motivation	25
unmoving	stationary	21
unnamed	unknown	36
unnecessary	extra	42
unneeded	extra	26
unnerved	afraid	25
unnerving	formidable	28
unnoticed	ignored	34
unnumbered	countless	24
unobserved	unseen	23
unobstructed	free from impediment	26
unobtainable	unavailable	24
unofficial	summary	37
unparalleled	unique	32
unperturbed	composed	24
unpleasing	lacking graciousness	19
unpolluted	pure	19
unpopular	regarded with disfavor	37
unprecedented	no precedent	38
unprepared	without preparation	33
unpretentious	lacking pretension	26
unprincipled	lacking principles	23
unproblematic	simple	21
unprompted	spontaneous	20
unprotected	exposed	33
unquenchable	impossible to quench	23
unquestionable	authentic	26
unquestionably	without question	32
unquestioned	generally agreed upon	25
unquiet	unrest or disorder	21
unreal	lacking in reality	36
unrealised	unsuccessful	19
unrealized	unsuccessful	26
unrelenting	stern	29
unremarkable	everyday	28
unremitting	perpetual	22
unreservedly	without reservation	25
unrest	state of agitation	36
unrewarded	unsuccessful	20
unrivaled	eminent beyond	25
unrivalled	eminent beyond	28
unruffled	composed	21
unsafe	lacking in security	37
unsanctioned	unofficial	24
unsatisfactory	disappointing	30
unsatisfied	restless	30
unsatisfying	disappointing	26
unsaved	damned	22
unsavory	morally offensive	27
unsavoury	morally offensive	23
unscramble	make intelligible	20
unscrupulous	without scruples	31
unseal	break the seal of	20
unseaworthy	unfit for a voyage	19
unsecured	unlocked	32
unselfishness	generosity	19
unsentimental	tough	21
unsettled	still in doubt	32
unshakable	firm	24
unsightly	ugly	28
unsigned	lacking a signature	32
unskilled	crude	30
unsocial	withdrawn	19
unsophisticated	naive	26
unsparing	generous	21
unspeakable	defying expression	31
unspeakably	inexpressible degree	23
unspecific	general	21
unspoiled	fresh	26
unspoilt	fresh	23
unsporting	cheating	18
unsportsmanlike	cheating	25
unstable	lacking stability	39
unsteady	subject to change	27
unstinting	generous	18
unstuck	free	25
unsubtle	clear	20
unsuccessful	attempted	37
unsuccessfully	without success	33
unsullied	stainless	25
unsurpassed	best	27
unsuspecting	trusting	31
untainted	stainless	24
untalented	devoid of talent	22
untamed	wild	28
untarnished	stainless	19
untenable	unreasonable	30
untidy	messy	26
untie	undo the ties of	25
untimely	badly timed	31
untold	much	33
untouched	full	34
untoward	adverse	27
untrue	false	34
untrustworthy	tricky	28
untruth	false statement	22
untucked	lacking tucks	20
unusable	useless	30
unusually	remarkable degree	38
unvaccinated	susceptible	24
unveil	remove the veil from	32
unveiled	revealed	38
unverifiable	subjective	21
unwarranted	idle	31
unwavering	firm	30
unwell	poorly	31
unwieldy	difficult to use	28
unwise	foolish	31
unwisely	without good sense	24
unwittingly	without knowledge	31
unworkable	impossible	26
unworthy	lacking in value	32
unwrap	remove the outer cover	26
unwritten	oral	30
unyielding	stubborn	27
unzip	open the zipper of	26
upbeat	pleasantly  optimistic	35
upcountry	inland	20
updraft	draft	21
upended	vertical	23
upfront	frank and honest	35
upgrade	rate higher	42
uphill	rising	34
uphold	preserve	35
upkeep	maintenance	32
upland	highland	31
uplift	fill with high spirits	33
upload	transfer a file	40
uppercut	blow	26
upraised	lifted	18
upright	vertical position	37
upriver	toward the source	26
uproarious	noisy	21
upshot	result	27
upside	top	40
upstairs	on a floor above	39
upstanding	respectable	28
upstream	toward the source	36
upsurge	sudden forceful flow	27
uptake	consumption	33
uptight	tense state	29
upturn	upward movement	25
upturned	turned	26
upward	up	37
upwardly	up	26
upwards	up	38
uracil	u	20
uranium	u	38
urate	salt of uric acid	18
urbane	polished	25
urbanity	polished courtesy	18
urethane	ester of carbamic acid	24
urge	press	41
urgently	desperately	35
uriah	soldier	26
urination	discharge of urine	27
urologist	specialist	25
urology	medicine	28
urticaria	rash	23
usable	useful	35
usage	act of using	42
useable	operational	26
usefulness	utility	33
useless	no beneficial use	42
usher	take  to their seats	35
usurper	one who wrongfully	26
utilisation	exercise	28
utilise	use	30
utilised	used	32
utilitarian	useful	30
utilization	exercise	35
utilize	use	38
utilized	used	38
utmost	extreme	36
utter	express	38
uttered	expressed	32
utterly	absolutely	40
uttermost	maximum	22
vacancy	unoccupied	36
vacant	empty	38
vacate	resign	31
vaccinia	infection	18
vacillating	uncertain in purpose	21
vacuous	foolish	25
vacuum	absence of matter	41
vagrant	floating	28
vain	proud	37
vainglorious	proud	19
vainglory	outspoken conceit	21
vainly	no avail	24
vaishnava	worshipper of Vishnu	18
vajra	Indra's thunderbolt	21
vale	valley	36
valedictory	farewell oration	22
valerian	flower	26
valet	gentleman	32
valhalla	heaven	30
valiant	brave	33
valiantly	with valor	26
validating	confirming	30
valois	dynasty	24
valor	qualities of a hero	32
valorous	brave	20
valour	qualities of a hero	29
valuation	rating	38
valueless	worthless	22
vanadium	v	26
vandalism	destruction	33
vandalize	destroy wantonly	22
vanguard	van	35
vanish	disappear	34
vanishingly	so as to disappear	21
vanquish	beat	26
vantage	advantage	33
vapid	lacking taste	25
vaporize	kill with	25
vaporized	converted into a gas	26
vaporous	transparent	18
vapors	blues	28
vapours	blues	23
vaquero	cowboy	19
variable	liable to	41
variation	instance of change	41
varicose	unhealthy	25
varnished	stained	24
vase	open jar of glass	35
vassal	person holding a fief	29
vassalage	state of a serf	19
vastness	greatness	27
vault	burial chamber	39
vaulted	rounded	31
veal	meat from a calf	31
veer	turn sharply	30
vegan	strict vegetarian	40
vegetable	edible seeds	39
veggie	vegetable	33
vehemence	emphasis	22
vehement	fierce	26
velocity	speed	39
velvety	smooth	27
vena	vein	25
venal	corrupt	23
vendee	buyer	19
vender	seller	19
vendor	someone who promotes	38
veneer	facing	31
venerable	old	33
veneration	awe	29
venetian	resident of Venice	33
venomous	toxic	31
vented	supplied with a vent	30
venter	speaker who expresses	25
ventilated	aired	29
ventilation	improvement	36
venture	guess	43
venue	scene of any event	42
veranda	gallery	29
verandah	gallery	26
verbalize	be verbose	22
verbalized	expressed	19
verbally	as a verb	34
verbatim	exact	31
verbena	flower	23
verbiage	overabundance of words	24
verboten	prohibited	21
verdant	abundant	27
verified	proved	39
verify	confirm the truth of	39
verifying	confirming	31
verisimilitude	appearance of truth	22
veritable	regular	30
verity	truth	28
vermilion	scarlet	28
vernal	young	26
veronica	flower	36
versatile	great diversity	37
versatility	wide variety of skills	33
verso	left-hand page	27
vertebra	bone	28
vertex	intersection	32
vertiginous	sick	20
vertigo	reeling sensation	32
vertu	love of	20
verve	energetic style	28
vestal	chaste woman	25
vestibule	hall	27
vestment	gown	18
veterinarian	vet	32
vexatious	annoying	23
vexed	annoyed	28
vexing	annoying	26
viable	possible	40
vial	bottle	31
vibrant	vigorous and animated	37
vibrate	shake, quiver,	31
vibratory	moving	24
vicarage	residence	27
vicarious	secondary	26
vicariously	indirectly, as, by,	27
viceroy	governor of a country	31
vicinity	neighborhood	38
viciousness	brutality	22
victimisation	using	22
victimised	used	23
victimization	using	28
victimized	used	30
victor	winner	42
victorious	winning	36
victrola	brand of gramophone	19
vidar	Aesir	19
videotape	tape	31
viewable	visible	26
viewer	close observer	38
vigna	genus of vines	20
vignette	sketch	26
vigor	energy	30
vigour	energy	29
viii	eight	37
vile	morally reprehensible	36
vilification	slanderous defamation	23
villain	wicked or evil person	39
villainous	wicked	28
vinaigrette	dressing	26
vindicate	justify	25
vindicated	cleared	30
vindication	clearing	29
vinifera	grape	20
vino	wine	28
vintner	someone who sells wine	20
viol	string	23
violate	fail to agree with	38
violated	treated irreverently	39
violation	crime	42
violin	string	37
violoncello	string	21
viper	snake	33
virago	amazon	21
virile	strong	25
virology	medicine	26
virtu	love of	19
virtually	almost	43
virtuosity	technical skill	26
virtuoso	star	29
virtuous	morally excellent	32
virulence	extreme harmfulness	26
virulent	toxic	29
visage	human face	28
viscous	sticky	29
vista	view	37
visualised	pictured	21
visualize	fancy	33
visualized	pictured	28
visually	with respect to vision	37
vitality	energetic style	34
viticulture	culture	23
vitriolic	unpleasant	26
vivace	very fast and lively	18
vivacious	vibrant	27
vividness	color	21
viviparous	producing living young	19
vivisection	operation	23
vizsla	pointer	19
vocalist	singer	34
vocalization	voice	23
vocation	career	32
vociferous	noisy	24
voicemail	telephone	33
volition	will	28
volitional	willing	20
volley	fire	32
volt	v	33
voltaic	pertaining to	22
voltmeter	meter	20
voluble	ready flow of speech	20
voluminous	big	28
voluptuous	juicy	27
vouch	guarantee	31
vulcanized	cured	21
vulgar	lacking refinement	35
vulnerable	susceptible to attack	42
vulpes	foxes	21
vulture	predator	32
wacky	silly	33
wade	walk	40
wager	act of gambling	34
waggon	wagon	21
waggoner	driver of a wagon	23
wahhabism	islam	23
wahoo	bush	26
wail	emit long loud cries	29
wainwright	wagon maker	30
waiter	server	36
waitress	woman waiter	36
waive	do without	32
wale	hurt	27
walkabout	walking trip or tour	25
walkaway	easy victory	20
walkman	stereo	26
walkout	strike	28
walkover	breeze	22
wallflower	flower	25
wallop	hit hard	26
wally	silly and inept person	34
waltz	assured victory	34
wampum	bread	21
wander	move about aimlessly	37
wanderer	rover	30
wandering	mobile	38
wane	grow smaller	28
wank	slang for masturbation	29
waratah	bush	22
warbler	singer	28
ware	product	36
warfare	war	40
warlike	militant	27
warlock	male witch or demon	30
warming	imparting heat	40
warmth	temperature	38
warn	notify of danger	40
warring	engaged in war	31
warship	ship	32
warty	rough	21
wary	suspicious	36
wasabi	herb	28
washroom	lavatory	28
washy	weak	26
wassail	punch	18
wastage	process of wasting	26
watcher	viewer	30
watchmaker	someone who makes	26
watchword	password	22
watercolor	picture	32
watercourse	stream	24
watercraft	vessel	26
watered	wavelike pattern	33
waterfall	falls	35
waterlogged	muddy	26
waterman	someone who drives	29
watermelon	African melon	34
waterspout	tornado	20
waterwheel	wheel	19
waterworks	utility	28
watery	wet	32
wats	telephone line	22
waver	hesitate	28
wavy	waves	32
waxed	treated with wax	31
waxwork	vine	20
waxy	made of	27
wayfaring	traveling	18
wayside	edge of a way	30
wayward	resistant to guidance	31
weaken	lessen the strength of	35
weakened	impaired by diminution	37
weakness	flaw or weak point	42
weal	hurt	22
wealthy	rich	42
weaponize	make into	22
weaponry	arms	34
wearable	clothing	33
wearer	person who wears	31
wearied	tired	22
weariness	fatigue	26
wearisome	boring	20
weary	tired	36
wearying	exhausting	19
weathered	worn	32
weave	interlace by	35
webby	open interstices	24
webmaster	technician who designs	24
webpage	document	34
wedded	married	29
wedge	sub	36
wedged	impacted	29
wedlock	marriage	29
weedy	abounding with	24
weekday	any day except Sunday	33
weeklong	long	24
weeny	wee	21
weep	cry	34
weepy	liable to weep easily	23
weighty	telling	28
weir	dam	35
welcoming	very cordial	38
wellness	health	36
welt	hurt	29
wench	chick	27
wend	direct one's course	21
wesleyan	methodist	30
westbound	moving toward the west	30
wester	wind	24
westerly	toward the west	30
westernmost	farthest to the west	23
westward	toward the west	34
westwards	toward the west	25
wetback	taco	18
wether	sheep	28
whack	hit hard	34
whacked	tired	28
whacky	silly	21
whale	very large person	40
wham	hit hard	28
whang	blow	18
whatnot	miscellaneous curios	30
whatsoever	any	40
wheal	hurt	21
wheatgrass	grass	23
wheelbarrow	cart	27
wheelchair	chair	39
wheelhouse	compartment	26
wheezing	unhealthy	29
wheezy	noisy	21
whelp	pup	25
whence	from what place	31
wherefore	why	28
wherewithal	necessary means	26
wherry	lighter	20
whiff	blow	32
whim	sudden desire	33
whimper	cry weakly or softly	27
whimsical	arbitrary	31
whiney	complaining	22
whiny	complaining	29
whiplash	hurt	31
whippersnapper	lightweight	18
whirlpool	current	30
whish	make a sibilant sound	20
whisk	move somewhere quickly	31
whisker	hair	26
whisper	speak softly	37
whiteface	beef	20
whitened	lost its color	22
whiteness	innocence	30
whiteout	snow	23
whitetail	deer	21
whitewashed	painted	28
whitewater	foam	29
whitlow	infection	19
whitsun	Christian holiday	20
whiz	star	29
whizz	star	25
whodunit	mystery	22
wholehearted	sincere	23
wholeheartedly	without reserve	32
wholeness	unity	26
wholesome	conducive to	35
wholly	completely	38
whomp	hit with the hand	19
whop	hit hard	18
whopper	gross untruth	27
whopping	big	32
whorl	scroll	26
wiccan	believer in Wicca	26
wickedness	evil	29
wideband	broadband	24
widespread	general	42
wield	have and exercise	32
wiffle	ball	20
wiggle	move to and fro	33
wiggly	curved	25
wight	creature	32
wigwam	lodge	23
wildcat	beast	31
wilderness	state of disfavor	40
wildness	violence	25
wile	deception	26
wilful	voluntary	28
willful	voluntary	31
willies	feelings of uneasiness	23
willingness	cheerful compliance	38
willow	tree	37
willowy	slender and graceful	19
wilt	lose strength	32
wily	skill in deception	28
wimpy	weak and ineffectual	28
wince	shrink	26
windage	drag	20
windblown	crooked	20
windbreak	hedge	19
windbreaker	kind of heavy jacket	23
winded	blown	29
winder	worker who winds	26
windmill	mill	32
windswept	open to	24
windup	completion	22
winemaker	someone who makes wine	27
winery	still	33
wingless	lacking wings	23
wink	flash	35
winless	unsuccessful	27
winnings	profits	32
wino	chronic drinker	21
winsome	attractive	24
wintergreen	herb	24
wintery	characteristic of	21
wintry	characteristic of	27
wipeout	destruction	27
wiper	worker who wipes	28
wired	equipped with wire	38
wireless	radio	42
wiry	lean and sinewy	25
wishful	jealous	31
wisp	small tuft or lock	27
wispy	thin and weak	24
wisteria	vine	26
wistful	sad	27
wistfulness	sadly pensive longing	18
witch	female sorcerer	41
witchcraft	art of sorcery	34
witchery	art of sorcery	22
withal	still	22
withe	band	21
wither	shrink	30
withering	devastating	28
withhold	hold back	33
withstand	resist	36
withy	strong flexible twig	18
witless	stupid	23
wizard	star	39
wlan	wifi	22
wobble	move unsteadily	30
wobbling	fluctuating unsteadily	26
wobbly	unstable	30
woeful	affected by	27
wolfhound	largest breed of dogs	20
wolfram	w	27
wonderfully	extremely well	36
wondrous	fantastic	31
wondrously	extremely well	18
wonk	nerd	23
wonky	crooked	28
wont	established custom	41
woodbine	vine	26
woodland	forest	36
woodshed	shed	22
woodwind	wind	25
woodwork	work made of wood	32
woody	made of	38
woofer	speaker	22
woolly	soft	30
wooly	soft	25
woozy	sick	24
worcestershire	sauce	31
wordless	mute	26
wordlessly	without speaking	20
wordplay	humorous play on words	28
workable	viable	31
workaday	everyday	20
workbook	student's book	28
workflow	progress	32
workforce	men	39
workmanlike	competent	22
workmanship	skill in an occupation	31
workmate	fellow worker	20
workout	exercise	40
workshop	shop	42
workweek	week	26
worldly	secular	33
wormy	worn	20
worn	affected by wear	43
worrisome	disturbing	29
worsen	decline	31
worshiper	believer	22
worshipful	adoration	25
worshipped	loved	33
worshipper	believer	24
wort	herb	29
worthless	lacking in usefulness	38
wound	hurt	42
wraith	ghost	30
wrangle	quarrel noisily	26
wrapped	covered	42
wrath	intense anger	37
wrathful	angry	22
wreak	cause to happen	29
wrecked	destroyed	36
wrecker	someone who demolishes	26
wrenching	painful	31
wretchedness	misery	20
wriggle	twist	26
wriggling	moving	25
wristband	bracelet	28
wristwatch	watch	27
writhe	twist	22
writhed	crooked	21
writhing	moving	28
wrongdoer	offender	19
wrongly	without justice	35
wrongness	inappropriate conduct	21
wroth	angry	21
wrought	shaped	34
wyvern	dragon	23
xenophobia	fear of foreigners	31
xenophobic	afraid	31
xenopus	African clawed frog	22
xlii	two more than forty	21
xliii	three more than forty	20
xliv	four more than forty	20
xlvi	six more than forty	21
xlvii	seven more than forty	21
xlviii	eight more than forty	25
xmas	christmas	32
xvii	seventeen	28
xviii	eighteen	29
xxxi	one more than thirty	23
xxxii	two more than thirty	21
xxxiii	three more than thirty	21
xxxiv	four more than thirty	21
xxxv	five more than thirty	21
xxxvi	six more than thirty	22
xxxvii	seven more than thirty	21
xxxviii	eight more than thirty	20
yacht	vessel	38
yachtsman	person who owns	21
yack	noisy talk	18
yakuza	Japanese gangster	31
yammer	cry loudly	20
yawl	ship's small boat	20
yearbook	book	34
yearling	toddler	27
yearlong	long	24
yearly	reference	39
yearn	desire strongly	30
yell	cry	38
yelled	loud	38
yellowfin	tuna	22
yeshiva	academy	27
yesteryear	past	26
yiddish	german	31
yield	give	42
yoghurt	yogurt	30
yokel	yahoo	19
yonder	distant	30
yore	time long past	26
youngster	child	33
youthful	young	36
yttrium	y	21
yucca	bush	26
yucky	disgusting	25
yule	christmas	27
yuletide	christmas	24
yummy	delicious	35
zaire	congo	29
zany	goose	27
zealot	partisan	25
zealous	enthusiastic	30
zeitgeist	spirit of the time	28
zephyr	breeze	28
zesty	spicy	24
zhou	dynasty	34
zilch	nothing	25
zillion	million	26
zinnia	flower	20
zionism	policy	31
zipper	fixing	33
zippo	nothing	24
zippy	energetic	25
zygomatic	bone	21
