aaliyah	여자 이름	26
aardvark	땅돼지	24
aaron	남자 이름	42
aback	뒤로	30
abacus	주판	26
abaft	뒷쪽에	18
abalone	전복	27
abandon	단념하다	40
abandonment	권리의 포기	34
abate	줄이다	27
abatement	감소	27
abbas	남자 이름	34
abbey	수도원	39
abbot	수도원장	34
abbr	약자	20
abbreviate	생략하다	22
abbreviation	생략	31
abby	여자 이름	36
abdicate	버리다	27
abdomen	배	36
abdominal	배의	36
abduct	납치하다	27
abduction	유괴	34
abductor	외전근	25
abed	잠자리에 누워 있는	28
aberrant	비정상적인	27
aberration	정도에서 벗어남	30
abet	권하다	24
abeyance	휴지	24
abhor	몹시 싫어하다	26
abhorrence	혐오	22
abhorrent	혐오스러운	30
abide	어디에 살다	36
abiding	영구적인	34
abigail	여성 이름	34
abject	비참한	30
abjure	맹세하고 버리다	18
ablative	탈격	23
ablaze	타고 있는	29
ablution	몸	21
ably	능숙하게	27
abnormal	비정상의	37
abnormality	정상적이지 않은 것	29
abnormally	이상하게	31
aboard	타고	41
abode	사는 곳	31
abolish	폐지하다	35
abolishment	폐지	23
abolition	폐지	35
abolitionism	노예 제도 폐지론	20
aboriginal	호주 원주민 «애보리지»의	38
abortion	임신중절	42
abortionist	낙태 수술을 하는 사람	19
abortive	유산의	27
abound	풍부하다	33
abounding	많아서 넘치는	25
abrasion	찰과상	29
abreast	나란히	30
abridge	권력 등을 약화시키다	20
abridgment	축약	19
abrogate	폐지하다	21
abrogation	폐지	23
abrupt	갑작스러운	34
abruptly	갑자기	36
abscond	도망하다	21
absent	자리에 없는	40
absolutist	절대론자	24
absolve	면제하다	28
absorb	흡수하다	38
absorbed	흡수된	39
absorption	흡수	37
abstain	자제하다	31
abstention	~  기권	25
abstract	개요	41
abstraction	추상	33
abstruse	난해한	21
absurd	우스꽝스러운	40
absurdity	불합리	32
abundance	남아 돌 정도로 많음	39
abundant	풍부한	38
abundantly	풍부하게	31
abusive	모욕하는	39
abut	접경하다	25
abysmal	매우 나쁜	29
abyss	심연	34
acacia	아카시아	30
academe	학술원	21
accede	응하다	25
accelerate	무엇을 빨리 시키다	37
acceleration	가속도	37
accent	억양	41
accentuate	강조하다	28
accentuation	강조	19
acceptability	수용성	26
acceptable	받아들일 수 있는	43
acceptably	받아들일 수 있게	22
acceptance	승낙	42
accessibility	접근	35
accessible	닿을 수 있는	42
accessory	부수의	36
accidental	우연의	38
accidentally	뜻하지 않게	42
acclaim	칭송하다	33
acclimate	순응시키다	23
accolade	칭찬	28
accommodate	공간 따위를 제공하다	40
accommodating	상황에 잘 적응하는	32
accommodation	머물거나 사는 곳	41
accompany	동행하다	38
accomplice	공범	32
accomplish	완수하다	40
accomplishment	업적	37
accordingly	부응해서	40
accordion	아코디언	31
accost	말을 건네다	20
accountability	책임	39
accountable	~    책임이 있는	39
accountancy	회계사의 직	31
accountant	회계사	38
accounting	회계	43
accredit	승인하다	21
accreditation	인정	35
accredited	공인받은	37
accretion	증대	28
accrue	늘다	29
accumulate	모이다	35
accumulation	축적	36
accuracy	정확	42
accurately	정확히	40
accusation	고발	36
accusative	대격	25
accusatory	기소의	24
accuse	고소하다	37
accuser	원고	30
accustom	익숙하게 하다	21
acerbic	신	23
acetic	산의	26
acetone	아세톤	28
ache	아프다	34
acidity	신 맛의 정도	32
acidosis	산과다증	24
acknowledge	인정하다	42
acknowledgement	인정	33
acme	인생의 절정기	29
acne	여드름	37
acorn	참나무의 열매 도토리	31
acoustic	소리의	40
acquaint	익히 알게 하다	25
acquaintance	지인	36
acquainted	개인적으로 아는	35
acquiesce	동의하다	25
acquiescence	묵인	25
acquire	배워서 얻다	41
acquisition	무엇을 얻는 일	43
acquisitive	얻을려고 하는	22
acquit	무죄를 선언하다	26
acquittal	무죄	30
acreage	에이커 크기	30
acrid	매운	24
acrimonious	통렬한	26
acrimony	호됨	23
acrobat	곡예사	27
acrostic	이합체시	21
actionable	소송을 초래할 수 있는	30
activate	작동시키다	38
actively	활발히	42
activism	행동주의	37
activist	활동가	41
actuary	보험계리사	25
acuity	날카로움	28
acumen	예리함	29
acupuncture	침술	30
acute	극심한	40
adage	속담	30
adamant	견고한	33
adapt	적응하다	40
adaptation	적응	40
adaptor	변환 플러그	26
adat	전통적인 말레이법	21
addict	중독되다	37
addicted	탐닉하는	38
addictive	중독의	36
addison	여자 이름	35
additionally	부가적으로	42
additive	첨가물	33
addressee	받는 사람	23
adept	숙련자	33
adequate	충분한	40
adequately	충분히	36
adhere	고수하다	36
adherence	고수	33
adherent	들어붙는	26
adherents	adherent의 복수형	31
adhesive	접착제	34
adiabatic	단열의	24
adieu	안녕	28
adjacent	이웃의	41
adjective	형용사	33
adjourn	연기하다	27
adjudicate	판결하다	25
adjudication	판결	28
adjudicator	법관	25
adjunct	부가물	33
adjust	조정하다	41
adjustable	조정 가능한	36
adjuster	의) 정산인	27
adjustment	조정	39
adjutant	부관	31
administer	일이나 직책을 관리하다	35
administrate	다스리다	20
administratively	관리상	27
administrator	행정관	41
admirable	칭찬할 만한	35
admiral	해군 장성	40
admiration	경탄	36
admissibility	용인할 수 있음	23
admissible	인정되는	29
admission	인정	42
admittance	입장	28
admonish	훈계하다	23
adobe	햇볕에 말린 벽돌	35
adolescent	청소년	36
adopt	취하다	42
adoptee	입양아	22
adoption	입양	42
adorable	사랑스러운	41
adore	숭배하다	37
adorn	장식하다	30
adornment	장식	25
adrian	남자 이름	40
adriana	여자 이름	31
adrift	외로운	31
adroit	솜씨있는	23
adsorption	흡착	29
adultery	간통	34
advent	예수의 강림	37
adventurer	모험가	32
adventurous	모험을 좋아하는	35
adverb	부사	26
adversary	반대하는 사람	33
adverse	부정적인	39
adversely	반대로	33
adversity	역경	34
advert	언급하다	35
advertise	광고하다	37
advertisement	광고	38
advise	충고하다	41
adviser	고문	39
advisor	고문	40
advisory	고문의	42
advocacy	변호	39
advocate	편을 들다	42
aerate	공기를 쐬다	19
aerial	공중의	39
aerobics	에어로빅	28
aerodynamic	기체역학의	32
aeroplane	비행기	32
aesthetic	미적인	40
aesthetics	미학	36
afar	멀리	34
affable	남과 이야기하기를 좋아하는	27
affection	호감	39
affectionate	다정한	34
affective	감성적	30
affidavit	선서문	34
affiliate	단체의 회원으로 만들다	40
affiliated	소속된	40
affiliation	소속	36
affinity	서로 닮은 점	36
affirm	단언하다	32
affirmation	주장	32
affirmative	긍정의	36
affix	첨부	26
afflict	괴롭히다	24
affliction	고뇌	31
affluence	부유함	27
affluent	풍부한	34
affront	모욕하다	29
afghan	아프가니스탄의	38
afghani	아프가니	25
afghanistan	나라 이름 '아프가니스탄'	42
aficionado	팬	26
aforementioned	앞에 서술된 것처럼	35
afrikaans	아프리칸스어	28
afterlife	저 세상	34
aftermath	결과	39
aftershock	여진	26
afterward	뒤에	38
agar	한천	30
agave	용설란	27
agglomeration	집합체	25
aggravate	악화시키다	28
aggravation	악화	28
aggression	침략	39
aggressively	공격적으로	36
aggressiveness	공격성	29
aggressor	침략자	30
aggrieved	고민하는	29
agitation	뒤흔들기	32
agnosticism	불가지론	24
agonist	경쟁자	28
agony	어려운 고달픈 상황	36
agoraphobia	광장공포증	23
agrarian	토지	32
agreeably	기분좋게	21
agronomist	농학자	22
agronomy	농학	24
aground	배가 좌초되어	28
aiden	남자 이름	31
aids	후천성 면역 결핍증	42
aikido	합기도	27
ailing	병약한	31
aimlessly	목적도 없이	28
ainu	아이누족	23
airborne	공수의	37
airfare	항공운임	28
airfield	비행장	33
airforce	공군	28
airline	항공로	40
airmail	항공우편	25
airplane	비행기	39
airsoft	서바이벌 게임	27
airstrike	전투기를 이용한 공격	30
airtight	공기가 빠져나가지 못하는	30
airway	항공로	32
aisle	통로	37
akin	~와 비슷한	37
alacrity	기꺼이 함	24
alarm	경보기	43
alas	아아	37
albania	나라 이름 '알바니아'	34
albanian	알바니아어	32
albeit	비록 …일지라도	39
albert	남자 이름	42
albinism	백색증	23
albino	알비노의	30
alchemist	연금술사	31
alchemy	연금술	32
alcoholic	알코올 중독자	39
aldehyde	알데하이드	24
aldo	남자 이름	32
alexandra	여자 이름	35
alexandria	여자 이름	38
alexis	여자 이름	37
alga	조류	23
algae	말	35
algebra	대수	38
algebraic	대수학의	32
algebraically	대수학을 사용하면서	22
algeria	나라 이름 알제리	36
algorithm	인간 사용자	40
alias	일명	35
alice	여자 이름	43
alicia	여자 이름	36
alien	외국의	43
alienate	㉹ <친구 등을> 멀리하다	30
alif	알리프	21
alight	하차하다	30
align	줄에 맞추다	36
alignment	일직선으로 정렬하기	38
alike	비슷한	41
alison	여자 이름	38
alkali	알칼리	29
alkaline	알칼리성의	32
alkene	알켄	19
allah	알라	39
allay	가라앉히다	27
allegation	| ~  | ~   혐의	35
allege	혐의를 제기하다	32
allegedly	주장한  바에 의하면	41
allegiance	충성	37
allegory	풍유	31
allele	대립형질	29
allergic	알레르기의	38
allergy	알레르기	36
alleviate	덜다	35
alley	골목	39
alleyway	골목	28
alligator	악어	33
allison	여자 이름	38
alliteration	두운	25
allocate	할당하다	33
allocation	가산 할당량	37
allotment	할당	31
allowance	허가	38
alloy	합금	36
allude	암시하다	27
allure	꾀다	32
ally	여자 이름	41
almond	아몬드	35
aloe	알로에	31
aloft	위로	31
aloha	안녕	31
aloof	멀리 떨어져서	30
alpaca	알파카	28
alpha	그리스어 알파벳 'Α	42
alphabet	한 언어의 자음과 모음	37
alphabetical	알파벳순의	32
alpine	알프스 산의	36
alsatian	알자스 사람	23
altar	제단	38
alter	바꾸다	40
alternate	번갈아 일어남	41
alternating	바뀌는	35
altitude	높이	39
altogether	전체	41
altruism	이타주의	29
altruistic	이타적인	30
alum	칼륨백반	32
alumni	졸업생	39
alvis	영어의 성씨	21
alyssa	여자 이름	32
amalgamate	혼합하다	22
amalgamation	합동	31
amanda	여자 이름	40
amarillo	아마리요	29
amass	모으다	28
amaterasu	아마테라스	21
amateur	비전문가	42
amaze	놀라다	32
amazeballs	놀라운	20
amazed	놀란	39
amazement	놀람	30
amber	호박	40
ambidextrous	양손잡이의	24
ambiguity	애매한 표현	34
ambiguous	애매한	36
ambiguously	애매한	23
ambit	영역	24
ambition	야심	39
ambitious	야심적인	40
ambivalent	서로 용납하지 않는	30
amble	느릿느릿 걷다	23
ambrosia	신들이 먹는 음식	26
ambulance	구급차	41
ambulatory	보행의	28
ambush	매복	36
amelia	여자 이름	36
ameliorate	좋게 하다	26
amend	개정하다	36
amenity	우아	28
americium	아메리슘	20
amiable	붙임성 있는	28
amiably	상냥하게	20
amicable	우호적인	30
amid	~중에	40
amigo	친구	29
amiss	서투르게	29
amity	우호	29
amma	어머니	28
amman	암만	31
amnesia	건망증	33
amoeba	아메바	26
amoral	도덕과 관계없는	26
amorous	호색적인	28
amorphous	일정한 형이 없는	30
amortize	유보 상태로 양도하다	18
amphibian	양서류	27
amphibious	뭍과 물에서 생활하는	31
ample	큰	37
amplification	확대	31
amplifier	확대하는 것	34
amplify	크게 하다	32
amplitude	너비	33
amply	충분히	26
amputate	절단하다	24
amputation	절단	30
amsterdam	암스테르담	40
amulet	부적	30
amuse	즐겁게 하다	31
amusement	즐거움	37
anaconda	아나콘다	30
anaerobic	산소없는	30
anal	항문의	39
analgesic	진통제	27
analog	아날로그	37
analogous	~   유사한	34
analogously	유사하게	21
analogue	아날로그	33
analogy	유사	37
analyse	~을 분석하다	35
analyst	분석가	40
analytic	언어가 분석적인	33
analyze	분석하다	38
anarchist	무정부주의자	34
anarchistic	무정부주의의	20
anarchy	무정부 상태	35
anathema	파문	28
anatomic	해부학과 관련된	25
anatomical	해부학과 관련된	32
anatomist	해부학자	22
anatomy	의학의 한 분야 해부학	39
ancestor	조상	35
anchor	닻	40
anchorage	앵커리지	34
anchovy	멸치 등의 멸치과 동물	26
ancillary	부수적인	31
andorra	나라 이름 안도라	27
anecdote	일화	32
anemic	빈혈의	28
anemone	아네모네	26
anesthesia	마취	34
anesthesiologist	마취과 의사	26
anesthesiology	마취학	25
anesthetic	마취의	31
anew	다시	32
angela	여자 이름	40
angelica	당귀	31
angola	앙골라	33
anguish	괴롭히다	34
anhydrous	물이 없는	24
animation	애니메이션	42
anime	아니메	43
animism	애니미즘	21
animosity	적의	32
anion	음이온	27
anisotropic	비등반성의	25
anita	여자 이름	36
ankle	걷다	40
annals	연보	34
annex	합병하다	35
annexure	annex와 동의어	19
annihilate	없애다	29
annihilation	전멸	32
annotate	주석	23
annotation	주석	29
announce	~   발표하다	43
announcer	아나운서	36
annoy	괴롭히다	35
annually	연간지	42
annuity	연금	34
annul	효력을 없애다	25
annulment	무효화	28
annum	연	32
anodyne	진정제	22
anomalous	변칙적인	29
anomaly	변칙	35
anonymity	익명	34
anonymous	익명의	42
anonymously	익명으로	34
ansi	미국 표준 정보청	29
answerable	~  책임을 져야 하는	27
antacid	산을 중화하는	21
antagonism	대립	28
antagonist	적대자	33
antagonize	남을 해치려 하다	26
antarctic	남극의	36
antarctica	남극 대륙	35
anteater	개미핥기	23
antebellum	전쟁 전의 보어 전쟁	28
antecedent	앞서는	26
antediluvian	대홍수 이전의	21
antelope	영양	31
antenna	촉각	38
anterior	앞의	35
anthem	찬가	39
anthology	골라서 편집한 문집	35
anthropogenic	인조의	28
anthropological	인류학의	31
anthropology	인류학	36
anthropomorphic	의인화된	27
anthropomorphism	의인화	20
antibiotic	항생제	35
antibody	항체	35
antic	익살스러운	23
anticipate	예기하다	37
anticipatory	미리 계산한	24
antidote	해독제	32
antimatter	반물질	26
antimony	안티몬	25
antioxidant	산화 방지제	29
antipathy	반감	27
antiquated	고풍스러운	31
antique	고대의	39
antiquity	낡음	34
antiseptic	소독의	28
antisocial	반사회적인	31
antithesis	대조	30
antonym	반의어	20
anus	항문	32
anvil	대장간의 모루	30
anxious	걱정하는	41
anya	여자 이름	30
anyhow	어쨌든	35
anytime	언제라도	42
aorta	대동맥	29
apathetic	무관심한	28
apathy	감성이 없음	33
apatite	인회석	22
apex	꼭대기	37
aphasia	실어증	26
aphorism	명언	25
apocalypse	묵시	37
apocalyptic	묵시적	34
apocrypha	숨겨진 내용	25
apogee	원지점	26
apologetic	미안해하는	30
apologia	변명서	24
apologise	변명하다	37
apologize	변명하다	42
apology	변명	40
apoplectic	중풍의	22
apoplexy	중풍	22
apostle	선구자	35
apostrophe	생략 기호	28
apothecary	약제사	27
apparatus	기계에 딸린 장치	38
apparel	옷을 입히다	37
appealing	호소하는	40
appease	달래다	32
appellation	명칭	28
appendage	부속물	28
appendix	충수	35
appetite	식욕	39
applaud	박수하다	35
applause	박수	38
appliance	기구	34
applicable	~  해당되는	41
applicant	응모자	36
appoint	지명하다	37
appointee	지명된 사람	29
apportion	분배하다	22
apportionment	분배	25
apposite	적절한	20
appraisal	평가	34
appraise	살피다	25
appreciable	주목할 만한	28
appreciably	눈에 띄게	24
appreciation	진가	41
apprehend	체포하다	30
apprehension	두려움	31
apprentice	견습생	37
apprise	알리다	19
approbation	승인	23
appropriation	도용	34
approve	찬성하다	41
approximate	근사치의	36
approximation	접근	33
appurtenances	부속물	19
apricot	살구나무	30
apron	앞치마	34
apropos	적절한	27
aquarium	수족관	36
aquatic	수생 동물	36
aquatint	애쿼틴트	19
aqueduct	옛 로마의 수로	29
arabian	아랍의	35
arabic	아랍어	40
arable	경작할 수 있는	30
arbiter	결정권자	30
arbitrarily	마음대로	32
arbitrary	임의의	38
arbitrate	중재하다	24
arbitration	중재	37
arbor	나무	35
arboreal	나무의	23
arboretum	식물원	28
arcane	신비로운	30
arch	반원을 그리다	40
archaeological	고고학의	37
archaeologist	고고학자	31
archaeology	고고학	36
archaic	<언어가> 형태가 오래된	34
archangel	대천사	30
archbishop	대주교	38
archdiocese	archbishop의 관구	31
archeologist	고고학자	24
archer	궁수	38
archery	궁술	32
archetype	원형	30
archipelago	군도	33
architect	건축가	41
archive	보존하다	40
arctic	북극 지방	40
ardent	불타는	33
ardor	열정	23
arduous	고난의	32
areola	젖꽃판	24
argentina	아르헨티나	42
argon	화학 원소 이름 '아르곤'	29
argot	은어	19
argumentation	논증	26
aria	아리아	34
arianna	여자 이름	27
arid	불모의	34
ariel	여자 이름	35
arise	일어나다	39
aristocracy	귀족 계급	32
aristocratic	귀족정치의	32
arithmetic	산수	34
armadillo	아르마딜로	27
armchair	안락의자	32
armistice	전쟁을 당분간 쉼	32
armor	갑옷	40
armory	무기 제조 공장	32
armpit	겨드랑이	30
aroma	향기	32
arouse	깨우다	29
arrange	배열하다	40
array	배치하다	41
arrears	체납금	30
arresting	눈에 띄는	35
arrhythmic	리듬이 없는	18
arrogance	거만	36
arrogant	건방지다	37
arrow	화살	41
arsehole	항문	28
arsenic	비소	32
arson	방화	34
arsonist	방화범	26
artefact	주로 영국에서 많이 쓰인다	27
arterial	<도로 등이> 동맥과 같은	32
artery	동맥	36
arthritic	관절염환자	24
arthritis	관절염	36
arthroscopy	관절경	20
articulate	분명히 표현하다	35
articulation	또렷한 발음	31
artifact	옛 사람이 만든 유물	34
artifice	술책	26
artificial	인조의	42
artillery	장거리 대포	40
artistic	예술의	42
artistry	기교	31
artless	꾸밈 없는	20
artwork	미술품	41
arvo	오후	24
asbestos	석면	35
ascend	오르다	32
ascendant	우세	29
ascent	올라감	34
ascertain	알아내다	33
ascetic	금욕의	28
asceticism	금욕주의	24
ascii	미국 정보 교환 표준 부호	29
ascribe	… 에 돌리다	28
aseptic	무균의	22
asexual	성별 없는	29
ashamed	부끄러운	41
ashkenazi	아슈케나짐	25
ashley	여자 이름	41
ashlyn	여자 이름	20
ashore	해안으로	35
askew	비스듬한	27
asocial	사회적이지 않은	20
asparagus	아스파라거스	32
aspen	사시나무	34
asphalt	아스팔트	35
aspiration	소망	33
aspirational	출세지향적인	26
aspire	열망하다	35
aspirin	아스피린	33
assail	맹렬히 공격하다	21
assassinate	살해하다	32
assemble	조립하다	36
assent	찬성하다	30
assert	단언하다	36
assertion	주장	36
assertive	단정적인	32
assess	~ sth   평가하다	41
assessor	전문 의견 진술인	29
asset	투자 가치	42
assiduous	꾸준한	22
assign	임명하다	37
assignation	밀회	21
assignee	양수인	22
assignment	숙제	42
assimilate	완전히 이해하다	30
assorted	<한정적 용법> 분류된	33
assortment	모음	33
assumption	가정	41
assurance	확약	38
assure	보증하다	41
assyrian	아시리아인	30
aster	과꽃	28
asterisk	별표	30
asteroid	소행성	36
asthma	천식	37
astonish	놀라다	25
astonishing	놀라운	37
astonishment	놀람	29
astound	놀라서	23
astounding	몹시 놀란	34
astrological	점성술의	28
astrology	점성술	34
astronaut	우주비행사	36
astronomer	천문학자	32
astronomic	천문	19
astronomical	천문	35
astronomy	천문학	36
astrophysicist	천체물리학자	26
astrophysics	천체물리학	30
astute	통찰력이 있는	31
asunder	뿔뿔이	26
asylum	성역	40
asymmetric	비대칭의	31
asymmetrical	비대칭의	30
asymptote	점근선	20
asynchronously	때가 맞지 않게	19
atheism	무신론	34
atheist	무신론자	36
athlete	운동선수	41
athletic	운동	41
athletics	육상	38
atmospheric	대기의	38
atom	원자	37
atomic	원자의	40
atop	~의 정상에	36
atrocious	극악한	31
atrocity	잔혹행위	30
atrophy	위축	30
attach	붙이다	38
attachment	압류	39
attacker	공격을 한 사람	36
attain	달성하다	36
attainable	이를 수 있는	31
attendance	출석	42
attendee	출석자	27
attentive	주의깊은	33
attest	증언하다	32
attestation	증명서	26
attic	다락방	36
attract	끌다	42
attraction	매력	41
attributable	붙일 수 있는	33
attribute	탓으로 하다	38
aubrey	여자 이름	33
auburn	적갈색의	37
auction	경매로 팔다	43
audacious	뻔뻔하다	30
audible	들리는	34
audiovisual	시청의	29
audit	심사	40
audition	청력	38
auditory	귀의	32
audrey	여자 이름	36
auger	나사 송곳	28
augmentation	증가	30
augur	앞일을 점 치다	25
aunt	숙모	42
aurora	오로라	37
auscultation	청진	18
auspicious	행운의	31
austere	진지한	30
austria	나라 이름 '오스트리아'	41
austrian	오스트리아의	38
authentic	진본인	40
authentication	입증	34
authenticity	진짜로 믿을 수 있음	36
authorise	권한을 주다	28
authoritarian	권위주의적인	36
authorization	수권	37
authorize	㉹ 권한을 주다	34
authorized	명백히 허용된	41
authorship	저자	32
autism	자폐증	40
autobiography	자서전	36
autochthonous	이전땅의	21
autocrat	독재 군주	25
autograph	자필로 쓰다	35
autoimmune	자가 면역의	32
automation	자동화	38
automaton	자동 장치	27
automobile	자동차	39
autonomous	자치의	38
autonomously	자체적으로	26
autonomy	자치	39
autumn	가을	43
autumnal	가을의	28
auxiliary	보조	37
avail	소용이 되다	36
avalanche	눈사태	35
avatar	인터넷의 사이트	37
aver	단언하다	22
aversion	싫음	32
avert	눈	31
avery	여자 이름	36
aviation	항공	42
avid	탐욕적인	35
avocado	아보카도	34
avoidable	피할 수 있는	30
avulsion	뜯음	18
await	기다리다	36
awake	깨어 있는	41
awash	물에 잠긴	28
awfully	끔직이	34
awhile	얼마간	39
awkward	서투른	43
awry	비스듬히	29
axis	수레나 차의 바퀴 축	40
azalea	진달래	30
azerbaijan	아제르바이잔	35
azerbaijani	아제르바이잔의	28
azores	아소르스 제도	27
aztec	아즈텍의	31
azure	하늘색의	34
babel	'바빌론'의 히브리어 이름	29
baboon	비비	27
babushka	스카프	20
babylonian	바빌로니아의	30
babysit	집을 지키며 아이를 보다	30
bachelor	남성 독신자	40
bachelorette	독신 여성	32
backbone	척추	35
backdoor	뒷문	30
backdrop	배경	36
backhanded	글씨가 왼쪽으로 기울어진	24
backing	배서 보증	42
backlog	밀린 일	32
backpack	배낭	38
backseat	뒷자리	32
backslash	구두점 \	21
bacteria	세균	42
bacterial	세균의	37
bacteriologist	세균학자	21
bacteriology	세균학	24
bacterium	세균	30
bactria	박트리아	19
bade	bid 의 과거	27
badger	오소리	35
badminton	배드민턴	33
baekje	백제	21
baffle	완전히 당황하게 만들다	27
baggage	짐	37
bahamas	바하마	35
bahrain	바레인	36
bail	보석	40
bailee	수탁자	22
bailey	여자 이름	41
bailie	시 참사의원	22
bailiff	집달관	30
bailout	비상 탈출	32
bait	미끼	38
bake	굽다	39
bakery	빵집	37
balalaika	발랄라이카	19
balcony	발코니	38
bald	머리가 벗겨지다	38
baleful	해롭다	22
bali	인도네시아의 주	37
balk	장해	27
ballad	속요	34
ballade	발라드	19
ballet	발레	40
ballistics	탄도학	28
balloon	풍선	39
ballot	투표 용지	41
balustrade	난간	24
bamboo	대나무	36
banal	하찮다	29
banana	바나나	40
bandage	포대를 하다	32
bangkok	방콕	38
bangladesh	나라 이름 '방글라데시'	40
banish	추방하다	31
banishment	추방	28
banjo	밴조	33
banker	은행가	38
banknote	지폐	25
bankrupt	파산자	37
bankruptcy	파산	41
baptism	세례	36
barbados	바베이도스	35
barbara	여자 이름	42
barbarian	문화가 없는 사람	33
barbarous	미개한	25
barbecue	바비큐	36
barber	말하다	38
barberry	매자나무속	18
barcelona	바르셀로나	42
bare	벌거벗은	42
barefaced	철면피의	21
bargain	협상하다	40
barge	바지	35
barista	바리스타	30
barium	바륨	27
bark	나무껍질을 벗기다	38
barking	짖음	35
barley	보리	35
barman	바텐더	28
barometer	기압계	32
baroque	바로크 풍의	33
barracuda	바라쿠다	28
barrel	원기둥의 통	42
barricade	바리케이드	31
barrier	장벽	42
barrow	거세한 수퇘지	34
barry	남자 이름	43
barstool	높고 둥근 의자	24
barter	물물교환하다	30
baseless	근거가 없는	31
basement	지하실	42
bash	신나는 파티	38
bashful	용감하지 않은	25
basil	바질	36
basin	대야	41
basket	바구니	41
basque	바스크의	32
bastard	사생아	39
batam	바탐	21
batch	집단	39
bathe	목욕하다	32
bathtub	목욕통	34
batter	타자	36
battlefield	전장	39
battlefront	전선	28
battleship	전함	32
baulk	balk의 다른 철자	21
bavaria	중부 유럽의 역사적 지역	32
bavarian	Bavaria에 관련된	31
bawdy	음탕한	26
bayonet	총검	32
bayonets	무장병력	28
bazaar	시장	34
bead	구슬	34
beak	부리	33
beaker	실험실 용기로 사용되는	28
beam	빔	41
beard	수염	41
bearer	소지자	34
beast	짐승	43
beaver	비버	36
becca	여자 이름	31
becky	여자 이름	36
bedside	침대 곁	34
beech	너도밤나무	33
beechwood	너도밤나무	23
beef	소고기	43
beefsteak	비프스테이크	21
beekeeping	양봉	27
beetle	풍뎅이	35
befall	닥치다	27
beforehand	미리	36
befriend	친구가 되다	29
beget	아버지가 되다	24
beggar	거지	32
beginner	초보자	35
behave	행동하다	40
behavioral	행동의	39
behead	목을 베다	27
behold	바라보다	38
beholder	관찰자	28
beige	베이지색의	33
belarus	벨라루스	35
belch	트림하다	23
belfast	벨파스트	39
belfry	종루	26
belgium	나라 이름 '벨기에'	42
belie	거짓을 보이다	24
bellicose	호전적인	23
belligerent	호전적인	30
bellows	풀무	31
belly	배	41
belongings	소유권	36
beloved	사랑스러운	42
belting	벨트로 때리기	28
bemoan	슬퍼하다	23
bend	구부러지다	41
beneath	밑에서	42
benefactor	은혜를 베푸는 사람	31
beneficent	남을 돕는	22
beneficial	유리한	41
beneficially	유익하게	21
beneficiary	수혜자	34
benevolent	자애로운	33
benign	인자한	35
benjamin	남자 이름	42
bent	굽은	40
bento	도시락	27
bequest	유증	28
berber	베르베르인	27
bermuda	버뮤다 제도	35
bern	스위스의 수도 이름 베른	31
berry	딸기류의 식물	40
berth	정박지	34
beryllium	베릴륨	29
beseech	애원하다	27
beset	괴롭히다	31
besiege	둘러싸다	24
bestow	주다	30
bestseller	잘 팔리는 상품	33
beta	그리스어 알파벳 'Β	42
beth	여자 이름	39
betray	배반하다	34
betrayal	배반	37
betrayer	배신자	24
betty	여자 이름	39
beverage	마시는 것	37
beverly	여자 이름	39
bewilderment	곤혹	26
bhutan	나라 이름 부탄	31
bianca	여자 이름	34
bias	편견	42
biased	편파적인	38
bibimbap	비빔밥	18
bibliography	참고 문헌	38
bibliophile	애서가	21
bicycle	자전거	40
bidden	bid 의 과거분사	18
biennial	2년에 한 번의	32
bigotry	편협함	34
bikini	비키니	37
bilateral	쌍방의	37
bilbao	빌바오	29
bilberry	빌베리	19
bile	담즙	32
bilingual	이중 언어 사용자	35
billionaire	억만장자	38
bind	묶다	38
binding	~  법적 구속력이 있는	41
binoculars	쌍안경	31
biochemical	생화학의	32
biochemist	생화학자	25
biochemistry	생화학	34
biodegradable	생분해성이 있는	28
biogeography	생물지리학	23
bioinformatics	생물정보학	28
biologist	생물학자	34
biology	생물학	42
biometrics	생체인증	27
biopsy	생검	33
biosphere	생물권	29
biped	양족의	20
biplane	복엽비행기	25
birch	자작나무	35
birdcage	새장	24
birthdate	생년월일	24
birthplace	출생지	34
bisect	양분하다	19
bisexual	양성애의	37
bishkek	비슈케크	24
bison	들소	33
bist	~이다	21
bitmap	비트맵	24
bitter	쓰다	42
bizarre	야릇하다	40
blackbody	흑체	18
blackjack	한국 걸그룹 2NE1의 팬	32
blackmail	강요하다	34
blackness	어두움	31
blackout	정전	36
blacksmith	대장장이	33
blade	칼날	42
blake	남자 이름	42
blanch	데치다	25
bland	온화하다	35
blank	빈 곳	41
blanket	담요	41
blaster	폭발물을 처리하는 사람	31
blatant	떠들썩한	34
blatantly	뻔뻔하게	32
bleach	표백하다	35
bleat	메하고 울다	21
bleed	피를 뽑다	37
blemish	손상하다	28
blend	섞다	40
blender	전기 믹서	34
bless	축복하다	42
blessing	축복	41
blimey	아이쿠	26
blindness	눈이 멀음	34
blink	깜박이다	37
blip	삑 소리를 내다	30
bliss	큰 행복을 느끼다	38
blithe	명랑한	25
blitz	전격적인 맹공격	36
blob	방울	31
blockade	봉쇄	36
bloemfontein	블룸폰테인	24
blogger	블로거	38
blond	금발의	36
bloodless	피없는	27
bloodshed	피를 흘리게 함	33
bloodstain	혈흔	19
bloom	꽃이 피다	39
blossom	꽃나무의 꽃	36
blowback	확대 복사	27
blowfish	복어	23
blowout	펑크	32
bluebell	블루벨	25
blueberry	블루베리	33
blueprint	청사진	35
bluff	절벽	36
blunder	실수하다	31
blunt	무디게 하다	39
blur	흐릿해지다	36
boar	멧돼지	33
boast	<장소	35
bobbing	레이더의 불규칙 수신	28
bobby	남자 이름	42
bobcat	보브캣	28
bobsleigh	봅슬레이	26
bodega	포도주가게	27
bodily	신체의	38
bodybuilding	보디빌딩	31
bodyguard	보디가드	34
bohemian	보헤미안	35
boil	끓이다	38
boiler	보일러	37
boilerplate	표준 문안	25
boiling	부글부글 끓는	38
boisterous	떠들썩하다	29
bold	용감한	43
bolivia	나라 이름 '볼리비아'	35
bolster	북돋우다	33
bolt	쇠뇌살	40
bombard	폭격하다	27
bomber	폭격기	39
bombing	폭격	41
bonanza	금맥	30
bonfire	화톳불	33
bonito	가다랑어	25
bonk	부딪다	24
bonnet	자동차 엔진의 덮개	34
bonnie	여자 이름	37
bookcase	책장	28
bookend	북엔드	21
booking	대중 예술인의 공연 기획	39
booklet	작은 책자	35
bookplate	장서표	20
bookstore	서점	34
bookworm	책벌레	26
boomerang	부메랑	31
boon	큰 이익	34
boot	장화	42
booth	노점	41
booty	전리품	36
booze	술	36
bore	구멍을 뚫다	39
boron	붕소	29
borosilicate	붕규산염	21
borrow	빌리다  of)	40
borrower	차용자	32
bosom	가슴	30
bossy	우두머리 행세를 하는	30
botanic	식물의	30
botanist	식물학자	29
botany	식물학	34
bough	나뭇가지	27
boulevard	넓은가로수길	37
boundary	경계	41
boundless	제한이 없는	30
bouquet	꽃다발	34
boutique	부티크	35
bovine	솟과의	30
boxer	권투 선수	37
boxing	권투	42
boycott	보이콧	38
boyhood	소년스러움	31
brace	대비하다	37
bracelet	팔찌	37
bracing	지주	31
brackish	짭짤하다	27
brad	남자 이름	41
bradley	남자 이름	40
brady	남자 이름	40
brag	자랑하다	35
braid	머리를 땋다	32
brainless	머리가 나쁜	28
brake	브레이크	40
brandon	남자 이름	40
brandy	브랜디	35
brash	성급하다	30
brasil	브라질	32
brass	놋쇠	40
brassiere	브래지어	20
brassy	놋쇠의	24
bravely	용감하게	33
bravura	훌륭한	23
brawn	근육	28
brayden	남자 이름	24
braze	땜질하다	18
brazen	놋쇠로 만든	31
breach	계약의 위반	41
breadcrumb	빵가루	21
breadth	폭	35
breakdown	고장	41
breakthrough	돌파구	38
breakup	붕괴	36
breakwater	방파제	26
breastbone	가슴뼈	19
breastfeed	모유로 키우다	28
breathe	숨을 쉬다	43
breathless	~    숨을 쉴 수 없는	32
breech	엉덩이 또는 뒷부분	29
breed	낳다	41
breeder	번식자	34
breeding	번식	41
breeze	산들바람이 불다	39
breezy	산들바람이 부는	31
brenda	여자 이름	35
bret	폭	33
brett	남자 이름	39
brevity	간결함	28
brewer	양조업자	35
brianna	여자 이름	29
bribe	매수하다	35
bribery	뇌물 수수	34
brick	불가산가산벽돌	42
bride	신부	41
bridegroom	신랑	28
bridesmaid	들러리	31
bridget	여자 이름	34
briefing	브리핑	37
briefly	짧게	42
brigade	여단	39
brightness	밝기	36
brink	가장자리	35
brisk	활기찬	32
brittany	여자 이름	35
brittle	부서지기 쉬운	33
brittney	여자 이름	25
broadcasting	방송	40
broadway	브로드웨이	41
broccoli	모란채	35
brochure	소책자	34
brody	남자 이름	33
broker	중개하다	39
brontosaurus	브론토사우루스	22
bronze	청동색의	42
brooch	브로치	30
brook	견디다	37
brooke	여자 이름	38
brooklyn	여자 이름	42
brooks	남자 이름	40
broom	비	34
broth	국물	34
brouhaha	난리 법석	22
brow	이마	36
browbeat	협박하다	19
browse	둘러보다	36
browser	브라우저	39
bruise	멍	32
brunette	갈색 머리	34
brush	솔	42
brutal	잔인한	41
brutality	잔인함	36
brutally	잔인하게	36
brute	짐승	34
bryan	남자 이름	40
bryant	남자 이름	38
bryce	남자 이름	35
bubble	부글부글 끓다	42
bubblegum	풍선껌	28
buccaneer	해적	24
buck	말이 등을 굽히고 날뛰다	40
bucket	양동이	41
buckwheat	메밀	28
bucolic	농촌의	24
buddhism	불교	36
buddhist	불교 신자	38
budgetary	예산의	32
buff	갈색과 노란색의 중간	36
buffalo	버팔로	41
buffer	완충기	38
buffy	약간 밤색이면서 누렇다	34
builder	건설업자	38
bulb	식물의 구근	37
bulgaria	나라 이름 '불가리아'	39
bulgarian	불가리아어	38
bulgogi	불고기	19
bulkhead	칸막이 벽	28
bulldozer	불도저	29
bullet	총알	42
bulletin	고지사항	38
bullfighting	투우	25
bullfrog	황소개구리	23
bully	약자를 못살게 구는 사람	39
bumblebee	호박벌	29
bump	부딪치다	40
bumper	범퍼	37
bundle	묶음	39
buoy	부표	30
buoyant	탄력적인	30
burden	무거운 짐	42
burdened	부담이 된	31
burdensome	성가시다	28
burdock	우엉	21
bureaucracy	관료제	36
bureaucrat	관료	28
burgher	시민	21
burglar	강도	33
burial	매장	39
burma	옛 나라 이름 '버어마'	36
burmese	벵골 사람	33
burner	버너	35
burnish	윤을 내다	20
burns	영어의 성씨	42
burp	트림하다	28
burping	트림	24
burro	작은 당나귀	24
bursar	회계원	22
burst	터지다	42
bury	매장하다	39
bushmaster	부시매스터	21
busk	아마포의 한 종류	22
bust	흉상	40
bustard	느시	20
bustling	번화한	32
butane	부탄	26
butcher	망쳐 놓다	38
butler	집사	41
buttercup	미나리아재비	28
butterfly	나비	39
buttock	엉덩이	25
buttonhole	단추구멍	22
buttress	부벽	27
buyer	구매자	40
buyout	기업 인수	32
buzzard	말똥가리	28
bygone	과거의 일	28
bypass	우회로	38
bystander	구경꾼	30
byte	바이트	32
cabbage	양배추	36
cabin	작은 집	41
cache	숨긴 장소	36
cactus	선인장	34
cadaver	시체	27
caden	남자 이름	21
cadence	율동적인 흐름	31
cadmium	화학 원소 이름 '카드뮴'	28
caesium	화학 원소 이름 '세슘'	22
cage	새장 또는 우리에 넣다	41
caitlin	여자 이름	33
calamitous	불행을 가져오는	24
calamity	재난	32
calcification	석회화	24
calcium	화학 원소 이름 '칼슘'	38
calculable	계산할 수 있는	18
calculate	계산하다	39
calculated	계산된	41
calculating	계산용의	36
calculation	계산	38
calculator	계산기	36
caleb	남자 이름	35
calf	송아지	37
calisthenics	맨몸 운동	24
callie	여자 이름	30
calliope	칼리오페	24
callow	새가 깃털이 나지 않은	25
caltech	칼텍	27
camel	낙타	36
cameo	보석 세공 기술의 하나	35
cameraman	카메라맨	33
cameron	남자 이름	43
cameroon	카메룬	35
camomile	카밀레	20
camouflage	위장하다	34
campfire	모닥불	31
camryn	남자 이름	20
canal	운하	42
cancel	취소하다	42
cancellation	취소	38
cancerous	암의	32
candid	솔직한	34
candidacy	후보자위치	34
candle	양초	39
candlestick	촛대	28
candor	솔직	28
candy	사탕	43
canine	갯과	33
cannibal	식인종	30
cannon	캐넌	40
cannonball	포탄	29
canoe	카누	35
canon	규범	41
canonical	정본에 속하는	33
cantankerous	성미가 급한	23
cantonese	광둥 사람	31
canvas	베로 짠 천	40
canvass	지지를 구하다	28
canyon	물이 협곡으로 흐르다	40
capacious	널찍한	22
capacitance	정전용량	29
capillary	카락	29
capitalism	자본주의	40
capitalist	자본주의자	38
capitalize	대문자로 시작하다	33
capitol	국회 의사당	40
capitulate	항복하다	25
capitulation	굴복	29
capote	카포테	26
caption	제목	37
captivate	…의 마음을 사로잡다	25
captive	포로	37
capybara	카피바라	22
cara	여자 이름	34
caracas	카라카스	33
carat	캐럿	32
caravan	캐러밴	36
caraway	캐러웨이	24
carbo	탄수화물	23
carbohydrate	탄수화물	32
carboniferous	석탄기의	29
carburettor	기화기	22
carcass	시체	32
carcinogen	발암 물질	26
cardiff	카디프	39
cardinal	기본수	39
cardiovascular	심혈관의	37
carefree	걱정없는	32
careless	부주의한	36
carelessly	부주의하게	29
caret	컴퓨터 기호에서의 ^	19
caribbean	카리브 해의	41
caribou	순록	30
caricature	캐리커처	32
carl	남자 이름	42
carlos	남자 이름	41
carly	여자 이름	34
carmaker	자동차 제조 회사	22
carmen	여자 이름	36
carnation	카네이션	27
carnet	)) 카르네 )	18
carnivore	육식 동물	27
carol	여자 이름	40
caroline	여자 이름	40
carolyn	여자 이름	35
carousel	수하물 컨베이어 벨트	32
carp	잉어	32
carpenter	목수 일을 하다	38
carpet	양탄자	42
carriage	마차	38
carrier	사람	43
carrot	홍당무	36
carson	남자 이름	39
cart	수레	40
cartel	카르텔	36
carton	큰 상자	32
cartoon	풍자 만화	41
carve	새기다	34
cascade	작은 폭포	35
casey	남자 이름	40
casket	작은 상자	33
cassandra	여자 이름	32
cassie	여자 이름	33
casting	주물	42
castrate	거세하다	23
casual	우연한	42
cataclysm	격변	26
catalyst	촉매	38
catalytic	촉매 의	32
catapult	무엇을 공중으로 쏘다	30
catapulting	사출	20
catastrophe	자연 재난	36
catastrophic	대변동의	36
catching	전염성이 있는	42
catchphrase	캐치프레이즈	29
categorical	카테고리의	29
categorize	카테고리로 나누다	29
cater	음식	36
caterpillar	애벌레	34
catfish	메기	34
cathedral	대성당	40
catherine	여자 이름	41
cathodic	음극의	20
cathy	여자 이름	35
cattail	부들	18
cattle	일반적으로 가축 소	42
caucus	정당 간부 회의	36
caul	대망막 )	21
cauliflower	꽃양배추	32
causal	원인의	33
causality	인과관계	29
causation	야기	31
caustic	부식시키는	30
caution	조심시키다	40
cautious	조심한	38
cavalier	호탕한	32
cavalry	중세의 말을 탄 기사	38
cave	항복하다	42
caveat	통고	32
caviar	캐비어	32
cavity	움푹 들어간 부분	36
cayman	악어	32
cctv	시시티브이	35
cease	하던 무엇을 멈추다	40
ceasefire	정전	33
cebuano	세부아노어	22
cedar	삼나무	38
ceiling	천장	42
celebrated	이름높은	42
celebration	축하	43
celebrity	유명 인사	43
celery	셀러리	33
celestial	하늘의	35
celibate	결혼	27
cellphone	휴대전화	36
cellular	휴대전화	39
cellulose	섬유소	31
cement	시멘트로 굳히다	39
cemetery	묘지	41
censer	향로	20
censor	조사	34
censorious	검열의	19
censorship	검열	38
centenary	백년간의	34
centennial	백년마다	34
centerpiece	중앙부 장식	31
centigrade	100도 눈금으로 나뉜	25
centimeter	미터법의 한 단위 센티미터	29
centimetre	미터법의 한 단위 센티미터	26
centipede	지네	28
centrifugal	원심성의	30
centrifuge	원심분리기	28
centrism	중도주의	21
cephalopod	두족류	21
cera	밀랍	26
ceramics	도자기	34
ceremonial	의식의	35
cerium	세륨	22
certainty	확실	38
certificate	증서	43
cess	조세	23
cessation	불가산	32
cesspool	불결한  장소	27
chad	남자 이름	39
chaebol	재벌	21
chaffinch	푸른머리되새	18
chainsaw	사슬톱	32
chairlift	체어 리프트	23
chalk	'백악'	37
chameleon	카멜레온	31
chamois	알프스에 서식하는 영양	25
champagne	샴페인	39
chap	놈	36
chapati	차파티	19
chapel	예배당	40
characteristic	특징적인	40
charcoal	숯	36
chard	근대	27
charlotte	여자 이름	42
charm	매력	41
charming	매력적인	41
charmingly	매력적으로	26
charter	법인 단체 설립 허가	42
chasm	골	30
chattel	동산	25
chauvinism	쇼비니즘	25
chauvinist	쇼비니스트	24
chav	차브	23
cheat	속이다	41
chechnya	체첸 공화국	30
checkbook	수표장	26
cheek	뺨	40
cheekbone	광대뼈	23
cheeky	건방진	35
cheer	환호하다	41
cheerful	유쾌한	36
cheerio	안녕	23
cheers	안녕!	41
cheetah	치타	32
chef	요리사	42
chela	집게발	20
chemically	화학적으로	32
chemist	화학자	35
cheque	수표	35
cheques	cheque의 복수	31
cherish	소중히 하다	35
chernobyl	체르노빌	31
cherry	벗나무	42
cheryl	여자 이름	36
chess	체스	39
chessboard	체스판	25
chestnut	밤나무	35
chew	씹다	37
chewing	chew 의 동명사	36
chic	<복장 등이> 우아한	37
chick	병아리	41
chickpea	병아리콩	25
chicory	치커리	24
chide	꾸짖다	22
chiefdom	chief의 자리	19
chiefly	주로	34
chihuahua	치와와	32
childbirth	분만	34
childish	어린애 같은	37
childlike	어린애 다운	29
chile	나라 이름 '칠레'	41
chill	차가운 느낌	42
chime	차임	31
chimney	굴뚝	36
chimpanzee	침팬지	30
chin	턱	40
chinchilla	친칠라	26
chipmunk	줄무늬가 있는 다람쥐	27
chiropractor	척추 지압사	28
chisel	새기다	30
chivalrous	기사의	26
chivalry	기사도	31
chloe	여자 이름	38
chlorine	화학 원소 이름 '염소'	34
chlorite	녹니석	19
cholera	콜레라	33
chopstick	젓가락	22
chord	화음	36
chore	가사	32
choreographed	안무화된	31
choreography	무도법	35
christianity	천주교	42
christina	여자 이름	38
christine	여자 이름	39
christopher	남자 이름	42
chromatic	색채의	29
chromium	화학 원소 이름 '크롬'	31
chromosomal	유전 염색체의	28
chromosome	염색체	35
chronic	시간을 길게 끄는	42
chronicle	연대기	37
chronological	연대순의	34
chronometer	크로노미터	23
chrysanthemum	국화	26
chuck	내던지다	42
chuckle	킬킬 웃다	35
chunk	덩어리	36
churlish	농사꾼의	22
churn	휘젓다	31
chute	활송 장치	32
ciao	안녕	28
cicada	매미	25
cigarette	피우는 담배	41
cinder	타고 남은 것	30
cindy	여자 이름	36
cinema	영화	42
cinnamon	계피	37
circa	대략	36
circuitous	돌려서 하는	24
circular	회람용 편지	40
circulate	돌다	32
circulation	유통	40
circumnavigate	일주를 하다	23
circumspect	신중한	25
circumstance	상황	37
circumvent	피하다	32
circus	서커스	40
citation	인용	38
cite	인용하다	37
civic	시민  의	40
civilian	민간의	42
civility	예의 바름	30
civilization	문명	40
claimant	청구인	31
claire	여자 이름	40
clamp	죄다	34
clandestine	남몰래 하는	32
clap	박수를 치다	35
clarence	남자 이름	37
clarification	해명	35
clarion	클라리온의	29
classical	고전적	43
classics	문학	39
classification	나눔	42
classify	나누다	34
classmate	동급생	33
classroom	교실	42
clavicle	쇄골	25
claw	발톱	36
clay	찰흙	43
cleanliness	청결	33
cleanly	깨끗이	30
cleared	통관 수속을 필한	42
cleave	쪼개다	28
clement	너그러운	34
clergy	성직자들	37
cleric	성직자	34
clerical	성직자	34
clerk	서기	40
clever	똑똑하다	42
clientele	모든 의뢰인들	32
cliff	절벽	41
clifford	남자 이름	38
climatology	기후학	24
climax	높이 올라가다	36
climb	오르다	42
climbing	등산	41
cling	달라붙다	35
clipper	집게	31
clique	파벌을 짓다	32
clod	덩어리	23
clog	나막신	30
clone	복제품을 만들다	37
closet	방에 가두다	41
cloth	옷감	40
cloudburst	폭우	18
cloudiness	흐림	21
cloudless	구름이 없는	25
cloudy	흐린	36
clover	토끼풀	34
clown	어릿광대	39
cloying	과식으로 물린	23
clue	실마리	42
clumsy	서툰	34
coalescence	하나로 됨	22
coalition	정치 연합	42
coarse	굵은	34
coarsely	거칠게	24
coarseness	거침	19
coastal	해안의	42
coastline	해안선	35
coax	꾀다	30
cobalt	화학 원소 이름 '코발트'	34
cobb	영어의 성씨	35
cobra	코브라	35
cocaine	코카인	40
cock	수탉	42
cockpit	조종석	36
cockroach	바퀴벌레	32
coconut	코코야자의 열매	39
codec	코덱	27
cody	남자 이름	38
coerce	강압하다	29
coercion	강제	33
coeval	동갑내기	18
cofactor	여인수	22
coffeemaker	커피 끓이는 기구	21
coffin	관	38
cogent	설득력 있는	27
cognition	경험적으로 알고 있음	33
cognitive	경험적으로 알고 있는	41
cognizant	깨달은	28
cohort	집단	34
coif	흰 직모	21
coil	감다	37
coin	동전	42
coinage	화폐 주조	30
coincidence	우연의 일치	40
coitus	성교	25
coldness	추위	26
cole	남자 이름	42
colin	남자 이름	41
collaborate	공동으로 일하다	35
collaboration	공동 작업	43
collagen	콜라겐	32
collapse	붕괴	42
collapsible	접을 수 있는	27
collar	깃	40
collarbone	쇄골	28
collate	대조하다	24
collateral	부수적인	37
colleague	동료	40
collectively	전체적으로	38
collision	충돌	40
colloquial	입말	29
colloquially	구어체로	27
colloquium	회의	25
colombia	콜롬비아	40
colon	문장 부호 쌍점	36
colonise	식민지를 세우다	23
colony	식민지	41
coloration	염색	30
colorful	여러 가지 색의	38
colt	망아지	36
colton	남자 이름	32
columbine	참매발톱꽃	29
comb	빗다	35
combine	결합하다	41
combustible	불이 붙기 쉬운	29
comeback	보복 행위	40
comedian	코미디언	40
comely	어여쁜	24
comer	오는 사람	29
comet	혜성	36
comfrey	컴프리	19
comma	콤마	33
commandment	계명	32
commemorate	기념하다	35
commemoration	기념식	33
commence	시작되다	36
commencement	개시	35
commend	추천하다	32
commensurate	같은	28
commentary	주석	42
commentator	논평가	37
commercialization	상업화	30
commercialize	상업화하다	24
commissary	매점	28
commodious	편리하다	20
commodity	상품	39
commodore	준장	34
commoner	평민	28
commonplace	평범하다	34
commotion	소란	31
communal	공동체의	37
communicate	소통하다	42
communism	공산주의	38
commute	통근하다	36
compact	꽉	41
compadre	친구	20
companion	같이 어울려 다니는 사람	41
comparable	~  비슷한	41
comparative	비교급	38
comparatively	비교로	35
compartment	칸	36
compass	나침반	37
compassion	동정심	40
compatible	양립 가능한	40
compatriot	동포	28
compel	강요하다	33
compendium	개요서	30
compensate	보상하다	38
compensatory	보상의	29
competence	권한	36
competent	유능한	39
competitor	경쟁자	38
compile	편찬하다	34
compiler	편집자	34
complacent	자기 만족적인	32
complain	불평하다	42
complainant	원고	31
complement	보완하다	38
complementary	보완적인	36
complexion	안색	33
compliance	준수	42
compliant	복종하는	34
compliment	칭찬	39
comply	따르다	40
compose	구성하다	35
composed	침착하다	43
composer	작곡가	38
compost	퇴비	32
compound	복합의	42
comprehend	이해하다	37
comprehensible	이해할 수 있는	27
comprehension	이해	36
compress	누르다	31
compressor	압축기	34
comprise	포함하다	36
compromise	타협	42
compulsion	강제	31
compulsory	강제적인	37
computation	계산	34
computational	컴퓨터에 의한	36
compute	계산하다	34
computing	컴퓨터사용	41
comrade	동지	36
conakry	코나크리	23
concave	오목한	30
conceal	감추다	35
concealment	숨김	29
concede	인정하다	35
conceivable	상상할 수 있는	32
conceive	여기다	34
concentrate	집중하다	41
conception	개념	38
concerted	협정의	33
concession	거류지	36
concessional	무료의	23
conciliation	조정	27
conciliatory	달래는	28
concise	간결한	35
conclude	끝맺다	39
conclusive	결정적인	33
concoct	만들다	24
concoction	혼합물	28
concord	의견의 일치	35
concubine	첩	28
concur	~   | ~   동의하다	32
concurrent	공존하는	35
concurrently	동시에	33
condense	압축하다	27
condescending	공손한듯한	31
condiment	조미료	27
condolence	애도	28
condom	콘돔	36
condone	묵과하다	32
conducive	기여하는	32
conduction	전도	30
conductive	전도하는	31
cone	원뿔	38
confer	상의하다	32
confess	고백하다	38
confession	고백	39
confidant	절친한  친구	29
confidential	비밀의	39
confidently	믿음	34
configuration	배열	40
confinement	구금	35
confines	한계	32
confirmation	확인	41
confiscate	몰수하다	29
conflate	융합하다	24
conform	따르다	35
conformity	일치	32
confront	직면하다	38
confrontation	대치	37
confrontational	대립을 일삼는	30
confuse	혼동하다	37
congenial	조건	26
congested	혼잡한	32
congestion	밀집	37
congratulate	축하하다	36
congratulation	축하	27
congratulatory	축하의	27
congruent	들어맞는	27
conjectural	추측의	20
conjecture	추측하다	34
conjugal	결혼의	26
conjugation	활용	27
conjunction	접속사	39
conjure	마술을 하다	31
conley	영어권국가의 이름 '콘리'	30
connacht	아일랜드의 서부 지방이며	25
connie	여자 이름	35
connor	남자 이름	38
connotation	함축	29
connote	단어가  함축하다	20
conquer	정복하다	38
conqueror	정복자	32
conscience	양심	40
conscientious	양심적인	32
conscientiously	양심적으로	24
conscious	알아차리는	42
consciously	의식적으로	35
consciousness	알아차리는 것	41
conscript	징집된	25
conscription	징병	30
consecutive	연이은	42
consecutively	연속하여	29
consensus	합의나 총의	41
consequence	결과	41
conservatively	보수적으로	28
conservatory	보존에 관한	33
conserve	보존하다	34
considerable	적지 않다	42
considerate	이해심이 있는	33
consideration	헤아리는 생각	43
consignment	위탁매매	30
consignor	위임인	23
consist	구성되다	39
consolation	위로	35
console	위로하다	41
consolidate	굳히다	35
consolidated	합병 정리된	38
consolidation	합동	37
consonant	자음	31
consortium	컨소시엄	37
conspicuous	눈에 잘 띄는	34
conspicuously	눈에 띄게	29
conspiracy	음모	43
conspire	공모하다	28
constance	여자 이름	33
constancy	불변성	25
constellation	별자리	34
constipation	변비	31
constituency	지지층	37
constituent	…을 구성하는	36
constitute	설립하다	38
constitutionality	입헌성	29
constrain	제약하다	28
constrained	강요된	34
constraint	~  제약	33
constructive	건설의	38
constructor	건설자	29
consul	공사	36
consulate	영사관	36
consult	전문가의 의견을 듣다	39
consultant	상담가	41
consultation	협의	40
consume	소비하다	39
consummate	…을 완성하다	30
consummation	완성	25
contagious	전염성의	36
container	그릇	40
containment	방지	35
contaminate	오염시키다	28
contamination	오염	37
contemplate	심사숙고하다	34
contemplation	사색	32
contemporaneous	같은 시대의	28
contempt	~  경멸	37
contend	주장하다	36
contentedly	흐뭇이	22
contentious	논쟁을 좋아하는	33
contiguous	인접해 있는	32
continent	대륙	41
continental	대륙의	40
contingent	의존적인	37
continual	꾸준히 반복되는	34
continually	계속해서	39
continuity	연속	38
continuo	콘티누오	23
continuous	연속적인	42
continuum	연속	34
contour	윤곽	34
contraception	피임	33
contraction	줄임	35
contractor	계약자	41
contractual	계약상의	34
contradiction	모순	34
contradictory	모순	35
contrarily	거꾸로	20
contrary	반대	42
contravention	위반	27
contributory	청산 출자자	27
contrite	뉘우치는	25
contrive	고안하다	22
controller	관리인	41
controversial	논란이 많은	42
controversy	논쟁	43
conundrum	수수께끼	30
conurbation	도시권	20
convene	소집하다	30
convenience	편의	40
convenient	편리한	42
conveniently	편리하게	36
convent	수도회	35
conventional	전래의	42
convergence	한 곳으로 모임	35
convergent	집중적인	28
conversant	정통한	24
converse	이야기하다	35
conversely	〈접속사〉 반대로	35
conversion	전환	42
convert	바꾸다	41
convey	나르다	38
conveyance	수송	28
convict	유죄를 선고하다	36
conviction	신념	41
convince	그렇다고 알도록 하다	43
convivial	연회의	24
convocation	소집	29
convoluted	뒤얽힌	30
cony	코니	18
cooler	냉각기	40
cooling	냉각의	41
cooper	성씨에서 유래한 남자 이름	43
cooperate	협력하다	38
cooperative	협력적인	39
coordinate	조화시키다	38
cootie	이	20
cope	-에 대처하다	40
copious	넉넉한	31
copper	화학 원소 이름 '구리'	43
copulate	결합한	22
copulation	교미	25
copycat	모방자	29
copyright	저작권을 가진	42
coral	산호	39
cord	끈	40
cordial	화기애애한	31
corey	남자 이름	37
coriander	고수	30
cork	코르크 마개를 끼우다	37
corkscrew	코르크마개뽑이	27
cormorant	가마우지	23
corn	가루로 만들다	42
cornbread	옥수수빵	27
cornerstone	기초	34
corolla	꽃을 엮어 만든 둥근 띠	32
coronary	관상 동맥의	34
corporal	육체의 신체의	36
corporeal	육체적인	26
corps	부대	43
corpse	시체	38
corpus	말뭉치	36
correction	정정	40
correctional	교정의	34
corrective	바로잡는	33
correctly	정확히	42
correctness	올바름	34
correlate	연관성이 있다	32
correspond	일치하다	35
corresponding	해당하는	41
correspondingly	상응하는	28
corridor	복도	39
corrupt	해치다	41
corsage	코르사주	22
cory	남자 이름	36
cosine	삼각법의 코사인	25
cosmogony	우주진화론	18
cosmopolitan	세계주의자	34
cosplay	코스프레	34
cosplayer	코스프레를 하는 사람	24
cossack	코사크	28
cottage	오두막집	40
couch	드러눕다	42
cough	기침하다	40
counselor	상담원	38
countable	셀 수 있는	25
counteract	반대로 하다	32
counterfeit	위조의	34
countermeasure	대책	24
counterpart	복사물	37
counterrevolution	반혁명	18
counterrevolutionary	반혁명분자	21
countertop	조리대	26
countless	셀 수 없는	40
coup	타격	40
courageous	용감한	36
courtesy	공손함	41
courtney	여자 이름	37
covenant	계약하다	37
covert	은밀한	35
covet	탐내다	28
covetous	탐욕스러운	21
cowardice	비겁	31
cowboy	카우보이	38
coyote	코요테	34
crab	게	38
crackdown	통제	34
cracking	한국어	39
cracow	크라쿠프	25
cradle	요람	35
craftsman	기술자	32
crafty	약아빠지다	32
crag	우뚝 솟은 험한 바위	26
craggy	바위 투성이의	25
craig	남자 이름	42
cram	쑤셔 넣다	31
cramp	경련	30
crane	학	39
crass	세련미가 없는	30
craton	대륙괴	19
crave	갈망하다	35
craven	겁 많은	32
crawl	기다	38
crayfish	가재	28
crayon	크레용	30
creativity	독창력	40
creator	창조자	42
creature	생물	42
credential	신임장	28
credible	믿을 수 있는	38
creditor	채권자	31
creditworthiness	신용할 수 있음	23
creed	교의	37
creep	기다	38
cremate	화장하다	21
cremation	화장	31
creole	크리올	31
crest	마루	36
crestfallen	겁쟁이	22
cretaceous	백악의	32
crib	구유	35
criminology	범죄학	30
crimson	진홍색의	36
cringe	움츠리다	35
cripple	병신	32
crispy	바삭바삭한	34
criteria	criterion의 복수형	42
criterion	표준	35
critic	비판 또는 비평하는 사람	40
criticize	비판한다	36
croatia	크로아티아	37
crochet	코바늘로 뜨다	32
crocodile	악어	35
crocus	크로커스	25
croissant	크루아상	28
crook	구부리다	34
crop	농작물	42
crossbow	석궁	30
crouch	쭈그리다	33
crow	까마귀	38
crowded	사람이 붐비는	40
crucial	결정적인	43
cruciferous	십자가를 진	20
crud	찌거기	26
crude	날것의	40
cruel	잔인한	41
crumble	부수다	33
crush	으깨다	42
crust	빵 부스러기	37
crustacean	갑각류	26
crybaby	울보	28
cryptic	숨은	32
crystallise	결정으로 만들다	19
crystallization	결정화	26
crystallize	결정으로 만들다	24
cuba	나라 이름 '쿠바'	41
cube	정육면체	38
cuckoo	뻐꾸기	31
cucumber	오이	34
cuisine	요리	38
culinary	부엌의	36
culling	고르기	29
culminate	최고점	27
culpability	과실이 있음	28
culpable	잘못이 있는	29
cultivate	경작하다	34
cultivated	경작된	36
cumbersome	거추장스러운	32
cumulative	누적되는	36
cumulatively	점증적으로	24
cunning	교활	34
cunt	씹	39
cupboard	잔의 받침 접시	34
curare	쿠라레	19
curate	조직하다	30
curative	치료약	27
curator	큐레이터	36
curfew	통행금지령	34
curiosity	신기함	40
curler	컬링 선수	25
curriculum	학교의 수업 과정	41
curse	저주	41
cursor	활자	31
cursory	겉핥기의	29
curt	짧은	32
curtain	가리는 막	39
curtains	인생의 마지막	37
curtis	남자 이름	39
curtsey	커트시	20
curvature	구부림	32
curve	굽은 상태	41
curved	굽은	38
cush	돈	23
cushion	쿠션	36
cushy	편한	27
cusp	두 곡선이 만나는 점	30
cuss	욕	28
custodian	보관 은행	31
custody	보관	42
customarily	습관적으로	26
customary	관습을 모아 적은 책	35
customs	세관	42
cuttlefish	갑오징어	25
cyan	청록색의	27
cyber	인터넷에 관한	40
cybernetics	생물	26
cyclist	자전거 선수	36
cyclone	사이클론	35
cylinder	원통	40
cynic	냉소적인	28
cynical	비꼬는	36
cynthia	여자 이름	36
cypress	사이프러스	32
czech	체코와 관련된	40
daegu	대구	25
daejeon	대전	22
daffodil	수선화	26
daft	어리석다	34
dagger	단검	35
daguerreotype	은판 사진 기술	21
dahlia	달리아	29
dailies	일간신문	28
daimyo	다이묘	22
dairy	우유를 생산하는 일	41
daisy	멋있다	38
dale	남자 이름	40
damages	민사소송에서 원고	41
dame	부인	40
damned	저주할	39
damning	저주 받고 있는	32
damp	습한	36
dampen	꺾다	28
dampness	습기	25
dancer	무용가	40
dandelion	민들레	29
dane	덴마크인	35
dangerously	위험하게	35
danielle	여자 이름	36
danish	덴마크 사람	39
danny	남자 이름	42
daphne	다프네	33
dapper	조촐하다	29
dappled	얼룩무늬의	24
daria	여자 이름	28
darlene	여자 이름	29
dart	쏜살같이 움직이다	35
dash	앞으로 던지다	40
dative	여격	24
datum	'data'의 원형	25
daunt	위협하다	20
dawn	날이 어슴프레 밝다	43
dawson	남자 이름	38
daybreak	새벽	30
daydream	하루하루 꿈꾸는 일	30
daylight	햇빛을 받게 하다	38
daytime	낮	37
daze	멍한 상태	29
dazzle	눈이 부시게 하다	30
deacon	부제	34
deadly	생명을 앗아 가는	42
deadpan	무표정한	26
deadweight	무게	23
deaf	귀가 먹은	40
deafness	귀가 먹음	29
debase	저하시키다	21
debenture	차입 증명서	22
debit	차변	36
deborah	여자 이름	36
debra	여자 이름	33
debrief	보고를 듣다	24
debugging	디버깅	29
debunk	틀렸음을 밝히다	27
decaffeinated	카페인이 없는	21
decapitate	…의 목을 베다	24
decay	부패	38
decease	사망	21
deceased	죽은 사람	40
deceive	속이다	34
decelerate	속도가 줄어들다	23
decency	체면	35
decennial	십년동안의	21
deception	속임	36
deceptive	기만적인	33
deciduous	떨어지는	30
decipher	풀다	31
declaration	선언	41
declaratory	선언	23
declare	선언하다	40
declension	어형	23
decode	해독하다	30
decompose	분해되다	28
decomposition	분해	33
decor	장식	36
decorate	꾸미다	34
decoration	장식	38
decorative	장식의	38
decrease	줄이다	42
decree	법령	38
decrepit	늙어서 힘이 없다	28
dedicate	<저서	35
dedication	마음을 쏟음	40
deduce	유래	30
deduct	빼다	31
deductible	공제 조항	34
deduction	추정	35
deek	보다	19
deem	여기다	33
deepen	~을 깊게 하다	32
deer	사슴	41
deface	외관을 훼손하다	23
defamation	다른 사람의 명예를 더럽힘	34
defamatory	말이나 글이 중상하는	29
default	해야 할 일을 하지 않다	43
defect	탈주하다	37
defective	결함이 있는	36
defector	탈주자	26
defendant	피고	40
defender	방위자	41
defer	미루다	32
deferential	경의를 표하는	24
deficient	모자라는	33
deficit	부족	41
defile	더럽히다	26
definite	규정된	38
definitive	확정적인	38
deflect	빗나가다	32
deforestation	산림전용	32
deformity	기형	28
defraud	~ sb  편취하다	28
defray	돌려주다	24
defrost	해동하다	25
deft	솜씨가 좋은	29
defunct	현존하지 않는	33
defy	저항하다	34
degenerate	퇴보한	33
degradation	열화	36
degrade	낯추다	33
dehydrate	탈수하다	23
deism	신을 믿음	22
deity	신	36
delectable	맛있는	27
delegate	대표로 파견하다	37
delegation	대표단	39
delete	지우다	42
deleterious	해롭다	27
deletion	삭제	32
deliberate	숙고하다	38
deliberately	고의적으로	40
delicate	우아하다	40
delight	기쁨	40
delighted	기뻐하는	41
delineation	획정	25
delinquent	의무를 게을리하는	31
deliverable	상품	24
della	여자 이름	34
delta	그리스어 알파벳 'Δ	41
delude	속이다	25
deluge	폭우	30
delusion	속임	34
demagogue	선동가	25
demarcation	경계	28
demean	품위를 손상시키다	26
dementia	치매	38
democrat	민주주의자	42
democratization	민주화	28
demolish	파괴하다	32
demolition	파괴	36
demonstrable	보여줄 수 있는	26
demonstrably	논증할 수 있도록	28
demonstrate	증거를 들어가며 보여주다	42
demonstration	시위	41
demoralize	사기를 꺾다	22
demotic	서민의	20
denigrate	폄하하다	26
denigration	명예 훼손	22
denise	여자 이름	36
denmark	나라 이름 '덴마크'	40
dennis	남자 이름	41
denomination	명명	33
denominator	분모	31
denote	표시하다	33
denounce	탈퇴하다	32
dense	밀집한	40
dentist	치과의사	39
denunciation	폐기	26
deodorant	냄새를 줄여주는 제품	31
depart	떠나다	37
departure	출발	42
depend	의존하다	42
dependable	믿을 만하다	32
dependent	도움을 필요로 하는 사람	43
depict	그리다	34
deplete	대폭 감소시키다	26
depletion	설사	31
deplore	유감스럽게 생각하다	24
deploy	배치하다	37
deployment	정렬	39
deport	추방하다	32
deportment	행실	21
depose	퇴진시키다	27
deposit	예금하다	42
deposition	가산  증언 녹취록	35
depositor	예금자	21
depository	보관소	29
depreciate	경시하다	25
depreciation	가치가 하락한 상태	34
depredation	약탈	18
depress	짓누르다	29
depressed	우울한	41
deprived	혜택받을 수 없는	37
derail	기차가 탈선하다	31
derailment	탈선	27
deregulation	규제철폐	32
derek	남자 이름	40
derivative	파생적인	36
derogatory	얕잡는	32
derrick	기중기	35
descend	내리다	35
descendant	자손	33
deserter	탈영병	27
desiccant	건조제	20
designate	명시하다	34
designated	지정된	42
desirable	바람직한	38
desirous	~  | ~   바라는	25
desist	~    그만두다	30
despair	절망하다	38
desperation	절망	36
despicable	천한	35
despise	업신여기다	35
despondent	기가 죽은	27
despotic	전제의	26
dessert	후식	38
destination	목적지	42
destiny	운명	42
destructive	파괴적인	39
detach	떼어놓다	30
detain	구금하다	32
detainer	불법 유치	19
detect	발견하다	40
detection	발견	41
detective	탐정	42
detector	탐지기	37
deter	단념시키다	35
detergent	세제	32
deteriorate	~  악화되다	32
deteriorated	열악한	34
deterioration	악화	34
determinable	확인할 수 있는	19
determination	결심	42
determiner	한정사	21
deterministic	결정론적인	29
detest	매우 싫어하다	29
detestable	아주 싫은	25
detour	우회로	32
detrimental	~  해로운	36
detrimentally	해롭게	18
devastate	황폐화하다	26
developer	개발하는 사람	42
deviate	벗어나다	31
deviation	일탈	34
devin	남자 이름	33
devise	궁리하다	32
devolution	상속인에의 이전	31
devolve	권리	28
devote	<몸	35
devoted	헌신적인	42
devour	걸신 들린 듯 먹다	32
devout	경건한	33
dexterous	솜씨	23
diabetes	당뇨병	42
diabolic	악마의	22
diagnosis	진단	42
diagnostic	질병의 진단	38
diagram	도표	38
dialect	사투리	35
dialogue	두 사람이 나누는 이야기	43
diameter	지름	41
diana	여자 이름	40
diane	여자 이름	38
dianne	여자 이름	30
diaper	기저귀	35
diaphanous	얇은	20
diarrhea	설사	36
diarrhoea	설사	30
diary	일기	41
dice	주사위	38
dictator	독재자	37
dictatorial	독재적인	29
dictatorship	독재	36
dictionary	사전	40
didactic	교육적인	27
diddle	속이다	24
differ	다르다	40
differentiation	분화	35
diffident	자신 없는	21
diffraction	회절	30
diffusion	확산	34
digest	소화하다	37
digestion	소화	33
digestive	소화제	35
digit	손가락	38
dignitary	고위 인사	23
dignity	자존감	40
digression	요지에서 벗어난 이야기	22
dike	제방	28
dilate	넓히다	24
dilatory	꾸물거리는	18
dilemma	진퇴양난	37
diligence	주의	35
diligent	부지런한	32
diligently	부지런히	31
dill	딜	31
dilute	옅게 하다	32
dimension	크기	40
diminish	감소하다	35
diminution	감소	24
diminutive	매우 작은	31
dimly	어스름하게	28
dimple	를	27
dine	저녁을 먹다	35
dinosaur	공룡	38
diode	다이오드	31
diploma	졸업장	38
diplomacy	외교	37
diplomat	외교관	37
diplomatic	외교의	41
dire	대단히 심각한	37
directional	방향의	34
directorate	부서	34
directorship	이사직	24
directory	성명록	39
dirigible	비행선	22
dirt	진흙	42
disadvantage	불이익	37
disagree	반대하다	41
disagreeable	유쾌하지 않은	27
disagreement	불일치	37
disappear	사라지다	41
disappearance	실종	37
disappeared	disappear의 과거	43
disappoint	실망시키다	37
disappointment	실망	40
disastrous	재난의	37
disavow	부인하다	26
disband	해산하다	29
disburse	지불하다	22
disbursement	지불	27
disc	동그란 모양의 것	41
discern	알아차리다	32
discharge	떠나는 것을 허락하다	39
disciple	문하생	34
discipline	버릇	42
disclaim	부인하다	24
disclaimer	권리 포기 각서	35
disclose	폭로하다	38
disclosure	폭로	40
discomfort	불편	36
discontent	U 불만	34
discontinue	중단하다	31
discord	불화	34
discourse	강화	38
discredit	존경심을 떨어뜨리다	34
discreet	신중한	34
discrepancy	차이	33
discrete	별개의	36
discretion	재량권	39
discretionary	임의의	33
discursive	산만한	25
diseased	질환이 있는	31
disfigurement	가산 형태를 손상시키기	25
disgorgement	환수	18
disgrace	치욕	37
disgraceful	불명예스러운	33
disgust	구역질 나다	36
disgusted	역겨운	36
disgusting	역겨운	42
disgustingly	메스껍도록	26
dish	접시	42
dishonestly	부정직하게	24
dishonor	<은행이> <어음	29
dishwasher	식기세척기	33
disinfect	소독하다	26
disinfectant	소독약	28
disinfection	소독	27
disinterested	공정한	29
disk	동그란 모양의 것	40
dislike	싫어하다	39
dismay	놀라다	33
dismember	팔다리를 자르다	24
dismiss	해고하다	38
disobedience	불순종한 것	33
disparage	폄하하다	26
dispatch	급파  하다	38
dispel	쫓아버리다	31
dispensary	조제실	31
dispense	나누어 주다	31
displace	이동시키다	30
displacement	이동	36
disposable	쓸 수 있는	36
disposal	처분	40
dispose	알맞게 쓰다	35
disposition	배치	35
dispositive	방향을 결정하는	18
dispossess	빼앗다	19
disproportionate	~  균형이 안 맞는	33
disproportionately	불균형적으로	33
dispute	논의하다	43
disputed	논란된	38
disqualify	~의 자격을 빼앗다	29
disregard	' 묵살	37
disrepute	오명	25
disruption	붕괴	37
disruptive	지장을 주는	35
disseminate	널리 알리다	30
dissent	의견을 달리하다	36
dissenter	반대하는 자	23
dissertation	논문	37
dissident	의견을 달리하는 사람	31
dissimilar	~  같지 않은	30
dissolve	녹이다	35
dissuade	하지 않도록 말리다	30
distant	먼	42
distantly	멀리	27
distinct	다른	43
distinctive	독특한	40
distinguish	무엇을 무엇과 구분하다	39
distinguished	탁월한	42
distort	왜곡하다	31
distract	집중이 안 되게 하다	37
distress	고통을 주다	40
distribute	나누어 주다	38
distributor	판매점	37
disturb	방해하다	36
disturbing	불안하게 하는	40
ditch	도랑을 파다	39
dive	뛰어들다	41
diver	다이버	34
diverge	분기하다	28
divergence	갈라져 나오기	32
divergent	다른	34
diverse	다양한	42
diversion	유용	35
divert	방향을 바꾸다	34
divest	박탈하다	29
divide	나누다	41
dividend	배당금	38
divination	점	29
divine	신의	42
diving	잠수의	40
divulge	~ sth    알려주다	29
docile	온순한	29
dock	부두	40
doctrine	주의	40
documentation	증서나 문서의 교부	40
dodge	기피하다	39
dodgeball	피구	27
dodgy	수상하다	33
doll	인형	41
dolmen	고인돌	18
dolphin	돌고래	37
dome	둥근 천정 또는 지붕	39
domesticate	길들이다	21
domicile	거주지	28
dominant	지배하는	42
dominate	지배력을 발휘하다	39
domination	지배	37
dominic	남자 이름	36
donation	기부	40
donee	수증자	20
donetsk	도네츠크	31
donkey	나귀	36
donna	여자 이름	38
donor	기부자	39
doris	여자 이름	36
dorky	머저리의	27
dormant	휴면기의	34
dormitory	기숙사	31
dorothy	여자 이름	38
dorsal	등  의	34
dose	복용량	42
dosimeter	선량계	19
dotage	망령	20
dotted	점의	34
doubtful	의심스러운	35
dough	반죽	39
doughnut	도넛	32
douglas	남자 이름	42
doujinshi	동인지	20
dove	비둘기	37
downhearted	낙담한	19
downloadable	다운로드할 수 있는	32
downpour	폭우	28
downside	밑면	35
downstairs	아래층에	37
downstream	하류	36
downward	아래로	37
downwards	아래로	32
dowry	지참금	31
drag	끌다	43
dragonfly	잠자리	30
drain	<물을> 빼서 말리다	41
drake	수오리	40
dramatize	각색하다	23
drape	휘장	27
drastic	철저히	36
drastically	철저히	36
draught	견인용의	31
drawback	~  | ~  결점	32
drawer	서랍	38
dread	공포	36
dreadful	끔찍한	37
dreadfully	무섭게	27
dreary	황량한	31
dressing	드레싱	42
dried	마른	40
drip	물방울	36
drizzle	는개	32
drone	숫벌	40
drool	침을 흘리다	30
drooling	침흘림	30
droplet	작은 물방울	27
drought	가뭄	39
drum	북을 치다	41
drummer	북을 치는 사람	37
drunkard	술고래	27
drunken	술에 취한	37
dual	이중의	43
dualism	이원론	26
dubbing	더빙	28
dubious	의심스럽다	35
dubrovnik	두브로브니크	27
duck	오리	42
duckling	새끼오리	27
ductile	연성이 있는	24
duel	결투	36
dugout	방공호	30
dull	흐리다	39
dullness	둔감	24
dully	둔하게	19
duly	정식으로	34
duma	두마	30
dumbass	얼간이	36
dumbness	함묵	19
dump	내버리다	41
dumpling	만두	27
duodenum	십이지장	23
duplicate	똑같은	36
duplication	복사	32
durability	내구성	34
duration	계속	41
duress	협박	30
durex	콘돔제품	20
dusk	어스름	34
dustin	남자 이름	34
dustpan	쓰레받이	19
dusty	먼지가 있는	37
duvet	이불	30
dwarf	난쟁이	38
dwell	정착하여 살다	36
dwelling	주거	37
dylan	남자 이름	40
dynamite	다이너마이트	36
dynasty	왕조	39
dysentery	이질	28
dyslexia	난독증	30
dystopia	디스토피아	27
dystopic	암울한	18
eager	간절히 바라는	40
eagerly	열심히	35
eagerness	온 힘을 쏟음	29
eagle	독수리	41
earl	남자 이름	42
earnestly	진지하게	29
earnings	벌이	43
earring	귀걸이	31
earthly	세속적인	33
earwax	귀지	22
easiness	쉬움	20
ebola	에볼라 바이러스	36
ebony	흑단	33
eccentric	별난	36
ecclesiastical	교회의	35
echo	반향하다	40
eclectic	절충한	34
ecologist	생태학자	27
ecology	생물학의 한 분야 생태학	37
ecosystem	생태계	38
ecstasy	황홀	35
ecuador	나라 이름 '에콰도르'	36
eczema	습진	31
eddie	남자 이름	41
edelweiss	에델바이스	24
edgy	끝이 날카로운	34
edible	먹을 수 있는	36
edict	포고	31
editable	편집할 수 있는	23
editorial	사설	41
editorially	편집상	22
edmund	남자 이름	36
educate	가르치다	39
educator	교육자	36
effectuate	일으키다	19
effervescent	거품이 이는	25
efficacious	효과적인	26
efficacy	효능	37
efficiently	효율적으로	38
effortless	힘들이지 않고	31
effortlessly	어려움 없이	32
eggplant	가지	30
egyptian	이집트인	42
eighteen	숫자 18	38
eighteenth	열여덟째	35
eighth	여덟째	42
eightieth	여든째	19
eighty	숫자 80	38
eileen	여자 이름	33
ejaculate	사정하다	26
ejaculation	사정	29
eject	쫓아내다	30
ejection	배출	31
elaborate	공들인	41
elaborately	정교하게	28
elaine	여자 이름	36
elastic	신축성의	36
elasticity	탄력	31
elbow	팔꿈치	38
elder	나이가 많은 사람	41
elderberry	딱총나무	21
elderly	노인	42
eldest	가장 늙은	37
elect	뽑다	40
elective	선택 강좌	33
electoral	선거의	41
electrician	전기기사	33
electrolysis	전기분해	27
electromagnetic	전자기의	36
electron	전자	38
electronegativity	전기음성도	19
elegance	우아	34
elegant	우아하다	40
elegantly	우아하게	30
elephant	코끼리	41
elevation	향상	39
elevator	승강기	40
eleven	숫자 11	41
eleventh	열한째	35
eligible	뽑을 만한 자격이 있는	43
elijah	남자 이름	35
eliminate	제거하다	42
elimination	제거	39
elitism	엘리트주의	26
ella	여자 이름	36
ellen	여자 이름	40
ellie	여자 이름	36
ellipse	타원	27
elope	눈이 맞아 함께 달아나다	25
eloquent	웅변의	32
elsa	여자 이름	34
elusive	어려운	35
elvis	남자 이름	38
embalm	) 방부 처리를 하다	18
embarrass	부끄러운 생각을 하게 하다	34
embarrassed	부끄러운	40
embassy	대사관	41
embellish	꾸미다	26
ember	잿불	30
embezzle	횡령하다	20
emblem	상징	36
embrace	끌어안음	42
embryo	태아	33
emerald	에메랄드	36
emerge	나오다	39
emergence	출현	37
emigration	이주	32
emigre	émigré의 다른 표기	20
emily	여자 이름	41
eminent	훌륭한 자질이 탁월한	36
emission	사출	37
emit	<빛	32
emma	여자 이름	42
emotion	북받치는 감정	42
emperor	황제	42
emphasize	강조하다	37
emphatic	강조된	31
empirical	경험	36
employ	고용하다	40
employer	고용주	42
empower	권한을 주다	35
emptiness	공허	33
enact	제정하다	34
encampment	야영	30
encapsulate	요약하다	25
encephalopathy	뇌병	27
enchanting	매혹적인	32
enchilada	엔칠라다	24
encircle	둘러싸다	26
enclose	포함하다	28
encode	암호화하다	30
encompass	포함하다	33
encounter	만나다	43
encumbrance	부동산상의 부담	22
encyclopedia	백과사전	35
encyclopedic	백과사전의	26
endangered	멸종 위기에 처한	39
endeavor	노력	36
endgame	종반전	32
endless	끝없는	42
endocrine	내분비의	31
endorse	배서하다	36
endorsement	보증	38
endorser	배서인	23
endow	기부하다	24
endure	견디다	38
enduring	지속적인	37
enema	관장	28
enforce	집행하다	40
enforceable	시행할 수 있는	30
engaging	호감이 가는	41
engender	낳다	26
engrave	새겨지다	24
engraver	조각가	27
engross	빼앗다	18
enigma	수수께끼	32
enigmatic	수수께끼 같은	31
enjoin	~가 ~하는 것을 금하다	22
enlarge	크게 하다	32
enlargement	확대	32
enlighten	계몽하다	32
enlightened	깨달음을 얻은 사람	35
enlightening	계몽적인	31
enlightenment	일깨움	37
enlist	참가하다	34
enliven	힘을 불어넣다	24
enmity	원한	30
enormous	일정 기준보다 훨씬 크다	42
enquiry	질문 〔A question	34
enrage	몹시 화나게 하다	24
enraged	격분한	33
enslave	노예로 만들다	28
enso	엘니뇨-남방진동	22
ensue	잇다르다	29
entail	수반하다	32
entangle	얽히게 하다	22
enterovirus	엔테로바이러스	20
entertain	즐기게 하다	38
enthusiasm	열정	40
enthusiastic	열광적인	38
entice	꾀다	32
entities	entity의 복수형	40
entity	실재	41
entomology	곤충학	28
entrap	덫을 놓다	23
entrepreneur	사업가	40
entrepreneurial	사업가의	34
entropy	엔트로피	33
enumerate	하나하나 세다	24
enunciate	또렷이 발음하다	22
envelope	봉투	39
envious	부러워하는	32
envisage	상상하다	27
envision	마음 속에 그리다	32
envy	부러워하다	38
enzo	남자 이름	32
enzyme	효소	38
ephemeral	덧없는	30
episcopal	주교의	34
epistemology	인식론	29
epitaph	비명	28
epithet	신	29
epitomize	전체 내용을 짧게 적다	20
epoch	시대	32
epsilon	그리스어 알파벳 'Ε	29
equality	평등	43
equation	같음	40
equator	적도	33
equidistant	등거리의	24
equilibrium	평형	36
equinox	주야 평분시	30
equip	갖추다	35
equivocal	분명하지 않은	24
eradicate	병	33
erasable	지울 수 있는	19
erase	지워서 없애다	37
eraser	지우개	29
erbium	에르븀	19
erect	세우다	35
ergative	능격의	18
ergonomic	인체공학의	27
erica	여자 이름	36
erin	여자 이름	37
eritrea	에리트레아	30
ernest	남자 이름	37
erode	좀먹다	30
erosion	좀먹음	36
erotic	성적인	37
eroticism	성욕	26
errand	심부름	30
errant	잘못된	29
erratic	산만한	33
erroneous	잘못된	32
erroneously	잘못되게	31
erstwhile	이전의	29
escalate	단계적으로 늘리다	34
escapee	도망자	23
eschew	삼가다	26
escort	호위하다	40
escrow	풀림	30
esophagus	식도	29
esoteric	비전의	32
especial	특별한	27
espionage	간첩 행위	35
espouse	신봉하다	27
essay	시도하다	42
essence	본질	40
esteem	존경하다	39
esteemed	존경받는	33
esthetic	미적인	24
estimate	견적	43
estrange	떼어놓다	22
estrogen	여성 호르몬 에스트로겐	34
etch	동판을 염산으로 녹이다	28
eternal	영원한	41
eternally	영원히	33
eternity	영원	38
ethan	남자 이름	37
ethical	윤리의	41
ethics	윤리학	42
ethiopia	나라 이름 '에티오피아'	37
ethnicity	민족성	37
etiquette	예의	34
etymology	어원	29
eugene	남자 이름 유진	38
eunuch	내시	28
euphemism	완곡적인 말	29
euphemistic	완곡 어법의	20
euphorbia	대극속	22
eurasia	유럽과 아시아	30
euro	유로	41
europium	유로퓸	20
evacuate	피난시키다	35
evacuation	소개	37
evade	교묘히 피하다	34
evan	남자 이름	38
evanescent	사라져 가는	22
evangelist	전도사	31
evaporate	증발하다	30
evaporation	증발	31
evasive	얼버무리는	30
evelyn	여자 이름	36
evenings	저녁에	36
eventual	사건과 관계된	37
evergreen	사철 푸른 나무	34
everlasting	계속	34
evict	퇴거시키다	30
eviction	축출	34
evident	뚜렷하다	40
evidently	확실히	36
evince	분명히 밝히다	20
evocation	환기	26
evoke	불러일으키다	33
evolve	서서히 발전하다	38
exacerbate	더욱 심하게 하다	29
exactness	정확성	20
exaggerate	과장하다	32
exaggeration	과장	33
exalt	우쭐하게 하다	26
examination	시험	43
examine	조사하다	42
exasperate	성나게 하다	19
excavate	발굴하다	27
exceed	한계를 넘어서다	39
exceeding	굉장한	36
excellently	뛰어나게	28
exceptional	예외적인	40
excerpt	발췌록	35
excess	지나친	42
excessive	과도의	41
excessively	과도하게	34
excite	흥분시키다	33
excitement	흥분	42
exclaim	외치다	28
exclude	제외하다	38
exclusion	축출	37
exclusively	배타적으로	42
exclusivity	독점성	31
excrement	똥이나 오줌	28
excrete	배설하다	23
excretion	배설	27
execute	㉹ 사형에 처하다	40
execution	실행	43
exemplary	모범적인	34
exempt	면제하다	38
exemption	면제	36
exert	애쓰다	34
exhale	뱉어내다	31
exhaust	다 써 버리다	38
exhaustion	탈진	35
exhaustive	철저한	33
exhaustively	남김없이	24
exhibit	보여주다	42
exhilaration	기분을 돋움	26
exhume	발굴하다	22
exigency	급한 볼일	18
exile	U  국외 추방	38
existentialism	실존주의	26
exodus	이주	37
exogenous	질병이나 증상이 외인성의	27
exonerate	면제하다	26
exoplanet	외계행성	26
exotic	외래의	39
expatriate	국외 거주자	29
expectant	기대하는	30
expectation	기대	40
expediency	편의	26
expedient	쓸모있는	28
expedite	추진하다	30
expedition	탐험	40
expeditionary	원정의	29
expeditious	신속한	23
expend	들이다	29
expenditure	지출	37
expense	지출	42
experimental	실험의	43
experimenter	실험자	25
expertise	높은 수준의 지식이나 기술	41
expiration	만료	35
expire	만기가 되다	35
expiry	만기	30
explanatory	이유를 밝히는	33
explicable	설명할 수 있는	20
explicate	풀어서 자세히 말하다	18
explication	설명	22
explicit	<진술 등이> 명백한	40
explicitly	명백히	40
explode	폭발하다	38
exploded	분해 조립도의	38
exploit	성취	38
exploitation	착취	38
exploration	탐험	42
explosion	폭발	42
explosive	폭발성 물질	40
exponent	집단에서 뛰어난 사람	30
exponentially	기하급수적으로	33
export	수출	42
expressionism	표현주의	26
expressly	명확히	35
expressway	고속도로	31
expropriate	몰수하다	21
expulsion	축출	34
extensively	널리	39
exterior	바깥	39
exterminate	몰살하다	29
extermination	몰살	31
extinct	멸종된	37
extinction	멸종	38
extinguish	끄다	30
extol	칭찬하다	23
extort	강요하다	28
extortion	강요	33
extract	추출하다	40
extradition	외국 범인의 인도	33
extrajudicial	법정 외의	27
extramarital	혼외의	27
extraneous	~    관련 없는	28
extraterrestrial	지구 밖의	31
extravagance	낭비	28
extravagant	사치하는	34
extravagantly	낭비해서	25
extremist	극단주의자	35
extrinsic	외적인	26
exude	액체나 기체가 배어나다	25
eyeball	안구	31
eyebrow	눈썹	34
eyelash	속눈섭	28
eyelid	눈꺼풀	30
eyeshadow	눈꺼풀에 칠하는 화장품	31
eyesight	시력	33
eyewitness	목격자	33
fable	동화	32
fabric	건물	41
fabricate	공장에 물건을 만들다	29
fabrication	물건을 만들어 냄	35
faceless	무명의	30
facet	~  측면	32
faceted	…면체의	29
facial	얼굴의	41
facilitate	가능	40
facilitation	어렵지 않고 쉽게 함	29
facsimile	영인본	30
faction	정파	38
factual	사실에 기반을 둔	36
faeces	배설물	27
faint	실신하다	38
fairbanks	페어뱅크스	31
fairy	요정	41
faithful	믿음이 있는	41
faithfulness	믿을 수 있음	30
faithless	신의	27
falcon	솔개	37
fallacy	오류	32
falsehood	거짓말	29
falsely	거짓으로	36
falsify	속이다	26
falsity	허위	23
falter	비틀거리다	28
fanatic	광신적	32
fantastical	환상적인	30
faraway	먼	30
fare	운임	39
farmer	농부	42
farmstead	농장	24
farmyard	농가의 정원	24
fart	방귀의 속어	36
fascinate	매혹시키다	25
fascinating	매력적인	41
fascination	매력	35
fascism	파시즘	36
fascist	파시즘을 추종하는 사람	38
fashionable	유행의	36
fasten	고정시키다	30
fatal	치명적	41
fatalism	운명론	23
fatalistic	운명론의	23
fatality	운명	32
fatally	치명적으로	33
fated	숙명적인	32
fateful	운명을 정한	31
fathom	수심을 재다	32
fatigue	피로	39
faucet	수도꼭지	31
favorable	유리한	38
fawn	비위를 맞추다	30
faze	당황하게 하다	29
fearful	두려운	36
feasibility	실현 가능성	34
feast	축제에 참가하다	40
feat	위업	40
feather	깃털	37
federative	연합의	19
feeble	허약한	32
feeder	…을 먹는 동물	35
feldspar	장석	24
feline	고양이와 관련된	31
felix	남자 이름	38
fellatio	펠라티오	25
fellowship	무리	39
felon	중죄인	32
felonious	중죄의	22
feminine	여성의	39
femininity	여성스러움	31
feminism	여권주의	38
feminist	여권주의를 추종하는 사람	41
fence	울타리	42
fencer	펜싱선수	24
feral	야생의	33
fern	고사리	33
ferocious	잔인한	32
ferry	나룻배로 나르다	40
ferryboat	나룻배	20
fertility	비옥함	38
fertilize	비옥하게 하다	26
fertilizer	비료	34
fervent	열렬한	30
fetal	태아의	34
fetch	불러 오다	36
fetus	태아	36
feudal	봉건의	34
feudalism	봉건제도	28
fever	열	42
feverish	열이 있는	28
fibula	종아리뼈	26
fictitious	지어낸	32
fiduciary	신탁의	30
fiendish	사악한	25
fierce	사나운	39
fife	파이프	34
fifteen	숫자 15	41
fifteenth	열다섯째	33
fiftieth	쉰째	26
fifty	숫자 50	43
figurative	비유적인	31
fiji	피지	36
filbert	개암	22
filing	서류	40
filipino	필리핀인	37
filler	불가산	34
filly	암망아지	32
filter	필터	43
filth	오물	34
filthy	더럽힌	38
finalize	확정하다	29
fingernail	손톱	27
fingerprint	지문	35
fingertip	손가락 끝	27
finland	나라 이름 '핀란드'	40
finnish	핀란드어	37
firearm	병기	37
firefighter	소방관	34
firefly	반딧불이	31
firehouse	소방서	29
fireplace	난로	35
firewall	방화벽	32
firewood	땔나무	32
firmly	단단히	40
firstly	우선	37
fiscal	재정의	43
fisher	어부	40
fisherman	어부	35
fishhook	낚싯바늘	19
fission	분열	31
fist	주먹으로 치다	39
fixation	고정	33
fixture	정착물	37
fixtures	기구	38
flagrant	악명 높은	30
flail	도리깨	26
flame	불꽃이 일다	41
flange	물건의 테두리	29
flank	측면	36
flap	고양력 발생기	35
flashlight	번쩍이는 불빛	35
flatulence	방귀	26
flavor	풍미	40
flavoring	착향료	28
flaw	결함	36
flawless	결점이 없는	36
flax	아마	30
flea	벼룩	34
fledge	깃털이 나다	20
fledgling	미숙한	31
flee	달아나다	38
fleetingly	순식간에	21
flexible	유연한	41
flightless	날지 못하는	25
flinch	물러서다	29
fling	던지다	33
flint	부싯돌	38
flip	재빨리 켜다	42
flit	빨리 움직이다	25
float	뜨다	39
flounder	도다리	28
flour	밀가루	40
flourish	꽃이 피다	35
flout	깔보다	22
flowing	흐르는	40
fluctuate	시시때때로	30
fluctuation	변동	29
fluency	유창	30
fluent	유창한	35
fluently	유창하게	29
fluffy	솜털로 뒤덮힌	36
fluid	유동적인	42
fluor	화학 원소 이름 '불소	22
fluorite	형석	23
flush	붉히다	38
flute	플루트를 연주하다	35
fluvial	강의	24
foal	망아지	28
foam	거품	38
foist	떠맡기다	21
fold	접다	41
folk	어느 특정 그룹의 사람들	42
folklore	한 민족의 전통이나 풍습	35
follicle	모낭	28
follower	뒤따르는 사람	36
folly	모조 건축물	33
foment	선동하다	24
fool	바보 취급하다	43
foolish	어리석다	39
footie	축구	22
footnote	주	32
footpath	보행자들을 위한 길	30
footstep	발소리	23
footwear	신발	34
foraging	채집	31
foray	습격	30
forbear	참다	20
forbid	금지하다	37
forbidden	금지된	40
forearm	팔뚝	33
forebear	조상	19
forecast	예상	41
foreclose	베제하다	25
forefather	선조	20
forego	앞서 가다	28
foregoing	앞서 말한	31
forehead	이마	39
foreigner	외국인	35
foremost	맨 처음의	38
forensic	재판과 관련된	38
forensics	법의학의	32
foresee	예상하다	32
foresight	선견	32
forestry	임업	37
foretell	예고하다	23
foretelling	예언	20
forfeit	몰수당하다	33
forfeiture	몰수	30
forge	구축하다	38
forgetful	잊어버리기 쉬운	29
forgetfulness	건망증	26
forging	대장일	33
forgive	용서하다	42
forgiveness	용서	39
forgo	포기하다	30
fork	포크질하다	40
formaldehyde	포름알데히드	30
formalism	형식주의	27
formalist	형식주의의	21
formality	형식상의 절차	32
formerly	이전에	42
formulaic	정형화된	27
fornicate	간통하다	20
forsake	버리다	29
forsythia	개나리	20
forthwith	곧	26
fortieth	마흔째	23
fortification	요새	28
fortify	보강하다	29
fortitude	강인함	32
fortnight	2주일	34
fortress	요새	38
fortuitously	뜻밖에	22
fortunately	다행히	40
forty	숫자 40	42
fossil	화석의	40
foto	사진	25
fount	원천	23
fountain	샘	39
fourteen	숫자 14	39
fourteenth	열넷째	34
fowl	닭	30
foxtail	여우꼬리	20
fraction	부분	40
fracture	부수다	37
fragile	깨지기 쉬운	39
fragrant	향기로운	32
frances	여자 이름	37
franchisee	체인점	27
franchisor	가맹업자	23
frankie	남자 이름	36
frankly	솔직하게	40
fraternal	형제의	31
fraternity	형제애	36
fraudster	사기꾼	25
fraudulent	부정직한	36
fraudulently	부정하게	29
freaking	겁나게	40
freckle	주근깨	24
fred	남자 이름	42
frederick	남자 이름	40
freelance	자유직의	37
freestanding	<조각	27
freeway	고속도로	36
freewheel	자유롭게 행동하다	20
freeze	얼다	41
freezer	냉동고	37
frequent	자주 일어나는	43
fresco	프레스코	31
freshman	신입생	40
freshwater	깨끗한 물	35
fricative	마찰음	21
frick	fuck의 완곡 어법	30
friction	마찰	37
frictionless	마찰력이 없는	23
fridge	냉장고	40
fright	공포	33
frighten	깜짝 놀라게 하다	31
frightened	무서워하는	37
fringe	이차적인	39
fritz	남자 이름	34
frivolous	경솔한	32
frog	개구리	39
frontier	국경	40
froot	자동차의 트렁크 또는 부트	22
frost	서리가 내리다	40
frothy	거품이 이는	26
frown	찌푸린 얼굴	33
fructose	과당	30
frugality	검소	25
fruity	과일을 함유한	33
frustrate	하게 하다	30
frustration	불만	40
fucker	씹새끼	37
fugitive	도망친	35
fugu	복어	19
fulfill	수행하다	39
fulfillment	이행	34
fullness	충분	30
fulminate	괴성과 함께 폭발하다	18
fumble	공을 놓치다	34
functional	기능위주의	42
funda	기초	20
fungus	버섯	35
furious	성난	40
furiously	미친 듯이 노하여	32
furlong	펄롱	28
furnish	갖추다	31
furniture	불가산  가구	43
furrow	밭고랑	26
furtherance	촉진	26
furthermore	더 나아가서	42
fuse	녹이다	36
fuselage	동체	31
fusion	융합	40
fuss	야단법석을 떨다	36
futile	쓸데없는	34
futon	'매트리스'	26
futsal	풋살	27
g'day	안녕?	25
gabe	게이브	33
gabriel	남자 이름	39
gabriella	여자 이름	29
gabrielle	여자 이름	33
gadolinium	가돌리늄	21
gaeltacht	게일타크트	19
gage	gauge의 다른 표기	32
gail	여자 이름	35
gainful	이윤이 남는	25
galaxy	은하계	43
gale	강풍	36
galicia	갈리시아	28
gall	영어권 국가의 성의 하나	33
gallium	화학 원소 이름 '갈륨'	26
galvanize	자극하다	23
gamble	돈을 걸고 내기하다	38
gambler	놀음꾼	32
gambling	놀음	41
gamification	게임화	25
gamma	그리스어 알파벳 'Γ	37
gamut	~의 전체	29
gander	거위의 수컷	29
gangbang	gang rape의 동의어	26
garage	차고	42
garbage	쓰레기	42
gardening	정원과 관련된	37
garlic	마늘	39
garment	의류	36
garner	얻다	36
garrett	남자 이름	37
garrison	병영	37
gasoline	휘발유	38
gasp	숨이 차다	34
gateau	케이크	19
gatekeeper	문지기	28
gateway	입구	38
gather	모으다	42
gathering	모임	42
gaudy	눈에 두드러지는	28
gauge	재다	40
gauze	거즈	29
gavin	남자 이름	37
gaya	가야	28
gaydar	게이다	22
gaze	주시	37
gazelle	가젤	29
gecko	도마뱀붙이	29
geek	엉뚱한 짓을 하는 사람	36
geisha	게이샤	28
gelding	거세한 수말	27
gendarme	경찰	22
generalist	모든 일에 능숙한 사람	26
generalize	일반화하다	29
generate	일으키다	42
generic	포괄적인	41
generically	일반적으로	26
generosity	관대	36
generous	풍부하다	42
generously	후하게	33
genetically	유전상으로	37
genial	정다운	27
genital	생식기	34
genitalia	생식기	31
genitive	소유격	26
gennady	남자 이름 겐나디	25
genocide	집단학살	39
genotype	유전자형을 결정하다	29
genre	갈래	42
gentle	상냥하다	42
gentleman	예의범절이 바른 남자	42
gently	상냥하게	41
genus	속	37
geodesic	지름길	24
geographer	지리학자	26
geographic	지리의	40
geographical	지리의	38
geography	지리	40
geologic	지질의	32
geologist	지질학자	32
geology	지질학	38
geometry	기하	39
geopolitical	지정학적인	32
georgian	나라 조지아의 말과 관련된	35
gerald	남자 이름	38
geranium	제라늄	26
geriatric	노인의학의	30
germanic	게르만어	32
germanium	게르마늄	24
gerund	동명사	20
gestation	잉태	30
gesture	못짓	39
getup	체재	25
geyser	간헐천	28
ghanaian	아프리카 가나와 관련된	31
gianna	여자 이름	24
gigantic	매우 큰	36
giggle	낄낄거리다	34
gigolo	여자에게 붙어 사는 남자	25
gild	도금하다	24
gill	아가미	36
gimmick	궁리	32
ginger	생강	39
ginkgo	은행나무	24
ginseng	인삼	28
giraffe	기린	33
gird	둘러싸다	22
girdle	띠로 조르다	28
girlhood	소녀 스러움	22
giveaway	사은품	36
glacial	빙하의	34
glacier	빙하	36
glaciology	빙하학	18
gladden	기쁘게 하다	22
gladiator	원형 경기장의 투사	32
gladiolus	글라디올러스	22
gladness	기쁨	25
glam	매력에 찬	32
glamorize	멋지게 하다	18
glaze	유리창에 유리를 끼우다	33
gleam	빛나다	30
gleaming	반짝이는	31
glenda	여자 이름	27
glenn	남자 이름	40
glitter	빛나다	36
gloat	만족스럽게 바라보다	26
glob	방울	25
globalisation	세계화	30
globalization	세계화	35
globe	공처럼 둥근 것	43
gloomy	우울한	34
gloria	여자 이름	37
glorify	찬미하다	30
glorious	영광스러운	41
gloss	광택	35
glove	장갑을 끼다	37
glue	풀	38
gluttonous	과식하는	22
gnat	각다귀	25
goalkeeper	문지기	38
goat	염소	40
gobble	급하게 먹다	28
goddess	여신	40
godly	신의 뜻을 따르는	33
godown	'창고'	19
godspeed	성공	28
goguryeo	고구려	23
goldfinch	골드핀치	24
goldfish	금붕어	33
gonorrhea	임질	27
goodwill	영업권	37
goofy	바보같은	36
gook	아시아인	23
goose	거위	38
gooseberry	까치밥나무	25
gorilla	고릴라	36
goryeo	고려	22
gosling	새끼거위	30
gospel	복음서	42
gossip	잡담	39
gotcha	붙잡았어	34
gotland	고틀란드 섬	22
goulash	구야시	22
gourd	호리병	28
govern	다스리다	37
governmental	정부의	38
gown	법관	38
graceful	우아한	34
gracefully	우아하게	32
graceless	조야한	20
gracie	여자 이름	32
gracious	친절한	36
graciously	친절하게	30
graciousness	친절	22
gradual	단계적인	37
gradually	점차로	42
graduation	졸업	41
graffiti	낙서	36
grain	곡식	42
grainy	낟알 같은	28
gram	그램	38
grammar	문법	42
grammarian	문법 학자	21
grammatical	문법의	34
granda	할아버지	19
grandchild	손주	31
granddaughter	손녀	36
grandfather	할아버지	42
grandmother	할머니	41
grandparent	할아버지와 할머니	28
grandson	손자	38
granite	화강암	39
granny	늙은 여자	36
grantee	피수여자	24
granularity	낟알	24
grape	포도	37
grapefruit	그레이프프루트	32
grapple	~   고심하다	31
grasp	잡다	40
grasshopper	메뚜기	30
grassland	초원	30
gratify	만족시키다	23
gratis	무료의	29
gratitude	감사	39
gratuitous	불필요한	29
gratuitously	무상으로	22
gratuity	행하	26
gravelly	자갈이 많은	26
graven	조각된	22
graver	조각도	23
graveyard	묘지	36
gravitate	끌려오다	29
gravitation	인력	27
gravity	중력	42
grayson	남자 이름	35
graze	<가축이> 풀을 뜯어먹다	30
greasy	기름기가 있는	34
greece	나라 이름 '그리스'	43
greed	탐욕	37
greedy	탐욕스러운	38
greenery	녹색 나뭇잎	28
greenhouse	온실	38
greet	인사하다	37
greeting	인사	37
gregarious	무리 지어 사는	27
gregory	남자 이름	39
grief	깊은 슬픔	41
grievance	불평	32
grieve	심하게 슬퍼하다	33
grievous	슬픈	32
grievously	심하게	23
grill	철망	38
grille	grill의 다른 표기	31
grind	타다	39
grindstone	회전 숫돌	24
grip	움켜쥐다	41
gripe	불만	28
groan	신음 소리를 내다	31
grocery	식료품점	41
groom	신랑	36
grooming	털손질	34
groove	홈	37
grotesque	기괴한 것	33
groundnut	땅콩	23
groundwater	지하수	34
grouper	그루퍼	25
grub	애벌레	31
grubby	더러운	28
grudge	악의	33
gruesome	섬뜩한	33
guanajuato	과나후아토 주	22
guaranteed	확실한	43
guarantor	보증인	28
guaranty	보증	26
guardian	수호자	43
guatemala	과테말라	36
guava	구아바	26
gudgeon	모샘치	19
guerrilla	게릴라	34
guidebook	가이드북	30
guideline	지침	32
guilt	죄악	41
guiltless	무죄의	20
guise	겉으로 무엇인 체하다	35
guitarist	기타를 치는 사람	36
gulag	굴라크	28
gulf	만	43
gull	갈매기	30
gullet	식도	24
gullible	쉬운	31
gunpowder	화약	33
gurgle	콸콸 흐르다	21
gush	갑작스럽고 급격한 유출	28
gushing	쏟아져 나오기 쉬운	30
guyana	가이아나	33
guzzle	술을 많이 마시다	22
gymnastics	체조	36
gyoza	만두	19
gypsum	석고	29
habit	버릇	42
habitable	어디에 살 수 있는	31
habitat	서식지	40
habitation	어디에 살음	30
habitual	습관적인	31
habitually	습관적으로	29
hack	마구 자르다	40
hacker	해커	37
hackneyed	진부한	24
haematology	혈액학	20
hafnium	하프늄	19
hafta	~해야 한다	19
hail	우박	39
hailey	여자 이름	31
hairpiece	부분 가발	21
hairy	털이 많은	38
haiti	나라 이름 '아이티'	37
haka	하카	25
hakka	하카어	21
halcyon	호반새의	26
hale	원기 왕성한	36
hallucination	환각	29
halo	후광	38
halogen	할로젠	28
halt	멈추다	39
halting	더듬거리는	30
halve	반감하다	26
hamburger	햄버거	34
hamlet	촌락	36
hammer	망치	42
hammering	망치로 두드리는 일	32
hamper	방해하다	33
hamster	햄스터	33
hana	여자 이름	32
handbag	손가방	34
handball	송구	31
handbrake	핸드브레이크	25
handcuff	수갑	26
handcuffs	수갑	32
handful	한 줌	41
handgun	권총	34
handicap	불리하게 하다	36
handkerchief	손수건	32
handler	조련사	35
handmaid	시녀	22
handover	이양	30
handshake	악수	34
handsome	모습이 잘생기다	42
handsomely	훌륭하게	29
handwriting	자필	36
hangover	숙취	35
hangul	한글	23
hannah	여자 이름	40
hannibal	남자 이름	34
haphazard	무작정 하는	28
hapless	불운한	29
haplotype	하플로타입	22
happily	행복스레	41
harass	남을 괴롭히다	33
harassment	남을 괴롭힘	40
harbin	하얼빈	26
harbinger	선구자	29
harbor	항구	42
harbour	항구	40
hardcore	중심이 되는 문제나 일	40
harden	딱딱해지다	35
hardheaded	철두철미한	20
hardship	어려운 처지	36
hardy	튼튼한	39
hare	산토끼	37
harebrained	경솔한	19
harlot	몸 파는 여자를 낮잡는 말	26
harmful	해로운	40
harmless	~  해가 없는	38
harmonic	조화된	33
harmonica	하모니카	30
harmonics	음악의 화성학	28
harmonious	사이가 좋은	32
harmonize	조화시키다	27
harmony	조화	41
harness	마구를 달다	37
harold	남자 이름	40
harp	하프	34
harpoon	작살	28
harrier	약탈자	27
harrow	써레	31
harsh	꾸짖다	41
harvest	추수	40
haste	서두름	34
hasten	서두르다	29
hastily	서둘러	33
hasty	급한	33
hatch	위로 젖히는 출입문	38
hatchet	손도끼	31
hatching	음영	31
hatchling	어린 새끼	22
hatred	증오	40
haul	끌다	39
haunch	엉덩이	18
haunt	자주 가다	35
haunted	귀신이 나오는	39
havana	아바나	35
haven	항구	41
hawaiian	하와이 주에 거주중인 주민	37
hawk	매	38
hawthorn	산사나무	32
hayden	남자 이름	35
hazard	위험	40
hazardous	위험한	37
haze	연무	34
hazel	개암나무	35
hazelnut	개암나무 의 열매 개암	28
hazy	사람이 확신이 없는	31
headache	두통	40
headbutt	박치기	26
header	서두	39
headland	곶	27
headline	글이나 기사의 머리 문단	40
headlong	물불 안 가리고 급한	27
headmaster	교장	32
headscarf	두건	26
headstrong	고집이 센	27
heal	낫다	41
healing	치료	42
healthily	건강하게	26
heap	더미	36
hearsay	전해 들은 말	30
heartburn	가슴앓이	29
heartily	충분히	29
heartrending	아주 슬픈	19
hearty	마음이 따뜻한	34
heath	히스과의 나무	38
heathen	이교도	31
heather	히스 과의 관목	39
heatstroke	열사병	23
heave	들다	29
hebrew	히브리어	39
hedge	양쪽에 걸다	37
hedgehog	고슴도치	32
hedonism	쾌락주의	26
heel	뒤축을 대다	38
hegemony	헤게모니	31
heighten	고조되다	28
heinie	독일인	20
heinous	흉악한	32
heir	상속인	39
helena	여자 이름	36
helical	나선의	28
helicopter	헬리콥터	41
helium	화학 원소 이름 '헬륨'	34
helm	키	36
helmet	헬멧	40
helpless	도움이 없이	37
helsinki	헬싱키	34
hematology	혈액학	26
hematoma	혈종	26
hemisphere	반구	37
hemorrhage	출혈	31
henceforth	이제부터는	31
hepatitis	간염	35
hera	헤라	30
heraldic	문장학의	25
herb	풀	38
herbivore	'초식동물'	24
herculean	헤라클레스의	25
herd	짐승이나 사람의 무리	38
herdsman	가축을 치는 사람	21
hereafter	차후에	31
hereby	이러한 절차	36
hereditary	유전의	35
herein	여기에	37
hereinafter	이하에서	30
hereof	이것의	26
heretical	이교도의	28
hereto	이것에	25
heretofore	지금까지는	26
herewith	여기	24
hermeneutical	해석학적인	19
hermione	헬레나와 메넬라오스의 딸	33
heroic	영웅의	38
heroine	여장부	35
heroism	영웅적 행동이나 업적	33
heron	왜가리	31
herpetology	양서파충류학	18
herring	청어	35
hesitate	주저하다	38
heuristic	자기 스스로 발견하게 되는	27
hexadecimal	십육진법	24
hexagon	육각형	28
hibernate	동면하다	27
hibiscus	아욱	28
hideous	무서운	34
hieroglyph	상형문자	20
highland	고지	37
hiking	하이킹	39
hilarious	아주 우스운	43
hillock	작은 언덕	24
hilly	언덕이 많은	32
hilt	칼자루	29
hindi	힌디어	38
hindrance	방해	30
hindsight	사정을 다 알게 됨	33
hinduism	힌두교	33
hint	넌지시 알리다	41
hippopotamus	하마	26
hispanic	히스패닉	40
histamine	히스타민	26
histogram	히스토그램	26
historically	역사적으로	41
histrionic	연기의	23
hitherto	지금까지	32
hoary	머리가 흰	23
hoax	거짓말	35
hobby	취미	39
hogmanay	섣달 그믐달 밤	19
hokkien	민난어	20
holdall	여행용 가방	19
holder	무엇을 가지고 있는 사람	42
holiness	신성	35
holistic	전체론의	33
hollow	속이 빈	40
holly	여자 이름	39
hollyhock	접시꽃	19
holocaust	번제	39
homage	경의	36
homeless	집없는	43
homely	간단한	29
homemade	집에서 만든	38
homeopathy	동종요법	29
homeroom	홈룸	25
homesick	고향을 그리워하는	29
homesickness	고향을 그리워함	24
homestead	농장	35
hometown	고향	39
homework	숙제	41
homicide	살인	38
homo	동성 연애하는 사람	36
homosexuality	동성애	37
honduras	나라 이름 '온두라스'	36
honesty	솔직	40
honeybee	꿀벌	25
honeycomb	벌집	29
honeymoon	신혼여행을 가다	37
honorary	명예상의	37
honoured	영광스러운	37
hood	후드	42
hoof	발굽	31
hoop	테	34
hoose	집	20
hoot	소리치다	30
hoover	전기청소기	36
hopeful	희망적인	38
hopeless	희망이 없는	37
hopelessness	희망이 없음	29
hopper	호퍼	35
horizon	수평선	41
horizontal	수평선의	39
hormone	호르몬	38
horn	뿔로 받다	41
horned	뿔이 있는	30
hornet	말벌	32
horoscope	점성술	31
horseman	기수	31
horsepower	마력	35
horseshoe	편자	32
horsetail	속새	19
horst	지루	28
hospitality	환대	39
hospitalization	입원	31
hostage	인질	39
hostess	여주인	34
hostile	적의	41
hostility	적의	36
hourglass	모래시계	29
housewife	주부	34
howdy	안녕하세요	31
howitzer	유탄포	25
howl	아우성치다	32
howsoever	아무리 …이라도	20
huarache	멕시코샌들	19
huddle	떼지어 모이다	31
hugo	남자 이름	38
hull	선체	41
humane	인간적	36
humanism	인본주의	30
humanitarian	인도주의적	39
humble	보잘것없는	41
humbly	겸손하여	32
humerus	위팔뼈	27
humid	습기가 많은	35
humidity	습기	38
humiliation	창피 줌	36
humility	겸손	36
hummingbird	벌새	30
humour	우스개	38
humourous	익살스럽다	20
hump	혹	34
humus	부식토	24
hundredth	백째	28
hungary	나라 이름 '헝가리'	39
hunger	굶주리게 하다	41
hurdle	장애	34
hurrah	만세!	29
hurray	만세!	29
hurricane	열대성 저기압	41
hurry	서두름	41
husbandry	농업	29
husky	쉰 목소리의	33
hussy	말괄량이	22
hyacinth	히아신스	27
hybrid	잡종의	41
hydrocarbon	탄화수소	30
hydrogen	화학 원소 이름 '수소'	40
hyena	하이에나	28
hygiene	위생	38
hymen	처녀막	26
hymn	찬송가를 부르다	36
hype	광고	40
hyperbole	과장법	29
hypnotic	수면제	31
hypocritical	위선적인	33
hypotenuse	도형의 빗변	22
hypothermia	저체온증	30
hypothesis	가정	39
hypothetical	가상적인	36
hysteria	히스테리	34
iaea	국제원자력기구	30
iceberg	빙산	34
icebox	얼음을 보관하는 상자	23
icebreaker	쇄빙선	28
iceland	나라 이름 '아이슬란드'	38
ichthyology	어류학	18
icicle	고드름	24
icon	상징적 그림	42
idealism	관념론	31
identical	동일한	42
identically	동일하게	28
identifiable	인식 가능한	34
identification	identified된 상태	42
ideological	이데올로기의	38
idiom	관용구	30
idiosyncrasy	어떤 한 사람의 특이한 점	20
idiosyncratic	개성적인	29
idle	게으른	37
idol	우상	39
idolatry	우상숭배	28
idyllic	목가적인	30
ignite	불이 붙다	34
ignoble	비열한	22
ignominy	불명예	23
ignoramus	무지한 사람	23
ignorance	무지	40
ignorant	무지한	40
iguana	이구아나	27
illegality	불법	27
illegible	읽기 어려운	26
illegitimate	불법의	34
illiteracy	문맹	29
illiterate	사람이 글을  모르는	34
illuminate	밝히다	33
illusion	환각	39
illustrate	설명하다	37
illustration	삽화	39
illustrator	일러스트화가	35
imagination	상상	42
imbue	적시다	24
imho	«제 소견으로는»	29
imitate	흉내내다	33
imitation	흉내	35
immaculate	완전무결한	34
immaterial	~   중요하지 않은	29
immense	엄청나다	39
immensity	방대함	23
immigrate	다른 곳에서 이주하다	26
immoderate	절도가 없는	18
immoral	부도덕한	35
immortal	죽지 않는	38
immortalize	불멸  하게 하다	21
immune	면역자	41
immunity	면역	39
immunodeficiency	면역 결핍	27
impair	지장을 주다	29
impairment	장애	36
impart	전하다	31
impartial	공정한	34
impasse	막다른 골목	30
impatient	참을성 없는	36
impeach	고소하다	31
impeachment	고소	36
impeccable	흠 잡을 데 없는	32
impede	방해하다	31
impediment	~   장애	30
impel	재촉하다	24
impending	보통 불쾌한 일이 곧 닥칠	35
imperative	절실한	37
imperial	제국의	42
imperialism	제국주의	34
imperialist	제국주의를 추종하는 사람	31
impersonal	개인적이지 않은	29
impersonate	흉내를 내다	28
impertinent	부끄러움을 모르는	26
impetus	힘	33
impinge	영향을 주다	23
implantation	이식	30
implement	도구	42
implicate	관련시키다	28
implication	영향	36
implicit	암시된	34
implicitly	묵시적으로	32
implode	속에서 터지다	27
imply	넌지시 나타내다	38
impolite	예의 없는	26
import	수입	41
imposing	인상적인	37
impossibility	불가능	30
impotence	힘이 없는 것	30
impoverish	가난하게 하다	19
impoverished	빈곤한	34
impractical	터무니없는	33
impress	느낌	39
impressionism	인상주의	26
impressionist	인상주의자	28
imprint	흔적	34
imprinting	각인 )	24
imprison	투옥하다	29
imprisonment	감금	39
improbable	사실 같지 않은	33
improper	부적절한	36
improvisation	즉석에서 하는 노래	31
improvise	즉흥적으로 하다	30
improvised	즉석의	34
imprudent	경솔한	24
impudent	뻔뻔스러운	25
impugn	비난하다	21
impulse	충동	37
impulsive	충동적인	33
inability	무능	39
inaccurate	부정확한	36
inactive	활동하지 않는	36
inadequate	부적절한	38
inadvertent	우연의	28
inadvertently	부주의하게	34
inalienable	양도할 수 없는	27
inanimate	생명이 없는	30
inattentive	부주의한	24
inaugurate	취임시키다	26
inborn	선천적인	24
incalculable	셀 수 없는	25
incantation	주문	26
incarcerate	감옥에 넣다	22
incarceration	투옥	34
incarnate	육신으로 구체화된	30
incarnation	육화된 존재나 형태	34
inception	시초	36
incessant	끊임없는	30
incidentally	부수적으로	35
incisive	날카로운	28
incite	격려하다	31
inclement	날씨가  좋지 못한	28
inclusion	함유	40
inclusive	폭넓은	40
incomparable	비할 데가 없는	30
incompatible	성질이 맞지 않는	35
incompetent	무능력자	36
incomplete	불완전한	38
inconsistency	불일치	32
inconsistent	어긋나는	38
inconstant	변덕스러운	21
incontinence	자제력 부족	29
incontrovertible	논의 여지가 없는	25
inconvenient	불편한	35
incorporate	포함하다	38
incorporation	도입	34
incorporeal	무형의	21
incorrect	바르지 않은	39
incorrectly	틀리게	36
increment	증가	30
incremental	증가의	34
incrementally	점진적으로	27
incrimination	죄를 씌움	24
incubation	번식	32
incubator	인큐베이터	31
incubus	몽마	25
incumbent	직책으로 인한 의무가 있는	38
incur	지다	33
indebted	부채가 있는	32
indebtedness	부채	28
indecent	버릇 없는	32
indecision	우유부단	28
indecisive	우유부단한	28
indecisiveness	우유부단	22
indefensible	변명의 여지가 없는	28
indefinite	불확실한	34
indefinitely	불명확하게	36
indemnification	보증	25
indemnify	배상을 약속하다	26
indentation	들여쓰기	26
indenture	정식 증서	27
indication	표시	41
indicative	~을 나타내는	36
indicia	증인 )	20
indict	기소하다	28
indictment	기소	37
indifference	무관심	33
indifferent	무관심한	34
indifferently	무관심하게	22
indigenous	토박이의	42
indigent	생활이 어려운	27
indigo	'쪽빛'	33
indirect	간접적	40
indirectly	간접적으로	37
indiscernible	알아볼 수 없는	20
indiscriminate	무분별한	30
indispensable	없어서는 안 될	33
indistinctly	분간할 수 없게	23
indium	인듐	24
individualism	개인주의	30
individually	개인적으로	39
indomitable	불굴의	28
indonesia	나라 이름 '인도네시아'	42
indoor	실내의	41
induce	㉹ 이끌다	36
inducement	유인	25
induct	취임시키다	22
induction	유도	37
indulge	마음껏 하다	35
inexact	맞지 않는	22
inexorable	멈출 수 없는	26
inexplicable	설명할 수 없는	31
infamous	악명 높은	38
infancy	초창기	34
infant	유아	40
infantry	보병	40
infantryman	보병	24
infarction	경색	28
infatuation	열병	29
infect	감염되다	34
infectious	전염되다	38
inference	U 추론	32
inferno	지옥	33
infestation	침략	32
infidelity	불신	33
infiltration	불가산 침입	32
infinite	끝없는	42
infinitive	부정사	26
infinity	무한	38
infirmary	양호실	33
inflame	불을 붙이다	26
inflammable	가연성의	21
inflammation	점화	37
inflammatory	염증을 일으키는	37
inflate	팽창하다	30
inflated	부풀려진	35
inflectional	굴절의	21
inflict	주다	33
infliction	주는 것	24
inflorescence	꽃차례	26
influenza	유행성감기	35
influx	밀어닥침	36
inform	알리다	42
informally	비공식으로	31
informant	정보원	33
informatics	정보학	30
informative	유용한 정보를 주는	36
infringement	위반	36
infuriate	극도로 화나게 만들다	24
infuse	스미다	28
infusion	투입	33
ingenious	교묘하다	34
ingest	삼키다	28
ingredient	성분	37
inhabit	살다	33
inhabitant	주민	28
inhalation	흡입	31
inherent	내재하는	38
inherit	계승하다	35
inheritance	상속 재산	38
inhibit	억제하다	33
initialize	초기화하다	24
initiate	개시하다	37
initiation	가입	35
inject	주사하다	34
injection	주입	40
injunction	집행 명령	35
injunctive	가처분의	24
injure	상처를 입히다	33
injurious	손상을 주는	26
injustice	부정	38
inmate	수감자	35
innate	타고난	35
innervate	신경이 통하게 하다	20
innervation	신경분포	22
inning	회	38
innkeeper	여인숙 주인	27
innocence	결백	38
inordinate	과도한	27
inquest	법적인 검사	32
inquiry	조사	42
inquisitive	묻고 알기를 좋아하는	30
insanity	정신 이상	37
inscribe	새기다	22
inscrutable	불가해한	26
insect	곤충	38
insecticide	살충제	29
insectivorous	곤충을 먹는	20
insecure	안전하지 않은	37
insecurity	불안	36
insemination	수정	28
insidious	교활한	32
insight	통찰력	42
insignia	휘장	32
insignificant	대수롭지 않은	35
insincere	진실되지 못한	27
insist	주장하다	40
insofar	…하는 한에 있어서는	31
insolent	거만하다	27
insolvency	지불 불능	32
insolvent	지급 불능의	29
inspect	점검하다	36
inspector	검사관	42
inspire	고무  하다	40
inspiring	느낌을 불러일으키는	40
instability	불안정한 성질	37
install	설치하다	41
installation	설치	42
instalment	할부	30
instantly	곧바로	42
instigate	선동하다	28
instill	무엇인지 각인시키다	30
instinct	타고나면서 가진 능력	39
institutionally	제도상으로	24
instruct	가르치다	33
instruction	교육	41
instructive	교육적인	30
instrument	기계를 설치하다	43
instrumental	유익한	40
instrumentality	대행 기관	22
insula	인술라	23
insular	섬의	30
insulin	인슐린	38
insult	모욕하다	40
insurer	보험회사	35
insurgency	폭동  상태	33
insurgent	폭도	32
insurmountable	극복할 수 없는	30
insurrection	폭동	32
insurrectionary	폭동의	18
intact	정상적으로 작동하는	40
intangible	만질 수 없는	32
integer	정수	34
integral	필수의	40
integrate	통합하다	37
integrated	통합적인	43
integration	가산	42
integrative	통합하는	30
integrity	나무랄 데가 없음	42
intelligent	알고 있는	43
intelligentsia	인텔리겐치아	27
intensify	강화하다	32
intensity	심함	41
intensive	격렬한	41
intensively	격렬하게	29
intent	집중하는	43
intentional	고의의	37
intentionally	고의로	38
intently	열심히	30
inter	무덤에 매장하다	42
interact	상호작용하다	40
interbreed	이종 교배시키다	20
intercede	중재하다	26
intercept	도중에서 잡다	36
interchange	서로 주고받다	35
intercompany	회사 간의	19
intercourse	성교	36
interdict	금지하다	24
interfere	방해하다	39
interference	간섭	40
interim	임시의	40
interjection	감탄사	22
interlock	서로 맞물리다	26
interlocutor	토론에서 대담자	24
interlocutory	중간 판결의	20
interlude	막간	31
intermittent	간헐적인	34
intermittently	간헐적으로	30
intern	내면화하다	37
internationalism	국제주의	24
internment	U 유치	30
interpolate	보간하다	20
interpret	해석하다	38
interpretation	해석	42
interpreter	무엇을 설명 하는 사람	35
interpretive	해석의	30
interrogate	묻다	29
interrupt	가로막다	36
interruption	가로막음	34
intersection	교차로	39
intertwine	서로 얽히다	23
interval	간격	38
intervene	화해시키다	36
intervention	개입	43
interweave	서로 섞어	19
intestinal	창자의	33
intestine	체내의	32
intimacy	친밀	36
intimate	조심스럽게 제안하다	41
intimately	친하게	32
intimation	넌지시 알림	22
intimidation	협박	34
intolerant	) 못 먹는	32
intoxicant	취하게 하다	18
intoxicate	취하게 하다	19
intoxicated	술에 취한	33
intoxicating	취하게 한	30
intoxication	취함	31
intranet	인트라넷	25
intravenous	정맥 안의	31
intricate	복잡한	36
intrigue	음모를 꾸미다	34
intriguingly	흥미롭게	22
intrinsic	고유한	35
introductory	서두의	35
intrude	억지로 하게 하다	28
intrusion	침범	34
intrusive	거슬리는	33
intuition	순간적으로 깨달음	35
intuitive	직관적인	36
inure	효력을 발생하다	19
invade	침입하다	36
invader	침입자	30
invalid	효력 없는	38
invalidity	거동 불가	22
invariably	언제나	34
invasion	침입	42
invasive	침입하는	37
invent	발명하다	36
invention	발명	40
inventor	발명자	36
invertebrate	무척추동물	27
inverted	거꾸로 된	34
invisible	눈에 보이지 않는	41
invitation	초대	41
invoice	화물의 송장	33
invoke	기원하다	33
involuntary	갑자기 자기도 모르게 하는	33
involve	포함하다	43
inward	안으로	34
ionosphere	전리층	25
iota	그리스어 알파벳 'Ι	30
irene	여자 이름	37
iridium	이리듐	27
iris	눈 속의 홍채	38
ironing	다리미질	31
irrational	비이성적인	36
irregular	비정규 군인	37
irrelevant	무엇과 관련되지 않은	40
irrespective	«다음 관용구로»	34
irresponsible	무책임한	37
irreversible	되돌릴 수 없는	33
irreversibly	돌이킬 수 없게	25
irrevocable	취소할 수 없는	28
irrevocably	취소가 불가능하게	28
irrigation	관개	37
irritate	화나게 하다	31
irritation	초조	34
isaac	남자 이름	39
isabel	여자 이름 이사벨	36
isabella	여자 이름	35
isabelle	여자 이름	33
isaiah	남자 이름	36
isbn	국제표준도서번호	31
isis	여자 이름	43
isla	여자 이름	32
islander	섬사람	31
isle	섬	38
islet	작은 섬	28
isolate	분리된 것	36
isolated	분리된	42
isolation	분리	40
isotope	동위원소	32
issn	국제표준 정기 간행물 번호	28
isthmus	지협	28
itchiness	가려움	20
itchy	가려운	33
itinerant	떠돌아 다니는	28
itinerary	여행 일정표	32
ivory	상아	38
jackal	자칼	29
jackdaw	갈까마귀	22
jackhammer	휴대용 공기 압축식 착암기	23
jackie	여자 이름	40
jacob	남자 이름	42
jacqueline	여자 이름	34
jada	여자 이름	27
jade	여자 이름	38
jagged	삐죽삐죽하다	31
jaguar	재규어	35
jake	남자 이름	42
jalalabad	잘랄라바드	24
jalopy	고물차	19
jamaica	나라 이름 '자메이카'	39
jamie	여자 이름	42
jana	여자 이름	31
janet	여자 이름	40
janice	여자 이름	34
jared	남자 이름	38
jargon	전문 용어	32
jasmine	여자 이름	36
jasper	벽옥	36
jaunt	짧은 여행	26
javelin	던지는 창	29
jawbone	턱뼈	27
jayden	남자 이름	28
jealous	지나치게 부러운	42
jealousy	질투	37
jeanne	여자 이름	34
jeans	청바지	41
jeep	지이프를 몰다	37
jeffrey	남자 이름	39
jelly	젤리로 만들다	38
jellyfish	해파리	32
jenna	여자 이름	35
jennifer	여자 이름	42
jennings	영어의 성씨	36
jenny	여자 이름	39
jeopardize	㉹ 위험을 무릅쓰다	31
jeopardy	위험	35
jeremy	남자 이름	42
jerk	얼간이	40
jerry	남자 이름	43
jess	여자 이름	37
jesse	남자 이름	40
jessica	여자 이름 제시카	42
jest	농담하다	31
jetty	둑	30
jewel	보석으로 꾸미다	37
jeweler	보석을 파는 사람	28
jill	여자 이름	38
joan	여자 이름	40
joann	여자 이름	26
joanne	여자 이름	35
jocelyn	여자 이름	30
jockey	기수	36
joel	남자 이름	40
joey	캥거루 새끼	39
jointly	공동으로	38
jokingly	농담으로	32
jolie	여자 이름	34
jose	남자 이름	42
joshua	남자 이름	39
josiah	남자 이름	31
jovian	요비아누스	22
joyce	여자 이름	39
joyful	기쁘다	34
joyless	즐거움	23
joyous	기쁜	33
juba	주바	28
jubilant	환희에 넘친	26
judaism	유대교	36
judas	남자 이름	34
judgement	판단	39
judgment	판단	43
judicial	사법의	41
judiciary	사법부	39
judicious	판단력이 있는	27
judith	여자 이름	37
judo	유도	32
judoka	유도를 하는 사람	21
judy	여자 이름	38
juggle	저글링하다	30
julia	여자 이름	41
julian	남자 이름	40
jumper	스웨터	37
junction	접합	39
juncture	시점	30
juneau	주노	28
jungle	밀림	41
junk	쓰레기	40
junkie	junky의 다른 표기	33
junky	마약 중독자	24
juno	여자 이름	32
jupiter	목성	37
juridical	법률의	25
jurisdiction	사법 재판권	41
jurist	법학자	27
juristic	법률의	18
juror	배심원	31
justifiable	정당한	31
justify	정당화하다	41
juvenile	청소년	39
juxtapose	둘 이상을 나란히 놓다	22
kaaba	카바	23
kabuki	가부키	26
kaitlyn	여자 이름	28
kaleidoscope	만화경	28
kamikaze	가미카제	29
kana	가나 문자	28
kandahar	칸다하르	29
kangaroo	캥거루	35
kappa	그리스어 알파벳 'Κ	35
karaoke	가라오케	34
karate	당수	36
karen	여자 이름	41
karim	카림	32
katakana	가타카나	23
katelyn	여자 이름	23
katherine	여자 이름	38
kathleen	여자 이름	36
kathryn	여자 이름	35
kathy	여자 이름	37
katie	여자 이름	40
kawaii	귀엽다	26
kayak	카약	32
kayla	여자 이름	31
kaylee	여자 이름	26
kazakh	카자흐족	30
kbit	킬로 바이트	18
keel	뒤집히다	32
keeper	지키는 사람	40
keira	여자 이름	27
keith	남자 이름	42
kelsey	여자 이름	33
kenai	케나이	26
kendall	여자 이름	36
kendo	검도	25
kennedy	여자 이름	43
kenneth	남자 이름	39
kenya	아프리카의 나라 이름 케냐	41
kerchief	두건	21
keri	여자 이름	28
kernel	씨앗	36
kerosene	등유	30
kerry	여자 이름	38
kestrel	황조롱이	25
ketchup	케첩	35
kettle	솥	35
keyboard	건반	41
keyhole	열쇠 구멍	28
keynote	으뜸음	35
kibbutz	키부츠	27
kickback	리베이트	27
kidnap	유괴	35
kidnapper	유괴범	28
kidney	콩팥	40
kiev	우크라이나의 수도 키이우	35
kilogram	킬로그램	30
kilometre	킬로미터	32
kilowatt	킬로와트	28
kimberly	여자 이름	34
kimchi	김치	28
kimono	기모노	30
kindergarten	유치원	38
kindle	㉶ 타다	38
kindly	친절하게	40
kindness	친절	40
kinetic	운동의	34
kinetics	동력학	29
kingfisher	물총새	29
kinship	친척	31
kirk	교회	38
kismet	알라의 뜻	23
kitten	새끼 고양이	36
kitty	새끼 고양이	40
knapsack	배낭	24
knead	이기다	26
kneel	꿇다	32
knight	기사 작위를 주다	43
knit	짜다	37
knob	문의 손잡이	35
knockout	녹아웃	36
knot	매듭을 만들다	37
knowledgeable	총명한	35
koala	코알라	30
koran	꾸란	32
krill	크릴	26
kristen	여자 이름	35
kristin	여자 이름	33
kristina	여자 이름	32
kulak	부농	19
kumquat	금귤	19
kuna	쿠나	23
kurdish	쿠르드어	36
kuwait	나라 이름 쿠웨이트	37
kyiv	우크라이나의 수도 키이우	31
kyle	남자 이름	41
kylie	여자 이름	35
kyrgyzstan	키르기스스탄	31
labial	입술의	24
laborer	일꾼	29
labrador	래브라도 리트리버	33
labyrinth	미로	33
laceration	열상	26
laconic	할 말만 하는	24
lacrosse	라크로스	34
lading	선적	23
ladino	라디노어	20
ladle	국자	27
ladybird	무당벌레	25
ladybug	무당벌레	27
lakh	십만	32
lama	라마	35
lamb	새끼 양	40
lame	변변치 않은	40
lament	슬퍼하다	32
laminate	얇은 널빤지를 만들다	29
lamp	등	40
landlady	여주인	29
landlord	주인	39
landmark	경계표	39
landon	남자 이름	31
landslide	산사태	35
languish	기력을 잃다	26
lantern	불을 밝히는 초롱	36
lanthanum	란탄	20
lapse	착오	35
larch	낙엽송	26
lard	라드를 바르다	30
lari	라리	21
lark	종달새	31
larry	남자 이름	43
larva	애벌레	30
lash	채찍질하다	34
lasting	계속되는	41
lastly	최근의	37
lateness	늦음	24
latent	잠재하는	33
laterally	옆에서	29
lathe	선반	29
lather	비누 거품	27
latitude	위도	36
lattice	격자	34
latvia	라트비아	34
laud	찬양	26
laughter	웃음	41
launcher	발사하는 사람	34
laundry	세탁소	41
laura	여자 이름	42
laurel	월계수	36
lauren	여자 이름	40
laurie	여자 이름	36
lavatory	화장실	29
lavender	라벤더	34
lavish	아낌없이 주다	34
lavishly	함부로	28
lawful	법에 따른	36
lawgiver	법을 만드는 사람	20
lawless	법이 없는	33
lawmaker	입법자	31
lawn	잔디	40
layla	여자 이름	29
layman	비전문가	29
layoff	강제 해고	28
layout	구획	41
laziness	게으름	32
lazy	게으른	42
leaf	잎	42
leah	여자 이름	35
leak	새다	41
leaky	새는	31
lean	기울다	41
leaning	배우는 일이나 활동	39
leap	껑충 뛰다	39
leasehold	토지 임차권	25
leash	가죽끈	35
lecture	강의	41
ledger	«부기» 원장	35
leech	거머리	32
leek	파	29
leer	곁눈질	26
leftmost	제일 왼쪽의	22
legality	합법	34
legalization	합법화	34
legalize	합법화하다	33
legally	법적으로	42
legendary	전설적인	42
legibly	읽기 쉽게	19
legion	군단	39
legislate	제정하다	30
legislature	입법부	42
legitimacy	합법성	36
legitimate	합법적인	42
legless	다리가 없는	23
leisure	여가	39
lemma	올림말	27
lemming	레밍	23
lemon	레몬 나무	41
lemonade	레모네이드	34
lemongrass	레몬그래스	24
lend	빌려주다	39
lengthen	길게 하다	28
leniency	관대	28
lenient	관대한	31
leniently	관대하게	19
lens	눈의 수정체	42
leonard	남자 이름	40
leopard	표범	36
leprosy	한센병	30
lesbian	레즈비언	42
lesbo	레즈비언	22
lessee	임차인	26
lessen	줄이다	34
lessening	감소	28
lesser	더 작게	41
lessor	임대인	24
lest	…하지 않도록	35
lethal	치명적인	39
lettuce	상추	36
leukemia	백혈병	35
lever	지레	36
levy	부과	38
lewd	외설적인	32
lexical	어휘의	30
lexicon	사전	31
lexie	여자 이름	27
liability	법적 책임	42
liaise	~와 연락을 취하다	25
liam	남자 이름	39
liar	거짓말쟁이	40
libel	명예훼손	33
libelous	중상하는	24
liberalism	자유주의	35
liberality	관용	20
liberalize	자유화시키다	22
liberate	자유롭게하다	32
liberation	해방	39
liberator	해방자	28
libidinous	선정적인	20
libido	성적 욕구	31
libre	자유	29
libretto	가극의 가사 대본	26
licence	면허를 내주다	40
lick	핥다	38
liechtenstein	나라 이름 리히텐슈타인	28
lieu	<다음 관용구로>	34
lifeblood	~  생명선	27
lighten	밝아지다	34
lighthouse	등대	36
lighting	조명	43
lightning	번개	42
lightsaber	광검	30
lightspeed	광속도	24
lignite	갈탄	25
likelihood	있을 법한	39
liken	예를 들다	26
likewise	똑같이	40
lilac	라일락	31
liliana	여자 이름	26
lillian	여자 이름	33
lily	나리	40
limb	몸	37
lime	석회	39
limitation	제한	37
limitless	무한의	33
linda	여자 이름	41
lindsay	여자 이름	38
lindsey	여자 이름	36
lineage	계보	35
linear	선의	41
linen	아마포	36
lineup	라인업	40
lingual	혀의	28
linguist	언어학자	29
linguistics	언어학	34
lining	안감	39
linoleum	리놀륨	26
lion	사자	42
lioness	암사자	28
lionfish	쏠배감펭	22
lipstick	연지	37
liquefy	녹다	22
liquidate	정리하다	28
liquidation	해산	33
liquidator	청산인	25
liquorice	감초	25
lisa	여자 이름	43
lisp	혀꼬부라지는 행동이나 습관	30
litany	~   장황한 설명	29
literacy	읽고 쓸 줄 앎	39
literal	문자 그대로의	38
lithium	리튬	36
lithuania	리투아니아	35
lithuanian	리투아니아어	32
litigant	소송 당사자	23
litigate	소송하다	24
litigation	소송	39
littoral	연안지역	27
lively	활기찬	39
liver	간	42
livestock	가축	38
liza	여자 이름	33
lizard	도마뱀	36
llama	라마	30
loaf	어슬렁거리다	35
loathe	몹시 싫어하다	31
loathsome	싫어한	27
lobby	로비	40
lobe	무엇의 옆에 나온 부분	33
lobster	바닷가재	36
locally	그 고장에서	41
locate	위치하다	39
locator	위치 탐사 장치	30
loch	호수	34
lockdown	감금	35
locomotive	움직이는	35
locust	메뚜기	30
lodge	숙박하다	41
lofty	아주 높은	33
logan	남자 이름	40
logarithm	로그	25
logical	논리의	41
logically	논리상	34
logician	논리학자	21
lois	여자 이름	35
loiter	빈둥거리다	24
lola	여자 이름	34
lone	외동의	39
loneliness	고독	36
lonely	외로운	42
longevity	장수	36
longing	갈망	35
longitude	경도	33
loom	직기	33
loop	고리를 만들다	43
loosely	느슨하게	36
loot	훔치다	35
lorn	고독한	20
lorry	트럭	32
loser	경기	40
lottery	복권	40
lotus	연꽃	36
loudness	시끄러움	27
loudspeaker	확성기	30
louse	이	26
lover	연인	43
lowland	저지	30
loyal	충성스럽다	42
loyalist	충성스러운 충실한 사람	30
loyalty	충성	42
lucas	남자 이름	41
lucid	맑다	33
lucrative	수익성이 좋은	36
lucy	여자 이름	41
luggage	짐	38
luis	남자 이름	40
lukewarm	미지근한	31
lullaby	자장가	31
lumberjack	나무꾼	27
lump	덩이로 만들다	37
lumpy	덩어리의	28
lunchtime	점심 시간	33
lung	허파	41
lure	꾀다	37
lurk	숨다	31
lust	욕망	37
lustful	쾌락을 주는	27
luxemburg	나라 이름 '룩셈부르크'	26
luxurious	호화로운	36
luxuriously	화려하게	23
lymph	림프	32
lymphatic	림프의	28
lynn	여자 이름	39
lynx	스라소니	31
lyric	서정시의	36
m'lady	my lady의 축약형	25
macaroni	마카로니	31
macedonia	나라 이름 마케도니아	34
mach	체코어 성씨	32
macha	방언	22
mackenzie	여자 이름	36
mackerel	고등어	31
macroeconomics	거시경제학	27
macrophage	대식세포	24
madam	madame의 다른 철자	36
madame	madam의 다른 철자	38
madden	미치게 하다	35
maddie	여자 이름	32
madeline	여자 이름	32
madison	여자 이름	42
madness	미친 것	40
magenta	자홍색	30
maggie	여자 이름	38
maggot	파리목 곤충의 유충	28
magical	마법의	42
magician	마법사	35
magistrate	관리	37
magnanimous	사람	26
magnesium	마그네슘	35
magnet	자석	37
magnetic	자석의	42
magnetism	자석의 힘	30
magnetite	자철석	26
magnificent	대단한	40
magnify	증대하다	28
magnolia	목련	32
magpie	까치	29
maharashtra	마하라슈트라 주	33
mahogany	마호가니	33
maid	하녀	39
maiden	처녀의	38
mainstay	~   중심	31
maize	옥수수	33
majesty	위엄	40
makai	바다쪽으로	20
makan	먹다	22
makeshift	임시	32
malachite	공작석	25
malaria	말라리아	36
malawi	나라 이름 말라위	33
malaysia	나라 이름 '말레이시아'	43
malcolm	남자 이름	40
malfunction	제대로 작동하지 않다	33
malice	악심	33
malicious	악의적인	37
maliciously	악의를 갖고	28
malign	욕하다	26
mall	쇼핑 몰 )	43
mallard	청둥오리	28
mallet	나무망치	30
malnutrition	영양실조	32
malta	나라 이름 '몰타'	35
maltese	몰타인	30
mama	엄마	42
mamba	맘바	26
mamma	젖가슴	33
mammal	젖으로 새끼를 키우는 동물	33
mammalian	포유류의	32
managerial	관리의	36
manatee	매너티	27
mand	맨드)	22
mandarin	현대 중국의 일종의 표준어	35
mandate	권한을 주다	40
mandatory	법에 정해진	41
mane	갈기	33
maneuver	연습시키다	35
mangle	망쳐놓다	24
mango	망고	36
manhood	사람됨	32
manifest	나타내다	37
manifesto	선언	36
manifold	다양한	33
manipulate	조종하다	37
manipulation	교묘한 처리	38
manju	여성 이름	22
mankind	인류	39
manned	사람이 탄	35
mannequin	마네킹	31
manny	남자 보모	35
manoeuvre	술책을 쓰다	30
manor	장원	38
mansion	비교적 큰 집	40
manufacture	제작하다	40
manufacturer	제조업자	42
manure	거름	32
manuscript	사본	39
maori	마오리어	32
maple	단풍나무	39
mara	여자 이름	34
marble	대리석의	40
marcia	여자 이름	32
marcus	남자 이름	41
mare	암말	36
margaret	여자 이름	42
margarine	마가린	28
margarita	마르가리타	33
margin	가장자리	43
marginal	미미한	37
margo	여자 이름	30
marie	여자 이름	42
marigold	천수국	28
marijuana	대마	42
marilyn	여자 이름	37
marina	작은 항구	38
marionette	꼭두각시	24
marisa	여자 이름	30
marissa	여자 이름	31
markdown	가격 인하	24
markedly	두드러지게	33
marketability	시장성	24
marking	무늬	40
marksman	명사수	29
markup	가격 인상	31
maroon	적갈색	34
marrow	골수	35
mars	화성	43
marsha	여자 이름	30
marshal	군대를 지휘하다	39
marshall	marshal의 다른 표기	42
marsupial	주머니 동물	24
mart	시장	37
marten	담비	27
martha	여자 이름	40
martial	무의	41
martian	화성인	34
martyrdom	순교	32
marvel	놀라다	42
marvellous	놀라운	34
marvelous	놀라운	35
marvin	남자 이름	37
marxism	마르크스주의	34
masculine	남성의	37
masochism	자기 학대	24
mason	남자 이름	41
massacre	대량 학살	39
massage	안마하다	40
mastectomy	유방 절제술	27
masterpiece	걸작	38
masturbation	자위행위	35
matchless	비길 데 없는	24
materialize	구체화되다	30
materially	중대하게	34
maternal	어머니의	38
maternity	임산부인 상태	37
matey	자네	25
mathematician	수학자	32
mathematics	수학	42
matriculation	단과대학이나 대학에 등록	26
matrimonial	결혼의	29
matron	나이 지긋한 부인	30
mattress	침대 위에 까는 두꺼운 요	37
maturation	성숙	30
mature	만기가 되다	43
maureen	여자 이름	35
mauritius	나라 이름 '모리타니'	32
mauve	연보라색의	27
maya	여자 이름	39
mayday	조난 통신	29
mayo	마요네즈	37
mayonnaise	마요네즈	32
maze	미로	36
mazurka	마주르카	18
mbit	메가 바이트	23
mckenna	여자 이름	33
mead	벌꿀로 담은 술	34
meadow	초원	36
meager	빈약한	30
meaningful	의미있는	41
meaningfully	의미있게	29
meantime	한편	40
measles	홍역	33
measurement	수량의 크기	40
measuring	측량	41
mechanic	기계공	38
mechanics	역학	41
mechanization	기계화	24
meddle	간섭하다	28
meddlesome	참견하는	22
mediaeval	중세의	28
mediate	~  | ~   중재하다	31
mediation	중재	35
medication	약물 치료	42
medicinal	약의	35
medieval	중세의	40
mediocre	평범한	35
mediterranean	지중해	40
mega	백만	40
megalopolis	거대도시	21
megan	여자 이름	38
meghan	여자 이름	32
melancholic	우울한	28
melancholy	우울한	34
melanie	여자 이름	35
meld	병합되다	27
melissa	여자 이름	38
melon	참외	33
melt	녹다	40
meltdown	용융	36
melvin	남자 이름	33
membrane	막	38
memo	메모	38
memorable	기억할만한	40
memorandum	할 일을 짧게 적은 쪽지	35
memorialize	기념하다	23
memorize	기억하다	32
menace	위협	35
menstruation	월경	29
mentally	정신적으로	42
menu	메뉴	43
mercantile	상업의	32
mercantilism	중상주의	22
merchandise	상품	39
merchant	상인	41
merchantability	매매할 수 있음	18
merchantman	상선	19
merciful	자비로운	33
merciless	무자비한	30
mercury	화학 원소 이름 '수은'	40
mercy	자비	42
merger	합병	40
merit	할만한 가치가 있다	41
meritorious	칭찬할 만한	30
merlin	쇠황조롱이	34
mermaid	인어	35
merry	즐거운	38
mesh	그물망	38
mesozoic	중생대	27
messy	엉망인	39
metabolic	신진대사의	36
metallurgist	금속공학자	22
metamorphose	모습을 바꾸게 하다	19
metamorphosis	탈바꿈	30
metaphor	은유	37
metaphoric	은유의	22
meteor	유성	36
meteorite	운석	32
meteorological	기상과 관련된	34
meteorologist	기상학자	29
meteorology	기상학	32
meter	미터법의 기준 단위 미터	41
methane	메탄	35
methanol	메탄올	30
methodology	방법론	38
metre	미터법의 기준 단위 미터	38
metric	길이	39
metro	지하철	42
metrology	계량	25
metropolitan	대도시의	42
mezzotint	메조틴트	19
micah	남자 이름	31
mice	쥐들	41
michelle	여자 이름	42
micro	작은	41
microbe	미생물	26
microbiologist	미생물학자	24
microorganism	미생물	23
microphone	마이크로폰	37
microscope	현미경	35
midshipman	해군 장교 후보생	26
midsummer	한여름	31
midterm	중간고사	33
midway	중간의	37
midwife	조산부	33
midwinter	한겨울	25
migrant	이주하는	38
migrate	이주하다	34
migration	이주	41
migratory	이동하는	32
miguel	남자 이름	38
mikhail	남자 이름 미하일	34
mild	부드럽다	41
milestone	중요한 단계	37
militia	민병대	39
milky	우유의	35
millennial	천년의	33
millennium	천년의 기간	37
millimeter	미터법의 한 단위 밀리미터	31
millimetre	미터법의 한 단위 밀리미터	26
millionaire	백만장자	37
millionth	백만째	28
millisecond	밀리초	26
milo	남자 이름	36
mime	무언극 배우	31
mimic	…처럼 보이다	35
mimicry	의태	26
mimosa	미모사	27
minaret	미너렛	24
miner	광부	36
mineralization	광물화	25
mineralogy	광물학	28
minimize	최소화하다	38
miniskirt	미니스커트	24
mink	밍크	32
minoan	1 미노스 문명의	24
mint	박하	39
minus	마이너스의	40
miracle	기적	41
miraculous	기적적인	34
mirage	신기루	33
misadventure	불운	24
misanthrope	사람을 싫어하는	22
misappropriation	남용	26
miscarriage	실패	33
miscarry	유산하다	22
miscellaneous	여러 가지 종류의	34
mischief	손해	34
misdemeanor	경범죄	34
miserable	불쌍한 사람	41
miserably	형편없이	32
misfortune	불행	34
misgivings	우려	29
misha	여자 이름	29
mishap	사고	30
mislead	잘못된 방향으로 이끌다	32
misleading	오도의	39
misogyny	여성증오	32
misrepresentation	오표기	30
missus	부인	28
mist	안개가 끼다	37
mistakenly	실수로	34
mistletoe	겨우살이	28
misunderstand	오해하다	32
misunderstanding	오해	37
misuse	오용	35
mitchell	남자 이름	42
mite	진드기	31
mitigate	완화하다	35
mixture	혼합물	42
mnemonic	기억술)	26
mochi	떡	24
mock	조롱하다	38
mockery	조롱	33
moderate	온건한 사람	43
modernity	현대성	32
modernization	현대화	34
modernize	현대화하다	30
modest	그다지 대단하지는 않은	40
modesty	겸손	32
modify	수정하다	38
moist	축축하다	37
moisture	습기	39
mold	곰팡이	38
moldova	몰도바	32
mole	두더지	37
molecular	분자의	41
molecule	분자	37
molest	성추행하다	27
molly	여자 이름	39
molybdenum	몰리브데넘	27
momentous	뜻 있는	31
mommy	엄마	39
monarchy	왕이 다스리는 정치 형태	37
monastery	수도원	36
monastic	수도원의	31
monetary	돈의	41
monetize	수익을 내다	28
mongolia	나라 이름 '몽골'	33
monica	여자 이름	40
monism	일원론	21
monk	중	39
monkey	원숭이	41
monocle	단안경	25
monogamous	일부일처의	28
monolingual	단일어의	24
monolith	크로마토그래피의 고정상	28
monolithic	단일 구조	30
monorail	모노레일	27
monotheistic	일신교의	25
monotonous	단조로운	30
monotony	단조로움	28
monoxide	일산화물	33
monstrous	기괴한	34
montgomery	남자 이름	39
monument	기념물	39
moonlight	달빛	36
moose	말코손바닥사슴	36
moot	고려할 가치가 없는	32
morale	사기	37
morbid	병적인	33
morbidly	병적으로	26
moreover	게다가	42
morgue	영안실	31
morocco	나라 이름 '모로코'	38
morpheme	형태소	23
morphine	모르핀	34
morphology	형태학	34
morse	바다코끼리	35
mortal	죽는	39
mortar	모르타르	38
mortgagee	저당권자	21
mosque	모스크	39
mosquito	모기	36
moss	이끼	39
moth	나방	35
motherfucker	후레자식	36
motionless	움직이지 않는	30
motivate	동기를 주다	36
motivation	동기	42
motive	동기	39
motley	다양한 요소로 구성되다	31
motorbike	오토바이	32
motorcar	자동차	22
motorcycle	오토바이	41
motorway	고속도로	35
mountaineer	등산가	28
mountaineering	등산	28
mountainous	산이 많은	34
mourn	슬퍼하다	34
mousetrap	쥐덫	23
moustache	콧수염	32
mpeg	영상	28
muck	거름을 주다	31
muddy	진흙으로 덮여있는	36
muezzin	무에진	18
mule	노새	34
mullet	숭어	30
multiculturalism	다문화주의	31
multidisciplinary	여러 학문 분야에 걸친	31
multifaceted	다면체의	28
multilateral	다자간의	31
multimedia	멀티미디어	36
multimillionaire	천만장자	24
multistory	고층의	18
mummification	미라로 만듬	22
mummy	미라	36
munich	뮌헨	40
municipality	지방 자치제	37
mural	벽화	35
murderer	살인자	38
murmur	우물우물 말하다	29
muscly	근육의	19
muscovite	러시아인	24
muscular	근육의	37
mushroom	버섯	36
musician	음악가	40
musicology	음악학	22
musket	머스켓총	29
musketeer	머스캣 총으로 무장한 보병	23
muskrat	사향쥐	24
mustache	콧수염	34
mustard	머스터드	37
muster	모음집	34
mutation	변형	36
mutilate	절단하다	24
mutilation	불완전화	32
mutt	잡종개	29
mutter	중얼거리다	28
mutton	양고기	30
mutually	쌍방에	37
muzzle	사람의 입	33
myriad	무수한	35
mysore	마이소르	29
mysterious	신비한	42
myth	전설	41
mythical	신화적인	34
mythological	신화의	31
mythology	설화	36
nadi	피지의 도시 이름 '난디'	24
nail	손톱	42
naive	순진한	38
nameless	이름없는	32
namely	특별히	40
namesake	동명인	31
namibia	나라 이름 나미비아	32
nana	바나나	35
nancy	여자 이름	41
nandu	레아	20
nanotechnology	나노기술	30
napalm	네이팜으로 공격하다	28
nape	목덜미	26
napkin	냅킨	32
narcissus	수선화	27
narcotic	마약	30
narrate	이야기를 하다	28
narrowly	가까스로	36
narwhal	일각고래	23
nasa	미국 항공 우주국	42
nasty	끔찍한	42
natal	나탈	34
natalie	여자 이름	38
nate	남자 이름	38
nathan	남자 이름	41
nathaniel	남자 이름	34
nationalism	국가주의	38
nationalistic	국가의	30
nationality	국적	37
nativity	예수의 탄생	32
natto	낫토	18
natty	말쑥한	28
naught	없음	30
naughty	말괄량이의	38
nausea	멀미	35
navel	배꼽	30
navigate	항해하다	37
navigation	항해	40
nazism	나치즘	31
neat	말끔하다	40
necessity	필요	39
necklace	목걸이	38
necktie	넥타이	26
necrosis	괴사	29
nectar	화밀	32
nectarine	천도복숭아	21
needle	바늘	40
needless	쓸모없다	37
needy	가난한	36
negate	무효화하다	30
negation	아니라고 주장	28
neglect	태만	38
negligently	태만히	24
negligible	무시해도 될 정도의	34
negotiable	협상의 여지를 가진	32
negotiate	협상하다	40
negotiation	교섭	38
neigh	울다	25
neighbour	이웃	37
neighbourhood	이웃	39
nell	여자 이름	31
neologism	지어낸 말	20
neon	화학 원소 이름 '네온'	36
nepal	나라 이름 '네팔'	38
nephew	조카	40
neptune	해왕성	34
nerd	~광	37
nerve	용기를 북돋우다	42
nest	둥지를 짓다	41
netherlands	나라 이름 '네덜란드'	43
netizen	인터넷 사용자의 통칭	22
nettle	쐐기풀	27
neurological	신경의	35
neutral	중성의	42
neutrality	중립	37
neutralize	중립화시키다	31
neutron	중성자	34
nevertheless	그럼에도 불구하고	42
newbie	무엇을 새로 하는 사람	32
newborn	신생아	38
newman	남자 이름	38
newness	새로운 것	26
newt	영원	32
nicaragua	나라 이름 '니카라과'	34
niche	벽감	38
nicholas	남자 이름 니콜라스	40
nickel	화학 원소 이름 니켈	38
nickname	별명을 붙이다	39
nico	남자 이름	35
nicole	여자 이름	40
nicotine	니코틴	35
niece	조카딸	38
nigga	흑인	36
nigger	흑인을 낮잡아 부르는 말	34
nightclub	나이트클럽	36
nightingale	나이팅게일	33
nightmare	무서운 꿈	42
nighttime	야간	33
nihilism	허무주의	27
nikki	여자 이름	37
nikolas	남자 이름	24
nincompoop	멍청이	19
nineteen	숫자 19	36
nineteenth	열아홉째	38
ninety	숫자 90	37
ninja	닌자	39
ninth	아홉째	41
nipple	젖꼭지	34
nitrogen	화학 원소 이름 '질소'	38
nitrogenous	질소의	21
noah	남자 이름	39
nobility	귀족	35
noble	귀족	42
nocturnal	야행성의	32
nocturne	야상곡	26
noel	남자와 여자 이름 노엘	36
noisily	시끄럽게	25
noisy	시끄러운	37
nolan	남자 이름	36
nomenclature	명명법	32
nominal	명목상의	36
nominate	지명하다	36
nomination	지명	41
nominative	주격	26
nominee	지명된 사람	40
noncommercial	비영리적인	26
nonetheless	그럼에도 불구하고	40
nonfat	무지방의	23
nonfiction	지어내지 않은 이야기	33
noninvasive	해치지 않는	25
nonpolitical	비정치적인	18
nonspecific	특이하지 않은	24
noodle	국수	34
noon	점심 먹다	41
nor'easter	북동풍	20
nora	여자 이름	35
normalcy	정상 상태	28
norman	남자 이름	41
normative	규범적인	31
normie	범인	24
norway	나라 이름 '노르웨이'	42
norwegian	노르웨이어	40
nostril	콧구멍	28
notable	눈에 띄는	41
notch	급수	38
notebook	공책	37
noteworthy	주목할 만한	35
notify	남에게 알리다	37
notion	개념	42
notwithstanding	~에도 불구하고	35
noun	명사	36
nourishment	음식	30
nova	신성	39
novation	갱신	20
novelist	소설가	36
novella	중편소설	31
novelty	새로움	37
novgorod	노브고로트	26
novosibirsk	노보시비르스크	25
nowadays	요즘	41
nuance	말맛	31
nucleus	핵	36
nude	나체화	40
nudity	벌거숭이	34
null	무엇의 뜻	37
numberless	무수한	20
numeral	수사	28
numerator	분자	23
numerical	수치의	36
numismatics	화폐학	21
nunavut	누나부트 준주	27
nuptial	결혼의	26
nursery	육아실	39
nurture	키우다	33
nuthatch	동고비	20
nutmeg	육두구	30
nutrient	영양소	35
nutrition	영양	41
nutritious	영양이  있는	32
nutty	머리가 둔한	32
o'clock	정각에	40
oasis	오아시스	36
oath	맹세	40
oats	귀리	34
obedience	복종	35
obedient	복종적인	32
obese	지나치게 살찐	37
obesity	비만	38
obey	따르다	38
objection	반대	38
objectionable	불쾌한	31
obligate	의무를 지우다	26
obligation	약정	41
obligatory	의무적인	34
oblige	강요하다	31
obligor	채무자 )	18
oblivion	망각	33
oblivious	눈치없는	33
oblong	직사각형	29
obscene	음란한	35
obscure	애매한	38
obsequious	아첨하는	21
observable	관찰할 수 있는	31
observation	관찰	41
observatory	천문대	37
observe	발견하다	41
observer	관찰자	39
obsolete	쓸모없게 된	36
obstacle	장애	37
obstetrician	산파	27
obstinate	고집 센	27
obstruct	방해하다	31
obviate	제거하다	21
occasional	가끔의	41
occidental	서양의	29
occupant	사용자	31
occupation	직업	42
occupy	차지하다	39
oceania	호주	30
octopus	문어	35
odious	유쾌하지 않은	28
odor	냄새	35
oecd	경제협력개발기구	34
oesophagus	식도	24
oestrogen	여성 호르몬 에스트로겐	24
offend	남을 불쾌하게 만들다	36
offender	범죄자	37
offeror	신청인	19
offset	상쇄하는 것	40
offshore	앞바다의	39
offspring	자식	38
oily	기름의	34
ointment	연고	30
okapi	오카피	18
okra	오크라	26
oleander	협죽도	22
oligarchy	과두정치	28
olive	올리브나무	41
oliver	남자 이름	42
olivia	여자 이름	38
oman	오만	34
omega	그리스어 알파벳 'Ω	38
omelette	오믈렛	28
omen	징조	31
omicron	그리스어 알파벳 'Ο	24
omission	빠뜨림	33
omit	빠뜨리다	31
omnivore	잡식 동물	22
onboard	탑재된	36
oncologist	종양학자	28
onerous	아주 힘든	29
oneself	자신	36
onion	양파	39
onlooker	구경꾼	23
onomatopoeia	소리를 흉내 낸 말	22
onset	공격	37
onsite	현지의	29
oona	여자 이름	22
ooze	새어 나오다	28
opal	오팔	32
opec	석유수출국기구	32
openly	열리며	41
opera	오페라	43
operative	가동 준비가 된	39
operetta	오페레타	24
ophthalmologist	안과의사	27
ophthalmology	안과학	29
opine	의견을 말하다	23
opium	아편	35
opossum	주머니쥐	25
opponent	대항자	42
opportunism	기회주의	25
opportunist	기회주의자	28
oppose	반대하다	39
oppress	억압하다	29
optimal	최선의	39
optimist	낙관주의자	30
optimistic	낙관적인	39
optimize	최선을 다하다	33
optimum	최고의	35
oracle	신의 내리는 말	37
oral	입과 관련된	43
orangutan	오랑우탄	28
oration	연설	26
orator	연설가	29
orbit	주위를 돌다	40
orca	범고래	29
orchestra	관현악단	40
orchid	난초	33
ordain	하느님・법률・운명이 명하다	25
ordeal	시련	35
orderly	질서정연한	34
ordinarily	대개	33
ordovician	오르도비스기	27
oregano	오레가노	28
organ	오르간	41
organize	조직하다	40
orgasm	오르가즘	37
oriental	동양의	37
originality	독창성	33
originate	비롯하다	34
origination	발생	27
oriole	꾀꼬리	24
ornament	장식	33
ornamental	관상용의	33
ornithologist	조류학자	23
ornithology	조류학	25
orphan	고아	36
orphanage	고아원	34
orthodox	정통의	39
orthogonal	직각	30
osaka	오사카	36
oscillate	진동하다	24
oscillation	진동	30
osmium	오스뮴	20
osmosis	침투	28
osprey	물수리	29
ostensible	표면적으로는	25
osteoporosis	골다공증	30
ostrich	타조	30
otherworldly	초세속적인	28
otter	수달	34
otto	남성 이름	37
ouch	아야	36
oust	내쫓다	29
outbreak	발발	40
outcry	격렬한 반응	32
outer	밖의	42
outermost	가장 바깥쪽에	27
outfit	갖추어 주다	42
outgoing	나가는	36
outlaw	불법화하다	35
outlay	배치	28
outlet	출구	40
outline	테두리	39
outlook	예측	41
outlying	외부의	31
outnumber	…보다 수적으로 우세하다	30
outrage	난폭	38
outright	완전히	38
outset	착수	34
outweigh	…보다 더 크다	33
outwith	~의 바깥쪽에	23
oven	굽거나 찌는 가마	40
overarching	대단히 중요한	32
overbearing	건방진	29
overcome	극복하다	43
overdraft	당좌 대월	28
overeat	너무 많이 먹다	23
overflow	넘치다	34
overground	지상	24
overhead	머리 위에	39
overhear	엿듣다	26
overheat	과열하다	27
overkill	과잉 살상	30
overlap	겹치다	37
overload	과적하다	35
override	기각하다	34
overrule	기각하다	27
overrun	초과하다	34
oversea	해외로	23
oversee	감독하다	35
oversight	관리	38
overspend	과소비하다	22
overstate	과장하다	27
overstatement	과장	25
overtake	따라잡다	33
overthrow	전복하다	36
overtly	명백히	32
overturn	뒤집어엎다	32
overturned	뒤집힌	35
overwhelm	압도하다	32
overwork	과로	26
ovum	알	24
owen	남자 이름	40
oxen	ox의 복수형	29
oxide	산화물	37
oxygen	화학 원소 이름 '산소'	42
oyster	굴	35
ozone	오존	34
pacify	평정하다	27
paddle	노를 젓다	35
paddock	조그만 방목장	31
paige	여자 이름	35
pail	양동이	28
painfully	아프게	35
painkiller	진통제	28
painstakingly	애써서	28
painter	화가	39
pajama	잠옷	28
palate	입천장	34
pale	창백한	41
paleness	창백	18
paleolithic	구석기	26
paleontology	고생물학	28
paleozoic	고생대	27
palestine	나라 또는 지역 팔레스타인	40
palindrome	회문	22
pallid	사람・얼굴 등이  창백한	24
palm	손 안에 감추다	42
palpable	감지할 수 있는	32
paltry	보잘 것 없는	29
pamela	여자 이름	36
pamphlet	소책자	33
panacea	~   만병통치약	28
pancake	팬케이크	34
panda	중국에 서식하는 판다 곰	36
pandemic	전국적으로 퍼지는	37
pandora	판도라	34
pang	갑작스레 극심한	31
pangolin	천산갑	24
pansexual	범성애의	23
pantheism	범신론	21
panther	표범	36
papa	아빠	39
papyrus	파피루스	29
parable	우화	31
parabola	포물선	24
parachute	낙하산	35
parade	행진하다	42
paradigm	전형적인 예	36
paradise	낙원	42
paraffin	등유	27
paragraph	문서의 절	40
paralegal	사무원	28
parallel	나란히	43
parallelogram	평행사변형	22
paralysis	마비	35
paralyze	마비되다	26
parameter	한도	36
paramount	가장 중요한	37
parasite	기생충	35
parasitology	기생충학	22
parcel	꾸러미	37
pardon	용서하다	38
parental	어버이의	38
parity	동등함	34
parker	남자 이름	42
parley	교섭	26
parlor	응접실	33
parochial	지방적인	30
parody	패러디	38
parrot	앵무새	35
parsley	파슬리	33
partake	참여하다	32
partial	부분적인	42
partiality	편애	24
partially	부분적으로	42
participant	참여자	38
particle	불변화사	39
particularity	상세함	23
particulate	대기 입자 물질	30
partisan	당원	38
partition	분할	37
partway	도중까지	24
pashto	파슈토어	24
passage	어디를 지나가다	43
passive	수동태	40
passport	여권	40
password	비밀번호로 보호하다	41
pasta	반죽	39
paste	붙이다	39
pastel	파스텔	32
pastime	소일거리	31
pastor	목사	41
patch	조각	42
patent	명백한	42
patently	명백히	29
paternal	아버지의	33
paternity	저작자임	32
pathetic	강한 느낌의	41
patiently	끈기 있게	35
patina	녹청	27
patricia	여자 이름	38
patrimonial	세습 재산의	19
patriot	애국자	37
patriotic	애국의	38
patron	단골손님	37
patronize	후원하다	27
paula	여자 이름	38
pave	포장하다	32
pavement	포장도로	36
paving	포장 공사	34
pawnshop	전당포	22
payable	지불해야 하는	35
payee	수취인	23
payer	지급인	32
payout	지불금	34
payphone	공중전화	24
payroll	급여 대상자 명단	38
peaceable	평화로운	24
peaceful	평화로운	43
peacefully	평화적으로	36
peacefulness	평화로움	22
peach	복숭아나무	38
peacock	공작	34
peal	종 따위가 크게 울리다	24
peanut	땅콩	39
pear	배나무	35
pearl	진주	41
peasant	하층민	36
peat	이탄	33
pebble	자갈	33
peckish	약간 배고픈	20
peculiar	희한하다	37
peculiarity	특색	25
pecuniary	금전상의	25
pedestrian	보행자	37
pedophilia	소아성애증	31
peek	살짝 엿보다	37
peep	들여다보다	34
peggy	여자 이름	36
pejorative	경멸적인	27
pelican	펠리칸	31
penang	말레이시아의 주	30
pencil	연필	40
pendency	미결	19
pending	~까지	40
penetrate	꿰뚫다	36
penetration	안으로 들어감	37
penguin	펭귄	38
penicillin	페니실린	30
peninsula	반도	40
peninsular	반도의	28
penis	자지	40
penitentiary	연방 혹은 주 교도소	32
penny	페니	41
pension	연금	42
pensioner	연금수령자	29
pensive	골똘히 생각하는	26
pentathlon	오종경기	21
penultimate	어미로부터 두 번째의	31
pepper	고추과 식물의 총칭	41
perceive	지각하다	37
perception	지각	42
perceptive	통찰력 있는	30
peremptory	위압적인	21
perennial	사철을 통한	35
perestroika	페레스트로이카	24
perfection	완전	40
perfidious	교활한	21
performer	연주자	38
perfume	향수를 뿌리다	38
perigee	근지점	23
perihelion	근일점	22
peril	위험	34
perilous	위험한	32
perilously	위험하게	23
perimeter	주위	37
periodic	주기의	36
periodical	정기 간행물	31
peripheral	부속물	37
periphery	주변	33
perish	멸망하다	33
perishable	없어지는	28
peritoneum	복막	21
peritonitis	복막염	23
perm	페름	31
permafrost	영구동토	28
permanence	영구성	28
permanently	영구적으로	41
permeate	스며들다	26
permissive	허용되는	28
permit	허락하다	42
permutation	순열	26
perpetrator	가해자	33
perpetual	끊임없이 계속되는	36
perpetually	영구히	32
perpetuity	영속	29
perplex	난처하게 하다	19
perplexity	당황	21
perquisite	특전	18
persecute	괴롭히다	28
persecution	불가산  박해	37
perseverance	끈기	33
persevere	어려움을 버티다	30
persia	페르시아	34
persian	페르시아 사람	38
persimmon	감나무	25
persist	지속하다	35
persistent	고집 센	39
persistently	끈질기게	30
personage	인물	24
perspiration	땀	27
persuade	믿게 하다	38
persuasion	설득	33
persuasive	설득력있는	34
pertain	부속되다	29
pertinent	~    적절한	34
perusal	통독	23
peruvian	페루의	34
pervade	널리 퍼지다	22
pervious	이해하는	20
peseta	페세타	18
pessimistic	비관적인	32
pestle	막자	25
petal	꽃잎	30
petitioner	신청인	29
petrified	극도로 무서워하는	30
petty	작은	41
peyton	남자 이름	36
phablet	패블릿	21
phalange	손가락뼈	18
phantom	유령	38
pharaoh	파라오	33
pharmacist	약제사	33
pharmacy	약국	39
pheasant	꿩	30
phenomenal	경이적인	38
phenomenology	현상학	27
phenomenon	현상	41
phenotype	표현형이란 뜻으로	30
philip	남자 이름	43
phillip	남자 이름	38
philology	문헌학	27
philosopher	철학자	37
phobia	공포증	31
phobias	공포증	27
phobos	포보스	22
phoenix	불사조	42
phonetic	음성의	30
phonetics	음성학	26
phony	가짜의	34
phosphate	인산염	34
phosphorus	화학 원소 이름 '인'	32
photograph	사진	42
photographer	사진사	43
photonic	광자의	26
photosphere	광구	21
photosynthesis	광합성	30
phrygian	프리기아어	22
phyllis	여자 이름	33
physician	의사	42
physicist	물리학자	34
physicochemical	물리학과 화학의	21
pianist	피아노 연주자	35
pickerel	강꼬치고기	21
picket	손팻말을 들고 시위하다	33
pickpocket	소매치기	25
picky	사람이 까다로운	33
picnic	피크닉	38
pidgin	피진어	25
pierce	뚫다	39
pigeon	비둘기	36
piglet	새끼 돼지	28
pilaf	플로프	22
pilar	털이 많은	28
pile	쌓아 올리다	41
pilgrim	순례자	34
pill	알약	40
pillar	기둥	36
pillow	베개	40
pimple	여드름	28
pincers	펜치	23
pineapple	파인애플	36
pinna	귓바퀴	21
pinoy	필리핀인	28
pioneer	앞서서 밝히다	39
pipe	파이프로 보내다	42
piquant	톡 쏘는	22
piracy	저작권 침해	35
piranha	피라냐	28
pirate	해적	40
pisco	피스코	22
piss	오줌을 싸다	42
pistachio	피스타치오	28
pistol	권총을 쏘다	39
pitcher	주전자	38
pitchman	상품을 선전하는 사람	18
pitiful	가련한	32
pity	유감	40
placate	진정시키다	28
placebo	죽은 이를 위한저녁기도	35
plague	괴롭히다	39
plaid	격자 무늬 어깨걸이	33
plainly	분명히	34
plaintiff	원고	36
planetarium	천문관	27
planner	정책입안자	35
plantain	질경이	27
plaque	치태	37
plasma	혈장	40
platinum	화학 원소 이름 '백금'	40
platypus	오리너구리	27
plausible	타당한 것 같은	36
plausibly	그럴싸하게	26
playground	운동장	38
playoff	플레이오프	41
playwright	극작가	34
plea	항변	40
plead	변호하다	36
pleading	애원	35
pleasant	즐겁다	42
pleasing	기분이 좋은	38
pleasurable	즐거운	31
pledge	약속하다	40
plenary	회의 등이 총회의	31
plenitude	충분	19
plentiful	풍부한	34
pleura	흉막	19
plight	역경	35
plough	갈다	31
plow	쟁기질하다	32
ploy	계책	32
plug	플러그	41
plum	자두	36
plummet	급락	28
plump	포동포동한	32
plunder	어떤 장소를) 약탈하다	31
plunge	적셔서 가라앉히다	35
plural	여럿의	36
pluto	명왕성	34
pneumonia	폐렴	37
podium	지휘대	36
poem	시	42
poet	시인	42
poetic	시적인	37
poetical	시의	26
poetics	시학	28
pointless	뾰족한 끝이 없는	39
poise	균형을 잡다	30
poised	균형이 잡힌	34
poison	독을 써서 해치다	41
poisoning	중독	38
poisonous	독의	36
poke	쿡 찌르다	36
policeman	경찰	37
policewoman	여자 경찰관	25
polio	소아마비	33
polish	닦다	43
polite	예의 바르다	39
politely	공손히	35
politeness	예의	29
politician	정치인	42
pollen	꽃가루	35
pollutant	오염 물질	27
pollute	더럽히다	29
pollution	더럽힘	42
polyhedron	다면체	21
pomegranate	석류	29
pond	연못	40
ponder	잘 생각하다	34
pony	조랑말	38
popcorn	팝콘	37
poplar	미루나무	31
popo	경찰	24
poppy	양귀비	36
popsicle	아이스캔디	28
popularity	인기	42
populate	거주하게 하다	29
populism	포퓰리즘	30
porcelain	자기	36
porcine	돼지의	25
pork	돼지고기	40
portable	들고 다닐 수 있는	40
portmanteau	손가방	26
portuguese	포르투갈의	40
pose	제기하다	41
positivism	실증주의	24
positron	양전자	26
possess	소유하다	40
possessive	소유격	32
possessor	소유자	26
postage	우편료	35
postal	우편의	39
postcard	엽서	34
postcode	우편번호	30
postdoc	박사후 연구원 자리	25
postdoctoral	박사 학위를 취득한 후	31
posterity	자손	30
postgraduate	대학원생	33
postmortem	사후의	28
postpone	연기하다	35
postscript	추신	28
postseason	포스트시즌	35
postulate	가정하다	26
posture	자세	36
potassium	칼륨	36
potato	감자	41
potent	유력한	37
potion	한 번 복용할 분량	33
pottery	도자기	37
potty	유아용 변기	33
pour	붓다	41
powder	가루로 만들다	42
powerless	힘이 없는	35
practicable	실행 가능한	28
practically	사실상	42
prairie	대초원	37
prank	차려입다	37
prat	궁둥이	26
prawn	새우	29
preacher	설교자	37
precarious	불확실한	33
precaution	예방	34
precede	앞서다	29
precedence	우선	33
precedent	선례	38
preceding	이전의	37
precept	교훈	26
precipitate	촉진시키다	28
precipitation	투하	36
precipitous	가파른	26
precise	정확한	41
precisely	정확히	42
preclearance	사전 승인	19
preconception	예견	21
precondition	전제 조건	26
predatory	포식성의	34
predecessor	전신	38
predetermined	미리 정해진	33
predicament	상황	33
predicate	술어	28
predicative	형용사가 서술적인	19
predict	예언하다	41
predictably	예상대로	30
predisposition	타고난 소질	28
predominant	우세한	33
preemie	조산아	21
preempt	선매권에 의하여 획득하다	24
preemption	우선 매수	23
preemptive	우선권이 있는	28
preface	머리말	34
prefect	지방의 수령	31
prefecture	현	32
preference	~  선호	41
preferences	우선권	39
preferential	우대적인	32
prefix	접두사	32
prehistoric	기록이 있기 전 시대의	34
prejudice	한 쪽으로 치우친 의견	38
preliminary	예비의	42
prelude	전주곡	33
premeditated	미리 계획된	29
premise	전제	38
premises	premise의 복수형	40
prenatal	태어나기 전의	32
preoccupy	선점하다	18
preponderance	우위	27
preponderant	우세한	18
preposition	전치사	26
prepositional	전치사의	22
prescribe	규정하다	34
prescribed	규정된	39
presently	이내	37
presentment	제시	19
preservative	보존료	28
preserve	보존하다	42
preside	주재하다	30
presiding	주재하는	35
prestige	위신	38
prestigious	명망 있는	39
presumably	아마	41
presume	…을 추정하다	36
presumption	추정	32
pretension	주장	23
preterite	과거형	19
pretext	핑계	33
pretrial	사전 심리	27
prevail	㉶ 우세하다	36
prevailing	우세한	36
prevalence	보급	37
prevalent	일반적으로 행하여지는	38
prevention	예방	43
preventive	예방	35
prey	괴롭히다	40
prickle	가시	19
primate	영장류	31
primer	기본 지침서	35
primitive	원시의	38
primrose	앵초	29
printer	인쇄기	39
prioritize	우선 순위를 매기다	33
prisoner	수감자	42
pristine	자연 그대로의	33
privateer	사나포선	25
privately	개인적으로	40
privilege	특권	42
privileged	정보가 기밀의	38
prized	입상한	33
proactive	주도적인	34
probability	있음직함	40
probable	무엇이 그럴 것 같은	38
probate	공증	32
probationary	시험적인	27
probative	시험적인	20
probe	무인 우주 탐사선	40
problematic	문제의	39
problematical	문제의	19
proceed	전진하다	42
proceeding	~   소송 절차	37
proceeds	돈	40
proclaim	선언하다	33
proclamation	성명	34
procreation	불가산  출산	27
procure	구하다	32
procurement	입수	37
prodigal	낭비하는	29
prodigious	별나	29
prodigy	영재	32
profane	세속적이다	30
profess	고해성사하다	29
profession	직업	41
proficient	숙련된	33
profiling	현장 공사 시	33
profound	깊다	39
profuse	많은	23
profusely	아낌없이	30
progenitor	선조	28
progeny	자손	30
prognosis	예후	33
progressively	진보적으로	35
prohibit	금지하다	35
prohibited	금지된	40
prohibition	금지	38
proletarian	프롤레타리아	28
proliferation	증식	36
prolific	왕성한	36
prolong	연장  하다	32
prom	무도회	38
prometheus	프로메테우스	31
promising	전도유망한	41
promontory	곶	27
promoter	발기인	36
promotional	홍보의	39
prompt	자극하다	39
promptly	얼른	38
promulgate	선포하다	23
prone	당하기 쉬운	39
prong	갈래	28
pronged	가닥이 진	28
pronoun	대명사	32
pronounce	낱말을 발음하다	37
pronouncement	공표	25
pronunciation	발음	35
proofread	교정하다	26
proofreading	교정	26
propaganda	선전	42
propel	…을 나아가게 하다	32
propeller	프로펠러	33
propensity	경향	32
prophecy	예언	37
prophesy	예언하다	27
prophet	예언자	40
prophylactic	예방	26
propitious	상서로운	22
proportional	비례의	36
proportionate	~    비례하는	30
proportionately	비례하여	26
propose	제안하다	40
proposition	제의	38
proprietary	재산이나 소유권에 관련된	37
proprietor	소유자	33
proprietorship	소유권	24
proscribe	금지하다	18
prose	산문	37
prosecution	기소	41
prospect	가망	41
prospective	장래의	39
prospectus	투자 설명서	32
prosper	일이 잘 되다	34
prosperity	번영	39
prosperous	번영하는	36
prostate	전립선	37
prostitute	몸 파는 여자	36
protagonist	주역	37
protectionism	보호주의	28
protective	보호하는	41
protector	보호자	37
protester	항의하는 사람	31
protocol	의례	42
proton	양성자	34
protoplasm	원형질	18
prototype	시제품	38
protracted	오래 끈	33
protractor	각도기	21
provable	입증할 수 있는	25
proverb	속담	31
provision	제공	41
provisional	임시의	37
proviso	단서	26
provoke	자극하여 …시키다	35
prowl	돌아다니다	28
proximate	가장 가까운	26
proximity	가까움	39
prudence	주의	31
prudent	신중한	34
psalm	찬송가	36
pseudo	가짜의	36
psyche	정신	34
psychiatrist	정신과 의사	37
psychoanalytic	정신분석학적인	28
psychological	심리학의	43
pterosaur	익룡	19
puberty	사춘기	35
publicity	대중에 알려짐	40
publish	출판하다	41
publisher	발행물	41
puddle	웅덩이	33
puff	파이 껍질	36
pulse	맥박이 뛰다	41
pulverize	가루로 만들다	21
puma	퓨마	32
pump	품다	43
pumpkin	둥글고 겉이 주황색인 호박	38
punchline	정곡	28
punctuate	구두점을 찍다	23
puncture	펑크를 내다	32
punish	벌주다	40
pupil	학생	38
puppet	꼭두각시	38
puppy	강아지	40
purchaser	구입한 사람	34
purgatory	연옥	31
purge	깨끗이 하다	36
puritan	청교도	30
puritanical	청교도의	26
puritanism	청교도주의	23
purport	주장하다	26
purported	…라고 알려진	33
purportedly	…이라고 소문이 난	30
purposely	고의로	34
purse	지갑	40
pursue	추구하다	43
pursuit	추적	41
purveyor	조달 업자	26
purview	이해의 범위	29
putative	추정되는	30
putrefaction	부패	20
puzzle	수수께끼	40
pyongyang	평양	31
pyramid	피라미드	38
python	비단뱀속	38
qatar	카타르	38
qinghai	중국의 성 이름 '청해'	21
quadrilateral	사변형	24
quadrillion	천조	21
qualification	자격	39
qualify	자격을 취득하다	42
quantifiable	정량화할 수 있는	26
quantitative	양의	37
quantity	양	41
quantum	양	41
quarantine	검역	36
quarrel	다툼	33
quarrelsome	싸우기를 좋아하는	22
quarterdeck	뒷갑판	20
quarterly	연 4회 발행의	40
quartz	수정	37
quay	바다나 강의 부두	33
queer	동성애를 하는 사람	38
query	문의하다	36
quest	탐구	43
quetzal	케찰	20
queue	기다리며 늘어 선 줄	38
quicksand	유사	27
quiescence	정지	19
quietly	조용히	42
quince	모과	29
quinn	여자 이름	39
quintessence	진수	24
quiver	화살통	28
quiz	퀴즈	38
quorum	정족수	31
quotation	견적	35
qwerty	쿼티 배열의	25
rabbi	랍비	37
rabbit	토끼	40
rabies	광견병	32
raccoon	북미너구리	33
rachel	여자 이름	42
racism	인종차별	42
rack	선반	39
racket	부정	33
racking	고문하는	32
racquet	라켓	27
radar	레이다 또는 전파 탐지기	42
radiant	광선의	35
radiate	빛	30
radiation	방사	43
radically	원래는	35
radiology	방사선학	32
radish	야채 또는 채소인 무	28
radius	반지름	39
raft	뗏목	35
rage	성을 몹시 내다	41
ragout	스튜	19
raid	침입	42
raider	침략자	33
rainbow	무지개	41
raincoat	비옷	27
rainwater	빗물	30
rainy	비가 오는	37
raisin	건포도	30
rake	갈퀴질하다	34
ralph	남자 이름	41
ramen	라면	34
ramification	분지화	19
ramp	경사로	38
ranch	대규모 목장	40
randall	남자 이름	37
randomly	마구잡이로	40
randy	남자 이름	39
rangeland	방목장	21
ransom	몸값	37
rapeseed	유채	25
rapper	래퍼	40
rapture	황홀	32
rascal	악한	31
rash	발진	37
raspberry	나무딸기	35
ratify	비준하다	29
ration	배급하다	32
rationale	이유	35
rattlesnake	방울뱀	29
raven	갈까마귀	38
ravine	협곡	32
raymond	남자 이름	40
razor	면도칼	37
react	반응하다	42
readily	손쉽게	39
readiness	기꺼이 하려는 마음	36
readjustment	재조정	22
reaffirm	재차 확인하다	28
reagan	여자 이름	40
realistic	현실의	42
realm	영역	41
ream	reams   많음	24
reap	수확하다	35
reappear	다시 나타나다	30
reappearance	다시 나타나는 것	26
reasonably	합리적으로	40
reassure	안심시키다	33
reassuring	안심시키는	34
rebate	환불	33
rebecca	여자 이름	40
rebel	반역하다	41
rebellion	폭동	39
rebirth	부활	34
reborn	부활한	34
rebuff	거절하다	23
rebuild	재건하다	39
rebuke	질책하다	31
rebut	논박하다	26
rebuttal	원고의 반박	31
recapitulate	요점을 되풀이하다	19
recapture	탈환하다	32
recast	다시 주물을 만들다	29
recede	물러나다	27
receipt	영수증	39
receivable	돈을 받아야 하는	28
receiver	파산 관재인	41
receivership	파산 관재인의 직 및 직무	27
reception	평판	42
recess	쉬는 시간	35
recession	경기후퇴	38
recessive	뒤로 돌아가는	29
recipe	조리법	42
recipient	무언가를 받은 사람	39
reciprocal	상호간의	32
recital	장황한 설명	33
recite	암송하다	33
reckless	무모한	38
reckon	세다	38
reckoning	계산	33
reclaim	~ sth   재활용하다	34
recognise	알다	39
recognizable	알 수 있는	34
recoil	뒤로 물러나다	32
recollect	회상하다	27
recommendation	추천	41
reconcile	화해시키다	35
reconciliation	화해	37
recondition	수리하다	18
reconditioned	수리된	23
reconsider	재고하다	36
reconstruct	재건축하다	32
recordable	기록	21
recorder	기록하는 사람	37
recount	이야기하다	32
recourse	상환 청구권	33
recover	되찾다	43
recoverable	되찾을 수 있는	28
recruit	신입사원	39
rectification	개정	26
rectify	바로잡다	32
recur	<사건	26
recycle	재활용하다	34
redact	<원고 등을> 수정하다	20
redeem	청산하다	35
redemption	상환	38
redeploy	이동시키다	24
redeployment	배치전환	24
redevelop	재개발하다	26
redevelopment	재개발	34
redo	다시 하다	32
redress	바로잡다	32
redundancy	과잉	33
redundant	불필요한	36
reed	갈대로 무엇을 만들다	41
reeducation	재교육	22
reef	암초	38
reek	악취를 풍기다	28
referee	심판	39
referendum	국민 투표	40
referent	단어가 지시하는 대상	23
refine	정제하다	33
refinery	정제소	35
reflection	돌이켜 생각함	42
reflexion	돌이켜 생각함	18
refrain	~    그만두다	36
refreshment	다과	29
refrigerator	냉장고	36
refuge	피신	39
refugee	난민	40
refurbishment	재연마	31
refusal	거부	38
refutation	반박	26
refute	반박하다	31
regent	행정 부서	34
reggae	레게	35
regimen	식이 요법	33
regiment	«군사» 연대	39
registrant	등록자	26
rego	자동차등록	23
regulatory	규제력을 지닌	42
rehab	재활 시설	38
rehabilitate	회복시키다	30
rehabilitation	부흥	40
rehearsal	예행연습	37
rehearse	반복하다	29
reign	통치 기간	41
reimburse	변상하다	31
reindeer	순록	33
reinforce	보강하다	37
reinforcement	증원 부대	34
reinstate	회복시키다	31
reiterate	반복하다	31
reject	거부하다	40
rejection	거절함	39
rejoice	크게 기뻐하다	35
rejoinder	응수	22
rekindle	다시 불을 붙이다	27
relax	늦추다	43
relaxed	긴장을 풀은	40
relay	교대	39
relentless	수그러들지 않는	35
relevance	적절	38
reliable	믿을 수 있는	43
reliance	신뢰	38
relic	유물	34
relict	잔존물	22
relieve	경감하다	38
relieved	긴장이 풀린	40
relinquish	~ sth    포기하다	31
relocation	재배치	36
reluctant	마음이 내키지 않는	38
rely	의지하다	43
remainder	나머지	40
remedial	치료상의	31
remedy	치료	38
reminiscence	회고	26
remission	차도	32
remit	송금하다	31
remnant	남은 부분	33
remorse	회한	35
remorselessly	무자비하게	18
renaissance	르네상스	39
rename	다시 이름짓다	32
renault	프랑스의 자동차 제조 회사	34
rend	찢다	24
render	㉹  …이 되게 하다	38
rendition	연주	34
renege	어기다	23
renew	재개하다	37
renewable	재생가능한	39
renounce	물러나다	32
renown	명성	31
renowned	유명한	40
reorganization	개조	33
repairer	수리하는 사람	22
reparation	배상금	26
repatriation	본국 송환	31
repay	갚다	37
repeal	폐지하다	39
repeatedly	반복적으로	42
repentance	~  뉘우침	32
repercussion	영향	22
repetition	반복	35
repetitive	반복적인	36
replenish	)   다시 채우다	30
replenishment	보충	27
replete	~    가득한	29
replica	복제품	37
replicate	복제하다	36
replication	응답	34
reportedly	전하는 바에 의하면	41
repose	위임하다	28
reposition	저장	27
repository	저장소	34
repression	억압	35
reprimand	견책하다	29
reprise	반복되다	30
reproduction	재생산	38
reproductive	생식기의	38
reptile	파충류	32
repudiate	거부하다	24
repudiation	거절	26
repugnant	~    불쾌한	29
repulsive	혐오스러운	32
repurchase	되사다	29
reputable	평판이 좋은	34
repute	평판	26
requiem	레퀴엠	31
requisite	필요한	32
rerun	재방송하다	29
resale	재판매	33
rescind	해제하다	29
rescission	해제	22
researcher	연구자	39
resemblance	닮음	36
resemble	~과 닮다	37
resentful	꺼리는	30
resentment	분개	36
reservation	예약	40
reserved	사양하는	42
reservoir	저수지	39
reset	다시 맞추다	38
reside	어디에 주소를 두고 살다	37
residual	남은	35
residue	잔여물	35
resign	사임하다	40
resignation	자리에서 물러남	40
resilience	복원력	36
resilient	회복하는	35
resin	수지	36
resist	저항하다	42
resolutely	단호히	28
resolve	분해하다	42
resonance	되울림	36
resounding	철저한	30
resourcefulness	지모가 많음	26
respectful	경의를 나타내는	37
respective	각각의	42
respiration	숨쉬기	30
respiratory	호흡의	38
respite	한숨 돌리기	32
respondent	피항소인	31
responsive	즉각 반응하는	37
restitution	배상	32
resto	식당	26
restoration	복원	41
restore	되살리다	42
restrict	금지하다	38
restrictive	구속성이 있는	35
restroom	화장실	34
resultant	그 결과로 생긴	31
resume	다시 시작하다	41
resumption	회복	31
resurrection	부활	38
resuscitate	소생시키다	26
retain	계속 유지하다	42
retainer	변호 약속	31
retaliate	보복하다	31
retaliation	앙갚음	36
retch	구역질나다	20
retell	다시 이야기하다	22
retention	보유	38
reticulum	봉소위	25
retire	은퇴하다	40
retort	대꾸	29
retreat	후퇴	41
retrieve	검색하다	37
retriever	무언가를 받는 사람이나 것	30
retroactive	반동하는	29
retroactively	반동하여	29
retrofit	장치를 개량하다	28
retrospective	회고전	35
returnable	반환할 수 있는	24
reunion	재결합	39
revenge	복수하다	43
revere	숭배하다	31
reverence	경외하는 마음	32
reverend	목사	37
reversal	되돌아옴	36
reversion	반환	26
reviewer	논평가	35
revise	무엇을 다시 고치다	35
revision	수정	38
revival	재생	39
revocation	철회	29
revoke	…을 취소하다	33
revolt	반란	37
revolutionary	혁명당원	42
revolve	주위를 회전하다	32
revolver	회전식 연발 권총	34
rewrite	다시 쓰다	35
rhea	여자 이름	30
rhenium	레늄	19
rheumatic	류머티즘의	26
rheumatism	류머티즘	26
rhinestone	라인석	26
rhino	코뿔소	36
rhinoceros	코뿔소	28
rhodium	로듐	25
rhombus	마름모	21
rhythm	박자	40
rhythmical	주기적인	21
riches	부	36
riddle	수수께끼	34
ridge	불룩하게 이랑을 내다	41
ridicule	조소하다	33
rife	수두룩한	32
rifle	소총	42
rifling	강선을 파는 것	26
rift	분열	36
rigging	삭구	34
righteous	올바르다	38
righteousness	올바름	35
rigid	딱딱한	38
rigor	단단함	31
rigorous	엄격한	37
rigorously	엄격히	30
rigour	단호함	27
riley	남자 이름	39
riot	폭동을 일으키다	41
rioter	폭도	21
riparian	강연안의	28
ripe	무르익은	37
ripen	익다	26
ripoff	도둑	24
risky	위험한	39
rita	여자 이름	38
rite	의식	36
ritual	의식의	40
rival	라이벌	42
rivalry	경쟁	38
riverbank	강연안	28
rivulet	작은 강	20
roadrunner	로드러너	24
roadway	도로	34
roam	떠돌아다니다	35
roaming	떠돌아다님	35
roan	남자 이름	27
roar	크게 소리치다	37
roast	굽다	39
robber	강도	34
robbery	강도	40
roberta	여자 이름	32
robles	영어권국가의 성	28
robot	로봇	42
robust	튼튼한	39
rocky	바위가 많은	42
rodent	설치류	32
rodeo	로데오	35
rodney	남자 이름	37
rollercoaster	롤러코스터	32
rollover	연장	28
romanian	루마니아인	36
romanization	로마자화	21
romanticism	낭만주의	30
romp	야단법석	28
ronald	남자 이름	39
ronin	낭인	28
ronnie	남자 이름	37
rooftop	지붕	36
rookie	초심자	41
roommate	방을 같이 쓰는 사람	38
rooster	수탉	33
rope	줄이나 끈	41
rory	남자 이름	37
rosary	로사리오	32
roster	등록부	41
rotate	회전하다	36
rouleau	작은 두루마리	20
roundhouse	원형 감옥	28
rouse	㉶ 깨어나다	31
rubber	고무	42
rubbish	쓰레기	39
ruble	루블	26
ruby	루비	40
rucksack	배낭	26
rudder	키	32
rude	상스럽다	42
rudely	무례하게	29
rudeness	무례	29
rudimentary	간단한	32
rufous	적갈색의	24
ruler	자	38
rumble	우르릉거리는 소리를 내다	34
rumen	반추위	23
ruminant	반추 동물	21
rummage	야단법석	25
rumor	소문	37
rumour	소문	34
runaway	제어가 안 되는	35
runner	달리는 사람	42
rupee	화폐 단위 루피	30
rust	녹	37
rustic	시골 풍의	34
rusty	녹슨	36
rutabaga	무	19
ruth	여자 이름	40
ruthenium	루테늄	22
ruthless	무자비한	36
rwanda	르완다	35
rythm	리듬	20
saber	'사브르'	32
sable	검은담비	30
sabotage	파괴  행위	36
sabrina	여자 이름 중 하나	34
saccharin	사카린	20
sack	해고하다	39
sacrament	성례	32
sacred	성스럽다	42
sacrifice	희생	43
saddle	안장	37
sadie	여자 이름	33
sadly	슬프게	42
sadness	슬픔	39
safeguard	지키다	36
safely	안전히	42
saffron	사프란	32
saga	전설	39
sage	현명한 사람	38
saiga	사이가	20
sail	배를 타고 가다	40
sailboat	범선	30
sailing	항해술	40
sailor	뱃사람	38
salad	샐러드	42
salamander	도롱뇽	28
salat	살라트	22
saliva	침	34
salivate	침을 많이 흘리게 하다	21
sally	여자 이름	40
salmon	연어	40
salon	객실	39
salty	짠	37
salvation	구원	40
salvia	꿀풀과의 여러해살이 풀	27
samantha	여자 이름	38
samarium	사마륨	19
samizdat	사미즈다트	18
samovar	사모바르	19
samsung	삼성	41
samuel	남자 이름	42
samurai	사무라이	36
sana	여자 이름	30
sanction	제재	34
sandal	샌들	29
sandalwood	백단	27
sandbank	사주	21
sandbox	모래를 담은 상자	30
sandra	여자 이름	38
sandstone	사암	36
sandwich	샌드위치	41
sandy	여자 이름	42
sane	건강한	37
sanguine	혈홍색	27
sapphire	사파이어	34
sara	여자 이름	40
sarajevo	사라예보	31
sarcasm	풍자	36
sarcastic	비꼬는	36
sardine	정어리	27
sars	중증 급성 호흡기 증후군	30
sash	허리띠	32
sasha	여자 이름	36
sashimi	회	26
sasquatch	사스콰치	27
satan	사탄	39
satiate	만족시키다	22
satire	풍자	36
satirical	풍자적인	34
satisfaction	만족	42
satisfied	만족한	43
satisfy	만족시키다	40
saturate	흠뻑 적시다	26
saturation	포화	34
saturn	토성	35
sausage	소시지	38
savage	아주 사나운	40
savanna	사바나	28
savannah	여자 이름	36
savvy	지식	36
sayonara	안녕	24
scabrous	거칠거칠한	19
scallop	가리비	28
scaly	비늘이 있는	28
scam	사기	39
scandal	추문	42
scandium	화학 원소 이름 '스칸듐'	19
scant	부족한	31
scar	상처	38
scarcely	거의	33
scare	겁주다	41
scarecrow	허수아비	31
scarf	목도리	37
scatter	흩어지다	34
scenic	경치 좋은	37
scent	향기	38
scepticism	회의론	29
schism	분리	30
schmo	덜 떨어진 사람	18
schnapps	슈납스	22
schoolboy	남학생	32
schoolgirl	여학생	31
schuman	독일어에서 유래한 성씨	24
scientifically	과학적으로	34
scientist	과학자	42
scientology	사이언톨로지	33
scissors	가위	36
scold	꾸짖다	28
scope	기회	43
scorpion	전갈	34
scouse	리버풀의	23
scout	정찰하다	40
scrap	폐품	39
scratch	긁다	42
scream	소리치다	41
screw	나사로 고정시키다	42
screwdriver	나사돌리개	31
scribble	갈겨쓰다	27
scripture	성전	38
scrupulous	신중한	26
scrutinise	~을 정밀하게 조사하다	22
scrutinize	세심히 살피다	28
scrutiny	정밀 조사	37
scuba	스쿠버 )	33
sculptor	조각가	33
sculpture	조각	39
scythe	대낫	28
seabed	해저	29
seabird	바다새	24
seafood	해산물	36
seagull	갈매기	30
seahorse	해마	25
seamless	솔기가 없는	33
seaplane	수상비행기	25
seashore	해안	29
seasoned	사람이 경험 많은	35
seawater	바닷물	31
seaweed	해초	32
sebaceous	지방질의	23
sebastian	남자 이름	39
sebum	피지	22
seclusion	격리	29
secretarial	비서직의	27
secretariat	사무국	34
sect	종교의 갈래	35
secular	비종교적인	40
securities	증권	42
sedative	진정제	30
sedition	폭동 선동	30
seemingly	겉보기에	41
seep	새다	28
seer	선견자	30
segregate	격리하다	27
seismic	지진의	35
seismologist	지진학자	19
seismology	지진학	23
seize	잡다	38
seizure	압류	37
seldom	드물게	36
selfish	이기적인	41
selfless	이타적인	33
semantic	의미론의	34
semen	정자	34
semester	(교육	40
semicolon	문장 부호 쌍반점	25
semiconductor	반도체	35
semifinal	준결승	32
seminar	세미나	38
semitic	셈족의 언어	36
senegal	나라 이름 세네갈	34
senile	노쇠한	30
sensation	감각	39
senseless	의식을 잃은	34
sensibility	감각	32
sensible	분별력이 있는	40
sensual	감각적인	34
sentiment	느낌	40
sentimental	느낌을 가진	35
seoul	대한민국의 수도 서울	39
separately	분리하여	41
separation	분리	41
separator	분리기	29
sequel	이어짐	40
sequelae	후유증	20
sequent	연속적인	19
sequential	순차적인	33
sequestration	가압류	29
sequoia	세쿼이아	28
seraph	천사	24
serbia	세르비아	37
serenade	세레나데	29
serendipity	우연한 발견	27
serene	차분한	33
serf	농노	24
sergeant	하사	41
serial	연속	42
serum	혈청	37
servant	종	41
serviceman	군인	26
servile	노예의	24
sesame	참깨속	35
setback	방해	34
settler	정착민	32
seventeen	숫자 17	39
seventeenth	열일곱째	34
seventh	일곱째	42
seventieth	일흔째	20
seventy	숫자 70	38
sever	<재산	32
severable	절단이 가능한	19
severance	단절	32
severely	엄격하게	41
severity	엄격함	37
sewer	하수관	36
sexism	남녀의 성에 따라 사회적	35
sexuality	성별	40
shade	그늘지게 하다	42
shaft	창	39
shahada	샤하다	20
shallow	얕게 하다	40
sham	가짜인	34
shameful	부끄러운	36
shameless	부끄러움을 모르는	34
shampoo	샴푸하다	36
shane	남자 이름	40
shanghai	상하이	40
shannon	여자 이름	38
shareholder	주주	36
shark	상어	41
sharon	여자 이름	39
sharply	급히	39
shave	면도하다	38
shawl	숄	32
shawn	남자 이름	38
shay	남자 이름	31
shear	가위	34
sheath	칼집	32
shed	발산하다	42
shedding	흘리기	34
sheen	광택	33
sheep	양	42
sheepskin	양가죽	25
sheer	완전한	40
sheila	여자 이름	36
shelby	여자 이름	36
shelf	선반	40
shelter	피난처를 제공하다	42
sheltered	보호된	35
shelve	보류하다	24
shepherd	셰퍼드	39
sherbet	셔벗	25
sheriff	옛 미국의 보안관	42
sherry	여자 이름	34
shinbone	정강이뼈	18
shine	빛나다	42
shinobi	시노비	25
shipper	발송인	30
shipwreck	난파	31
shirley	여자 이름	37
shiver	떨다	30
shoal	사주	29
shocking	충격적인	41
shoe	신	42
shoelace	신발끈	24
shogi	쇼기	20
shogun	쇼군	29
shopkeeper	점주	29
shoplifting	)에서 물건을 훔치기	30
shortage	결핍	39
shortcut	지름길	34
shorten	줄이다	34
shortening	제빵	32
shortfall	~  부족분	30
shorthand	속기	32
shorty	키가 작은 사람	33
shout	외치다	41
shove	아무렇게나 놓다	37
shovel	삽	35
showcase	전시하다	39
showman	흥행사	28
showroom	진열실	31
showy	눈길을 끄는	28
shred	자르다	33
shrew	뒤쥐	28
shrewd	상황 판단이 빠른	31
shrimp	새우	38
shrine	신성한 장소	37
shrivelled	시든	21
shroff	'주차장의 출납원'	22
shrub	관목	32
shrug	으쓱하다	33
shulman	슐만 및 슐먼	25
shun	꺼리다	32
shutdown	폐쇄	36
shutter	셔터	35
sichuan	중국의 성 이름 '사천'	30
sickle	낫	32
sickness	질병	38
sidewalk	인도	37
siege	포위	39
sieve	체	30
sigh	한숨 쉬다	40
sigma	그리스어 알파벳 'Σ	35
signatory	서명인	29
signature	사인	42
significance	중요	42
signify	뜻을 나타내다	32
sikkim	시킴 주	26
silhouette	실루엣	33
silicon	화학 원소 이름 '규소'	40
silk	비단의	41
silkworm	누에	24
sill	받침대	30
simferopol	심페로폴	23
similarity	유사	36
simone	여자 이름	36
simplification	간단화	30
simplify	단순화하다	35
simultaneous	동시의	35
simultaneously	동시에	42
sincere	진심이 어린	38
sincerely	진심으로	39
sine	삼각법의 사인	31
singly	혼자	27
singular	단수	37
sinister	불길하다	36
sink	가라앉다	42
sinner	죄인	34
siphon	사이펀	29
situate	…을  놓다	24
sixteen	숫자 16	40
sixteenth	열여섯째	34
sixtieth	예순째	22
sixty	숫자 60	39
skate	스케이트를 타다	37
skateboard	스케이트보드	32
skeletal	뼈대의	34
skeleton	골격	38
skeptical	의심 많은	37
skilled	익다	41
skillful	숙련된	31
skip	가볍게 뛰다	42
skirt	스커트	40
skull	뼈	41
skunk	스컹크	31
skyrocket	물가 등이 급등하다	28
skyscraper	마천루	32
skyward	하늘쪽으로	27
slammer	교도소	23
slander	비방하다	33
slanderous	중상적인	25
slang	속어	36
slash	칼로 자르다	36
slate	석판	38
slav	슬라브 민족	27
slava	구유고슬라비아공화국의 축제	23
slavery	노예제도	42
slavic	슬라브 민족의	32
slay	죽이다	34
sled	썰매	32
sleek	매끈한	33
sleepless	잠잘 수 없는	32
sleeplessness	불면	23
sleet	진눈깨비	28
slight	사소한	42
slimming	불가산  살 빼기	29
sling	무릿매	33
slingshot	새총	30
slip	미끄러지다	43
slipper	슬리퍼	31
slippery	미끄러운	36
slope	경사지다	39
sloppy	젖은	36
sloth	나무늘보	31
slowdown	감속	31
slug	민달팽이	33
slum	빈민가	32
slump	흘러내림	34
smallness	작음	22
smallpox	천연두	33
smartphone	스마트폰	41
smash	던져서 부수다	41
smite	치다	29
smog	스모그	30
smoothly	부드럽게	37
smuggle	밀수하다	31
snack	간식	39
snag	잡아채다	33
snail	달팽이	37
snake	꿈틀대다	42
snakehead	가물치	19
snare	덫으로 잡다	32
snatch	붙잡다	35
sneak	고자질쟁이	40
sneaky	야비하다	35
sneeze	재채기하다	32
sniff	콧방귀를 뀌며 말하다	34
sniper	저격수	37
snore	코를 골다	28
snowboard	스노우보드	30
snowfall	강설	32
snowman	눈사람	32
snowstorm	눈보라	29
snowy	눈에 덮인	35
soak	적시다	36
soap	비누	42
soar	높이 솟다	34
soba	일본의 메밀국수	25
sober	정신이 들게 만들다	39
socialism	사회주의	39
socialist	사회주의자	42
socialistic	사회주의의	23
societal	사회의	36
sociology	사회학	38
sock	쥐어박다	36
sodium	화학 원소 이름 '나트륨'	39
sofa	소파	38
soften	연약	34
softly	부드럽게	38
soju	소주	23
sole	혼자의	43
solely	오로지	42
solemn	엄숙한	34
solemnly	진지하게	30
solicitation	간원	32
solidarity	연대	39
solidify	굳어지다	30
soliloquy	혼잣말	24
solitary	혼자의	37
solitude	고독	34
solvency	지불능력	27
somalia	나라 이름 소말리아	37
somber	sombre의 미국식 표기	30
sombre	우울한	28
someday	어느 날에	40
sometime	언젠가	42
sonnet	소네트	30
sonorous	듣기 좋은	23
sonya	여자 이름 소냐	31
soothe	가라앉히다	32
sophia	여자 이름	37
sophie	여자 이름	39
sophisticated	정교한	40
sophomore	2학년 학생	37
sophomoric	2년생의	21
sorbet	셔벗	26
sorcerer	마법사	31
sore	아픈	40
sorghum	수수	28
sorrow	슬퍼하다	37
sorrowful	슬퍼하고 있는	27
soundly	푹	30
soundness	건강	26
soundproofing	방음	21
soup	국	42
sour	신	39
sourness	신맛	20
southerner	남쪽지역에 사는 사람	26
southwest	남서쪽	41
southwestern	서남의	36
souvenir	기념품	34
sovereign	군주	40
sovereignty	주권	39
soya	콩	27
soybean	콩	31
spacecraft	우주선	38
spaceship	우주선	34
spacious	공간이 넓은	34
spade	삽	33
spaghetti	이탈리아의 국수	36
span	기간	41
spare	절약하다	43
spark	활기	40
sparkle	빛나다	34
sparrow	참새	35
spartan	스파르타  의	34
spatial	공간의	38
spawn	낳다	34
spear	창	37
spearhead	선두에 서다	28
specialise	특화하다	28
specialist	전문가	43
specialty	전문	39
specification	명세서	38
specify	명시하다	38
specimen	견본	37
spectacular	이목을 끄는	41
spectacularly	이목을 끌 정도로	30
spectator	구경꾼	35
spectre	~  불안	32
speculation	추측	40
speedily	빨리	28
speedy	빠른	36
spelling	철자법	40
sperm	정자	38
sphere	구	39
spherical	공모양의	34
sphincter	괄약근	28
sphinx	스핑크스	30
spice	향신료	39
spicy	매운	38
spider	거미	42
spiderweb	거미줄	20
spiffy	깔끔한	24
spike	큰 못	40
spill	흐르다	38
spinach	시금치	35
spinal	척골의	38
spine	척추	39
spinoff	파생적인	32
spiritualism	정신에 관한 이론	26
spiritually	정신적으로	33
spit	침을 뱉다	38
spite	나쁜 것	40
spittoon	타구	18
spleen	지라	31
splendid	멋지다	38
splurge	과시하다	29
spoil	망치다	38
spokesman	대변인	38
spokesperson	대변인	36
spokeswoman	여자 대변인	31
sponge	해면	36
spongiform	해면 모양의	20
sponsor	보증인	40
spontaneous	자발적인	37
spontaneously	자발적으로	33
spoon	숟가락질하다	39
sporadic	이따금 일어나는	33
spork	숟가락포크	21
spousal	결혼의	29
spouse	배우자	40
spout	지껄이다	31
spree	무분별한 행위	36
sprinkle	뿌리다	34
sprout	싹이 트다	31
spruce	가문비나무	34
spunk	사정하다	27
spunky	용감하다	25
spurious	거짓된	30
spurt	분출하다	28
squally	날씨가 돌풍이 부는	18
squander	낭비하다	27
squelch	억누르다	24
squid	오징어	34
squirrel	청설모	37
squirt	짧고 빠른 줄기	32
squirting	무언가를 분사하는 행위	28
stab	찌르다	38
stabilization	안정	33
stabilize	안정시키다	35
stack	쌓다	40
staged	일부러 꾸민	38
stagger	비틀거리며 걷다	28
staggered	시차를 둔	32
staging	상연	36
stagnant	활기 없는	33
stain	얼룩지게 하다	37
stainless	녹슬지 않는 강철	38
stair	건물의 층	33
stakeholder	건 돈을 맡는 제삼자	30
stalactite	종유석	18
stale	신선하지 않은	34
stall	교착 상태에 빠뜨리다	38
stallion	거세하지 않은 수말	32
stamp	도장을 찍다	41
stance	~   입장	40
standardize	표준화하다	27
standoff	교착상태	31
standpoint	견지	36
stanley	남자 이름	42
staple	주가 되는 음식	37
stapler	호치키스	25
stare	응시	39
starfish	불가사리	30
starling	찌르레기	30
starship	우주선	33
startle	깜짝 놀라다	27
starvation	기아	35
stateless	국적이 없는	28
stately	당당하게	31
statesman	정치가	35
statesmanship	정치력	22
static	정적인	40
stationery	문방구	33
statism	국가주의	22
statistic	통계 연구의 단일 항목	34
statue	조각상	41
statuette	작은 조각상	26
stature	지명도	34
statute	규칙	38
statutory	법정의	38
staunch	확고한	32
stead	장소	32
steadfast	확고한	31
steadfastly	일관해서	27
steadfastness	확고함	23
steadiness	안정	23
steak	스테이크	40
stealthily	은밀하게	26
stealthy	은밀한	28
steamboat	증기선	30
steamship	증기선	31
steep	깊이 스며들게 하다	40
steer	조종하다	37
stella	여자 이름 스텔라	37
stench	악취	31
stepfather	계부	32
stephanie	여자 이름	38
steppe	초원	28
stepwise	단계적인	23
stereotype	고정관념	34
sterile	땅이 기름지지 않은	34
sterilization	살균	31
stern	선미	39
sternly	엄격하게	26
sternum	가슴뼈	28
stethoscope	청진기	27
steven	남자 이름	42
stevia	스테비아	25
stew	스튜	35
sticky	끈적끈적하다	38
stiff	시체	39
stigma	낙인	37
stimulate	자극하다	37
stimulus	자극	38
sting	쏘다	38
stingy	구두쇠의	30
stink	고약한 냄새가 나다	35
stipend	장학금	30
stipendiary	장학금을 받는	20
stipulate	<계약서	28
stipulation	조항	29
stir	휘젓다	40
stirrup	귓속뼈의 등자뼈	24
stitch	바느질하다	36
stocking	양말	35
stockist	판매점	18
stodgy	따분한	22
stoop	허리가 굽다	31
stoplight	교통 신호등	23
stoppage	조업 중단	32
storehouse	창고	27
storeroom	저장실	26
storey	층	36
stork	황새	29
stormy	폭풍의	35
stout	뚱뚱한	34
stove	화로	37
strain	긴장시키다	42
strained	부자연스러운	35
strainer	여과기	26
straitjacket	구속복	24
strand	좌초시키다	37
stranger	낯선 사람	43
strangle	교살하다	30
strangulation	교살	28
stratum	지층	27
straw	짚	40
strawberry	딸기	37
strawman	밀짚 인형	21
stray	길을 잃다	37
streetlight	가로등	24
strengthen	강하게 하다	40
stretcher	허풍	32
strict	엄격한	42
strictly	엄격히	42
stride	걸음]	34
stringent	엄중한	34
stripe	줄무늬를 넣다	35
strive	노력하다	37
stroke	쓰다듬다	43
stronghold	요새	34
structural	구조상의	42
strychnine	스트리키니네	24
stubborn	완고한	38
stuffed	잔뜩 먹은	40
stuffy	건물・방 등이  답답한	30
stun	기절시키다	34
sturdy	견고한	34
sturgeon	철갑상어	33
subcontract	하도급	23
subcontractor	하도급 업자	27
subculture	하위문화	30
subdue	복종시키다	31
subfamily	아과	26
subjective	주관의	38
subjugate	정복하다	25
sublease	전대	21
sublimation	승화	25
sublime	숭고한	35
submarine	해저의	38
submission	제출	41
submissive	순종적인	32
submit	굴복하다	43
subordinate	~  부차적인	34
subpar	인습 혹은 표준보다 적은	26
subpoena	소환장	33
subscribe	예약하다	40
subscriber	구독자	35
subscription	기부	41
subsequently	그 뒤에	42
subset	부분집합	35
subsidiary	자회사	39
subsidize	보조금을 주다	29
subsidy	보상금	36
subsist	존속하다	26
subsistence	존재	31
substance	물질	42
substandard	표준  이하의	30
substantially	상당히	40
substantiate	실증하다	28
substantive	현실적인	34
substitute	대신하다	42
subsume	포함하다	20
subterranean	지하의	31
subtitle	부제목	32
subtle	미묘한	41
subtlety	섬세함	31
subtract	빼다	31
suburb	교외	38
suburban	교외의	39
subversive	체제 전복적인	32
subway	지하철	40
succeed	성공하다	43
successive	연속적인	38
successor	후임자	40
succinct	간결한	29
succinctly	간결하게	28
succor	구원	22
succour	구원	23
succumb	굴복하다	31
sucker	잘 속는 사람	36
sudan	아프리카의 나라 이름 수단	39
suffice	충분하다	35
sufficiency	충분한 자격	30
suffix	접미사	30
suggestion	제안	42
suggestive	~   연상시키는	32
suitcase	여행가방	36
sulfur	화학 원소 이름 '황'	34
sulphur	화학 원소 이름 '황'	32
sultry	무더운	30
sumac	수마크	23
summon	소집하다	36
summoner	소환사	23
summons	소환장	35
sumo	스모	31
sunbathing	일광욕	28
sundial	해시계	25
sundown	일몰	30
sunflower	해바라기	34
sunglasses	선글라스	37
sunlight	햇빛	39
sunny	화창한	41
sunrise	해돋이	38
sunset	해넘이	40
sunshine	햇빛	42
superannuation	연금	30
superb	아주 뛰어나다	40
superbly	최상으로	30
supercomputer	슈퍼컴퓨터	28
supercontinent	초대륙	19
superficial	피상적인	36
superfluous	남는	30
superintendent	관리인	40
superiority	우세	36
superlative	최상급	28
superman	초인	40
supermarket	식료품	38
supermassive	매우 무거운	25
supermodel	슈퍼모델	31
supermoon	슈퍼문	20
supersede	대신하다	27
superstar	슈퍼스타	38
superstition	미신	32
superstitious	미신의	31
supervise	감독하다	33
supervision	감독	39
supervisor	상관	40
supine	등을 대고 누운 자세	24
supplant	대신하다	26
supplement	대체	40
supplier	공급자	38
supporter	후원자	41
supposedly	아마	40
suppress	억압하다	37
suppression	억압	37
surcharge	~  추가 요금	31
surf	파도를 타다	39
surge	~  급증	38
surgeon	외과의	41
surgical	외과의	40
surgically	외과의 방식으로	31
surinam	수리남	22
suriname	수리남	26
surmise	추측하다	27
surmount	정복하다	22
surname	가족의 성	35
surpass	초과하다	34
surplus	과잉	39
surrender	굴복하다	41
surreptitious	은밀한	23
surreptitiously	남의 눈을 속여	27
surround	에워싸다	38
survivor	생존자	40
susan	여자 이름	42
susceptibility	민감성	31
susceptible	영향이나 감동을 받기 쉬운	37
sushi	초밥	37
suspend	걸다	37
suspension	지불 정지	42
suspicious	의심스러운	41
sustain	받다	39
sustainable	지속 가능한	42
sustained	지속된	42
suva	피지의 수도 이름 '수바'	24
swallow	삼키다	39
swamp	늪	38
swan	백조	38
swarm	떼 지어 다니다	34
swaziland	나라 이름 스와질란드	28
swearing	욕	35
sweat	땀	41
sweater	스웨터	38
swedish	스웨덴어	42
sweep	쓸다	40
sweepstake	독점 내기	20
sweetener	감미료	29
swell	부풀다	36
sweltering	무더운	26
swift	재빠르다	42
swiftly	재빨리	35
swim	헤엄치다	42
swimmer	수영하는 사람	35
swimsuit	수영복	33
swine	돼지	35
swirl	빙빙 돌다	32
swiss	스위스인	42
switzerland	나라 이름 '스위스'	42
swoon	실신	29
swordsman	검술가	28
swore	swear의 과거형	35
sworn	선서를 하고 한	39
syllable	음절	33
syllogism	삼단논법	21
sylvia	여자 이름	36
symbiosis	공생 관계	27
symbiotic	공생하는	29
symmetry	대칭	35
sympathy	동정	40
symphony	교향곡	38
symposium	토론회	36
synagogue	시나고그	34
synchronous	동시의	30
syndicate	팔다	35
syndication	연합체	28
syndrome	증후군	42
synonym	동의어	31
synonymous	같은 의미의	35
synonymy	같은 뜻이 되는 것의 질	23
synopsis	간추린 말	34
syntax	통사론	35
synthesis	합성	38
synthesize	) 합성하다	29
synthetic	합성한	40
syphilis	매독	31
syringe	주사기	33
syrup	물약	38
systematic	체계적인	39
systematize	체계화하다	19
tabasco	타바스코 주	26
tabitha	여자 이름	28
tablet	알약	40
taboo	금기의	35
tacit	묵시적인	29
tactic	전략	37
tactics	전술	42
tadpole	올챙이	25
taekwondo	태권도	28
tagalog	타갈로그인	28
taiga	타이가	26
tailgate	차량 후면에 있는	30
taint	더립히다	30
taiwan	나라 이름 대만	40
taiwanese	대만인	33
tajikistan	타지키스탄	31
takeover	기업 인수	37
takoyaki	문어빵	18
tale	이야기	43
taliban	탈레반	37
talkative	이야기좋아하는	30
tamarind	타마린드	26
tambourine	탬버린	26
tamper	손대다	29
tandem	2인용 자전거	35
tangent	삼각법의 탄젠트	32
tangerine	탄제린	29
tangible	만져서 알 수 있는	37
tantalum	탄탈럼	24
tapestry	태피스트리	32
tapu	금기	22
tara	여자 이름	37
tarantula	타란튤라	27
tariff	관세	35
tarmac	포장하다	30
tarnish	흐려지다	28
tarpaulin	타프	24
tarsal	발목뼈	21
tassel	땋거나 얽힌 실뭉치로	27
tasty	맛있는	38
tatami	다다미	22
tatar	타타르족	28
tatarstan	타타르스탄	22
tattoo	문신	41
tavern	선술집	36
taxable	돈이 과세되는	34
teal	청록색인	32
teapot	찻주전자	29
tease	놀리다	36
teaser	영화	35
teasing	놀림	36
teaspoon	찻숟가락	33
teat	젖꼭지	25
technetium	테크네튬	21
tedious	지루한	35
teem	많다	21
teenage	청소년의	41
teenager	십대	41
telecast	특히  텔레비전 방송	31
telegram	전보를 치다	36
telegraph	전신	40
telescope	망원경	38
temper	성질	38
tempera	템페라	24
temperament	기질	34
temperate	온난한	33
tempt	꾀다	32
temptation	유혹	37
tempting	유혹적인	36
tenancy	차용권	31
tenant	세입자	38
tendency	경향	40
tender	입찰	41
tenet	주의	30
tenno	천황	19
tense	시제	40
tension	긴장	42
tent	텐트	40
tentative	잠정적인	34
tentatively	시험적으로	31
tenth	열째	39
tenure	재임 기간	39
teresa	여자 이름	37
terminate	끝나다	36
termination	마침	37
terminology	용어	37
terminus	종착역	32
terrestrial	지상의	35
terror	폭력을 쓰는 일	43
terrorism	공포주의	42
terry	남자 이름	42
tess	여자 이름	32
testament	기독교의 성서	41
testify	증언하다	38
testimonial	추천서	31
testimony	증언	42
testosterone	남성 호르몬 테스토스테론	36
tethering	테더링	23
textbook	교과서	38
textile	직물	38
thailand	동남아시아의 나라 이름	42
thanatos	죽음의 신	22
thankful	고마운	39
thankfully	고맙게	38
thankfulness	감사	24
thankless	감사할 수 없는	26
thanksgiving	감사함	40
theatrical	극장의	37
theft	도둑질	41
theism	유신론	26
thematic	주제의	33
theo	남자 이름	37
theodore	남자 이름	37
theological	신학의	38
theology	신학	39
theorem	정리	37
theoretical	이론적인	40
theoretically	이론적으로	36
theosophy	신지학	22
therapeutic	치료상의	38
therapeutics	치료학	32
thereafter	그 후에	40
therefor	그것을 위해	29
therein	그 안에	34
thereof	그것의	37
theresa	여자 이름	37
thereto	그것에	29
therewith	그것과 함께	25
thermal	열의	40
thermometer	온도계	32
thermos	보온병	26
thermosphere	열권	18
thesaurus	유의어 사전	29
theta	그리스어 알파벳 'Θ	32
thickness	두께	38
thief	도둑	39
thigh	넓적다리	37
thinker	생각하는 사람	34
thirst	목마름	36
thirsty	목마른	37
thirteen	숫자 13	39
thirteenth	열셋째	34
thirtieth	서른째	25
thither	yonder의 동의어	25
thorn	가시	35
thou	이인칭 단수 주격	42
thoughtful	생각이 깊은	38
thoughtless	부주의한	29
thousandth	천째	26
threaten	위협하다	39
threshold	출발점	40
thrift	절약	34
thrifty	검소한	29
thrive	잘 자라다	37
throne	왕이 앉는 자리	41
thrust	쑤셔 넣다	39
thumb	엄지손가락	40
thumbelina	엄지공주	19
thumbprint	엄지손가락 지문	22
thunder	천둥	41
thunderbolt	천둥과 번개	31
thunderstorm	뇌우	32
thwart	좌절시키다	31
tibia	정강이뼈	29
tick	진드기	38
tickle	간질이다	32
tide	조석	40
tidy	단정하다	35
tier	단계	42
tiffany	여자 이름	36
tightly	꽉	38
tilapia	틸라피아	26
tilt	기울다	37
timber	목재	40
timeout	중간 휴식	32
timetable	시간표	34
timid	소심한	32
timidity	소심	23
timmy	남자 이름	33
timothy	남자 이름	38
tinge	가미하다	28
tinker	땜질하다	33
tinkle	딸랑거리다	24
tipi	아메리카 인디언의 천막	22
tiptoe	발끝으로 걷다	26
tire	피로하게 하다	40
tiresome	지루한	31
titillate	간질이다	19
titmouse	박새	19
toad	두꺼비	33
tobacco	담배	42
todd	남자 이름	41
toenail	발톱	26
tofu	두부	33
togo	나라 이름 토고	30
toil	일하다	30
tokelau	나라 이름 토켈라우	20
tokio	일본의 수도 도쿄	25
tokyo	일본의 수도 도쿄	43
tolerance	용인	41
toll	을) 울리다	41
tomato	토마토	38
tomb	묘	39
tomboy	남자처럼 행동하는 소녀	28
tommy	남자 이름	42
tonga	나라 이름 통가	31
tonsil	편도선	24
tooling	공작 기계 일체	30
toon	만화	30
toot	운전하다	30
tooth	이	41
toothbrush	칫솔	34
toothless	이가 없는	30
toothpaste	치약	34
toothpick	이쑤시개	28
toots	이봐요	26
topaz	황옥	29
topography	지리	33
topology	위상 기하학	32
topple	쓰러지다	30
torch	횃불	37
torment	고통	34
tormentor	괴로워하는 사람	23
tornado	회오리바람	38
torpedo	어뢰	34
torrent	격류	34
tort	불법 행위	31
tortilla	토르티야	31
tortious	불법 행위의	21
torture	고문하다	42
toss	던지다	39
toucan	투칸	24
toupee	가발	22
tourist	여행객 석의	42
tout	손님을 끌다	32
towel	수건	39
township	면	40
toxic	독성의	42
toxicity	불가산 유독성	36
toxin	독소	33
tract	넓이	37
trademark	상표	39
traditionally	전통적으로	41
tragedy	비극	41
tragic	비참한	41
tragically	비참하게	33
trajectory	궤도	36
tram	전차	35
tramway	전차	28
trance	정신이 혼미한 상태	35
tranquil	조용한	31
transact	거래하다	27
transaction	거래	42
transcribe	베끼다	27
transcript	필기록	37
transcription	필사	35
transferable	이동 가능한	31
transferee	양수인	21
transform	변형시키다	40
transformation	탈바꿈	42
transfusion	수혈	31
transgender	트랜스젠더	39
transient	일시적으로 머무르는	34
transistor	트랜지스터	32
transitory	일시적인	27
translate	번역하다	39
translator	번역가	37
transliteration	음역	24
translucent	반투명의	32
transmit	~    전송하다	37
transnational	초국가적인	32
transparency	투명성	39
transparent	투명한	40
transplant	이식	38
transplantation	이식	32
transpose	뒤바꾸다	25
transsexual	성전환증 환자	30
traveller	여행자	35
travers	남자 이름	31
traverse	가로지르다	34
travis	남자 이름	40
tray	쟁반	38
tread	밟다	35
treason	반역	38
treasure	보물	42
treatise	연구서	34
treetop	나무꼭대기	22
tremendous	엄청난	41
trevor	남자 이름	39
trey	남자 이름	34
triangle	세모	39
triathlon	트라이애슬론	32
tribe	부족	41
tribunal	법정	39
tributary	지류	32
tribute	공물	42
trickle	조금씩 흐르다	32
trifling	하찮은	27
trigger	일으키다	42
trigonometry	삼각법	28
trillion	1조	38
trim	다듬다	39
trimester	학기	31
tripartite	3자간의	28
tristan	남자 이름	34
triton	트리톤	30
triumph	승리하다	40
trivial	사소한	37
troika	트로이카	25
troop	대	37
tropical	열대의	42
troubleshooting	고장의 수리	30
troublesome	골칫거리인	34
troupe	극단	32
trout	송어	38
troy	고대 그리스의 도시 이름	40
trumpet	트럼펫을 불다	36
trumpeter	트럼펫연주자	27
trunk	식물의 줄기	40
truthful	진실의	34
tsar	차르	32
tsetse	체체파리	23
tsunami	쓰나미	35
tsundere	츤데레	22
tuberculosis	결핵	36
tuition	수업료	40
tulip	튤립	32
tuna	참치	36
tundra	툰드라	31
tune	곡	43
tungsten	화학 원소 이름 '텅스텐'	31
tunisia	나라 이름 튀니지	36
turbid	혼탁한	22
turd	똥	32
turkmenistan	투르크메니스탄	30
turku	투르쿠	23
turnover	매출총액	38
turpitude	대단히 부도덕한 행위	21
turquoise	터키석	33
turret	작은 탑	34
turtle	거북이	39
tutor	가정교사	37
tutorial	교습	38
tuvalu	나라 이름 투발루	23
tweak	잡아당기다	33
twelfth	열두째	35
twentieth	스무째	38
twilight	어스름한	38
twist	비틀다	42
tycoon	대군	32
tyler	남자 이름	42
typewriter	타자기	33
typhoid	장티푸스	29
typhoon	태풍	36
typo	오자	33
ugliness	못생김	30
ulcer	궤양	30
ulna	자뼈	24
ulterior	숨은	29
ultimatum	최후통첩	32
ultraviolet	자외선의	33
umbrella	우산	39
umlaut	움라우트	20
unabridged	생략되지 않은	26
unaccountable	책임이 없는	27
unambiguous	명백한	29
unambiguously	확실히	27
unanimous	만장일치의	37
unanimously	만장일치로	36
unavailable	만날 수 없는	36
unavoidable	어쩔 수 없는	34
unbecoming	어울리지 않는	26
unbeknownst	~가 모르는	28
unbelievable	믿을 수 없는	41
unblemished	흠집 없는	24
unboxing	상자 개봉	25
unburden	부담을 없애다	20
uncertain	불확실한	40
uncharacteristic	특징이 없는	26
uncivil	무례한	23
uncomfortable	불편한	42
uncompromising	비타협의	31
unconcerned	무관심한	27
unconditional	무조건의	35
unconditionally	무조건으로	32
unconditioned	임의의	20
unconscionable	비양심적인	28
unconscious	무의식의	39
unconsciousness	무의식	27
uncontested	반대가 없는	28
uncontrolled	통제되지 않은	32
uncountable	셀 수 없는 것	24
uncredited	신용을 얻지 못한	25
undecided	결정되지 않은	32
undefended	방비가 없는	23
undefined	정의되지 않은	30
undercover	비밀리에 하는	38
underestimate	과소평가하다	37
undergarment	속옷	20
undergo	받다	38
undergraduate	대학생	38
underlie	기저를 이루다	27
underline	강조하다	30
undermanned	인원이 부족한	21
undermine	침식시키다	36
underneath	아래에	41
undernourished	영양이 좋지 못한	23
underpants	바지 밑에 입는 옷	29
underpayment	미지급금	20
underpin	) 뒷받침하다	27
undershirt	윗몸에 입는 내복	23
undersigned	서명인	25
understandable	이해할 수 있는	37
understate	삼가면서 말하다	23
undertake	맡다	37
undertaking	가산  일	37
undertow	되돌아가는 물결	24
undesirable	원하지 않은	34
undo	풀다	36
undoubtedly	의심	39
undress	옷을 벗다	29
undue	지나친	33
unduly	지나치게	30
unearth	땅에서 파내다	27
unemployed	실업자	39
unemployment	실업	42
unencumbered	방해가 되는 것이 없는	26
unenthusiastic	열정	22
unequivocal	명백한	29
unequivocally	모호하지 않게	31
unerring	잘못을 범하지 않은	23
unerringly	정확히	19
unexpected	기대하지 않은	42
unexpectedly	뜻밖에	37
unfair	부정한	42
unfamiliar	익숙지 않은	36
unfettered	제한받지 않는	29
unfinished	끝나지 않은	37
unforgettable	잊을 수 없는	35
unfortunate	불운한	41
unfounded	근거가 없는	32
ungrammatical	비문법적인	20
ungrateful	감사와 은혜를 모르는	33
unhappily	불행하게	26
unhappiness	불행	32
unhappy	행복하지 않은	41
unhealthy	건강하지 않은	37
unhindered	아무 방해를 받지 않는	25
unicellular	단세포의	22
unicode	유니코드	29
unicycle	외발자전거	24
unilateral	일방적인	34
unilaterally	일방적으로	31
unimaginable	상상도 할 수 없는	32
uninterested	무관심한	30
uninterrupted	중단되지 않는	32
unity	여럿을 하나로 함	42
univers	우주	22
unkind	불친절한	30
unlawful	불법적인	37
unlimited	끝이 없는	41
unload	짐을 내리다	32
unlucky	불행한	36
unmanned	사람이 타지 않은	33
unmitigated	순전한	26
unnecessary	불필요하다	42
unofficial	비공식적인	37
unpainted	칠이 되지 않은	24
unpleasant	유쾌하지 않은	38
unpleasantly	유쾌하지 않게	23
unpleasantness	유쾌하지 않음	25
unqualified	무자격의	32
unravel	풀다	32
unreasonable	비이성적인	38
unrecorded	기록되지 않은	25
unrest	불안	36
unrestricted	제한되지 않은	33
unruly	휘어잡을 수 없는	31
unsafe	위험한	37
unscrupulous	부도덕한	31
unseemly	행동 등이 꼴사나운	27
unsettled	고정되지 않은	32
unsolicited	청하지 않은	32
unstable	불안정한	39
unsubstantiated	근거 없는	29
unsure	확실하지 않은	38
unsuspecting	의심하지 않는	31
unsustainable	지속 불가능한	32
untimely	시기를 틀린	31
untroubled	곤혹되지 않은	23
unusable	쓸 수 없는	30
unused	쓰지 않는	36
unverified	증명되지 않은	27
unwavering	변함없는	30
unwrap	뜯다	26
unyielding	구부러지지 않는	27
upbeat	긍정적인	35
upcountry	내륙 지방	20
uphold	지지하다	35
upland	고지	31
uplink	업링크	27
upload	게시하다	40
upright	똑바른	37
uproot	뿌리째 뽑다	26
upshot	결과	27
upside	윗면	40
upsilon	그리스어 알파벳 'Υ	20
upstairs	위층	39
upstream	상류	36
uptempo	빠른	23
upward	위로의	37
upwards	위로	38
uranium	화학 원소 이름 '우라늄'	38
uranus	천왕성	30
urbane	도시의	25
urbanization	도시화	30
urea	요소	28
urethra	요도	28
urge	몰아대다	41
urgency	긴급	36
urgent	급한	42
urgently	긴급히	35
urine	오줌	38
uruguay	나라 이름 '우루과이'	37
usefulness	유용성	33
useless	쓸모없는	42
uselessly	쓸모없이	23
usurp	빼앗다	27
uterus	자궁	34
utilise	활용하다	30
utility	실용적인	43
utilization	이용	35
utmost	최고의	36
utter	철저한	38
uzbekistan	나라 이름 우즈베키스탄	32
vacant	빈	38
vacate	무효로 하다	31
vaccinate	백신을 접종하다	27
vaccination	예방 접종	36
vaccine	백신	40
vacuum	진공	41
vagabond	방랑의	28
vagina	질	38
vaginal	질의	34
vague	흐릿한	39
vagueness	모호함	26
vain	헛된	37
vainly	헛되게	24
vakil	변호사	18
valdez	밸디즈	30
valentina	여자 이름 발렌티나	31
valiant	용맹한	33
validate	효력을 발생시키다	34
validity	타당성	37
validly	유효하게	25
valuation	평가	38
vamp	가죽을 대다	29
vampire	흡혈귀	40
vanadium	화학 원소 이름 '바나듐'	26
vandalism	반달리즘	33
vanessa	여자 이름	37
vanguard	전위	35
vanilla	바닐라	38
vanish	사라지다	34
vanity	헛된 욕심	37
vanuatu	나라 이름 바누아투	28
vapor	끓는 물에서 나는 김	36
variable	변수	41
variance	변화	34
variation	기존의 것과 다름	41
varied	여러 가지의	40
vary	바뀌다	42
vase	꽃병	35
vastly	대단히	36
veal	송아지 고기	31
vegetable	채소의	39
vegetarian	채식주의자	38
vegetation	초목	38
vehement	격하다	26
vehemently	열광적으로	32
vein	정맥	38
velocity	속도	39
velvet	벨벳	38
velvety	벨벳같은	27
vendee	사는 사람	19
vendor	매도인	38
venereal	성병의	25
venom	독을 넣다	36
venomous	독선을 가진	31
ventilation	통풍	36
ventral	배의	31
venue	행위의 현장	42
venus	사랑의 여신 비너스	38
vera	여자 이름	37
verb	동사	37
verbal	낱말의	39
verbatim	말 그대로 옮김	31
verdict	법적 판결	40
verge	길가	37
verifiable	증명할 수 있는	29
verification	확인	37
verify	확인하다	39
verily	진정으로	28
verity	진리	28
vermin	해를 입히는 야생 동물	30
vernacular	사투리	32
veronica	여자 이름	36
versatile	다용도의	37
verse	시	42
vertical	세로의	42
vessel	배	43
vest	속옷	37
vestibule	현관	27
veteran	베테랑	42
veterinary	가축병 치료와 관련된	38
veto	반대표	36
viable	실행 가능한	40
vibe	사람	39
vibrant	활기찬	37
vibrate	떨다	31
vibration	진동	36
vicarious	대리의	26
viceroy	부왕	31
vicinity	근방	38
vicious	악덕의	38
vicki	여자 이름	32
vicky	여자 이름	34
victor	남자 이름	42
vide	<…을> 보라	29
vignette	소품문	26
vigor	구속력	30
vigorous	정력적인	35
vigorously	발랄하게	34
vilify	비방하다	24
villa	별장	42
villager	마을사람	29
vilnius	빌뉴스	28
vincent	남자 이름	41
vinegar	식초	36
vineyard	포도원	35
vintage	포도 생산	42
violate	위반하다	38
violation	위반	42
violet	자주의	38
violin	바이올린	37
viral	바이러스의	41
virtu	vertu의 다른 형태	19
virtue	선	39
virtuous	도덕적인	32
viscous	액체가 끈적거리는	29
visitor	방문자	40
vista	시야	37
vitality	활력	34
vitriolic	날카로운 언변을 보이는	26
vixen	암여우	29
vladivostok	블라디보스토크	26
vocabulary	낱말	38
vocal	소리가 나는 또는 있는	42
vocative	호격	19
vodka	보드카	38
void	계약・합의 등이 무효의	40
voidable	무효로 할 수 있는	18
volatile	휘발성의	37
volatility	휘발성	35
volcano	화산	38
volgograd	볼고그라드	28
volleyball	배구	38
voltage	전압	40
voltmeter	전압계	20
voluntary	임의의	40
vomit	토하다	35
voraciously	게걸스레 먹어	21
voter	투표하는 사람	41
vowel	모음	33
voyage	주로 긴 여행	39
vulgar	저속한	35
vulnerability	상처받기 쉬움	37
vulnerable	상처받기 쉬운	42
vulture	콘도르	32
vulva	여자의 성기	27
wager	내기	34
wagon	짐마차	39
wagtail	할미새	20
waist	허리	40
waiter	호텔	36
waitress	호텔	36
waive	포기하다	32
waiver	포기	35
walkout	동맹파업	28
wallah	사람	20
wallet	지갑	42
wallpaper	벽지	37
walnut	호두나무	36
walrus	바다코끼리	30
waltz	왈츠	34
wanda	여자 이름	33
wander	떠돌다	37
wane	작아  지다	28
wank	자위하다	29
wanker	재수 없는 사람	30
wardrobe	옷장	38
ware	물건	36
warehouse	창고	41
warfare	전쟁	40
wariness	전쟁 없는	22
warlike	호전적인	27
warlock	마녀술을 행하는 남성	30
warn	~ 에게  경고하다	40
warped	비틀어진	34
warrant	정당하게 만들다	42
warranty	보증 조항	37
warrior	투사	42
warship	군함	32
wart	사마귀	28
warthog	혹멧돼지	25
wasabi	와사비	28
washroom	화장실	28
wasp	말벌	34
wassail	향연	18
wasteland	불모지	32
watchman	경비원	30
watchword	표어	22
waterbed	물침대	20
waterfall	폭포	35
waterfowl	물새	29
watermelon	수박	34
waterproof	방수의	36
waterway	수로	32
waterwheel	물레방아	19
wavelength	파장	34
waver	동요하다	28
wavy	떨리는	32
waxwork	밀랍 인형	20
wayfarer	도보 여행자	24
weakness	약함	42
wean	이유시키다	27
wearisome	지겨운	20
weasel	족제비	32
weave	실로 천을 짜다	35
weekday	평일	33
weep	눈물을 흘리다	34
weevil	바구미	27
weigh	무게를 재다	40
weightlifting	역도	30
welder	용접공	29
wench	여자	27
werewolf	늑대인간	33
wetness	젖어 있는 상태	26
whale	고래	40
whaler	고래잡는 사람	24
whaling	고래잡이	33
wharf	선창	35
whatsoever	…하는 무엇이든	40
wheat	밀	40
wheelbarrow	외바퀴 손수레	27
wheelchair	휠체어	39
wherein	거기서 …하는 바의	38
wherever	…한 모든 경우에	43
whichever	어느 쪽이든 …한 것	37
whine	비난하다	33
whip	채찍질하다	40
whirl	회전하다	30
whirligig	빙빙 도는 것	18
whisker	구레나룻	26
whiskey	위스키	38
whisky	위스키	36
whisper	속삭이다	37
whistle	휘파람 불다	39
whiteboard	흰색 칠판	29
whiten	하얗게 하다	24
whiteness	하양	30
whitney	성에서 유래한 남성 이름	37
wholesale	도매	40
wholesome	건강에 좋은	35
whore	몸 파는 여자	39
wicked	사악하다	40
wickedness	사악	29
wicker	작은 가지	30
widespread	광범위하게 걸친	42
widow	과부	41
widower	홀아비	30
widowhood	홀어미생활	22
width	폭	40
wielding	행사하는	33
wiggle	불안정하게 흔들리다	33
wikipedia	한국어 번역 위키백과	39
wildcat	삵	31
wilder	길을 잃다	34
wilful	의도적	28
willie	남자 이름	39
willow	버드나무	37
windmill	풍차	32
winged	날개의	34
wink	눈을 깜박거리다	35
winnow	키	19
wino	포도주중독자	21
wipe	훔치다	40
wireless	무선	42
witch	마녀	41
witchcraft	마녀의 마녀술	34
withdraw	물러나다	40
withered	wither의 과거형	29
withhold	보류하다	33
withholding	원천징수의	34
withstand	버티다	36
wizard	마법사	39
wizardry	마법	27
wlan	무선 지역 통신망	22
womanly	여성스러운	25
wombat	웜뱃	26
womenswear	여성 의류	24
woodcock	멧도요	28
wooded	나무들로 덮여 있는	34
woodpecker	딱따구리	28
woody	초본이 아닌	38
woof	컹	31
wool	털실	39
woollen	모직으로 만든	27
wooly	리버풀에서 태어난 사람	25
workaround	해결책	27
workbench	작업대	26
workman	일꾼	30
workmanlike	장인의 솜씨를 가진	22
workmanship	솜씨	31
workout	운동	40
workshop	워크숍	42
worldly	세속적	33
worm	벌레	38
worsen	악화되다	31
worship	받들다	43
worthy	가치 있는	43
wound	부상	42
wrap	싸다	42
wrath	몹시 큰 화	37
wrathful	분노한	22
wreak	입히다	29
wreath	엮어서 둥글게 만들다	34
wrench	렌치	34
wring	짜다	28
wrist	손목	40
wrongdoing	범법	33
wushu	중국 무술 우슈	22
wyatt	남자 이름	36
xander	남자 이름	30
xavier	남자 이름	35
xenophobia	외국인에 대한 공포증	31
xmas	크리스마스	32
xylophone	실로폰	24
yakuza	야쿠자	31
yaroslavl	야로슬라블	19
yawn	하품하다	31
yearly	연간지	39
yekaterinburg	예카테린부르크	21
yell	큰소리를 지르다	38
yellowish	누런	32
yemen	예멘	39
yiddish	이디시어	31
yield	내다	42
yoghurt	요구르트	30
yogurt	요구르트	36
yoke	겨리	31
yokohama	요코하마 시	30
yolk	노른자	30
yonder	thither의 동의어	30
youthful	젊은	36
zacatecas	사카테카스 주	20
zachary	남자 이름	32
zack	남자 이름	36
zadie	여자 이름	20
zagreb	자그레브	30
zakat	자카트	23
zambia	나라 이름 잠비아	34
zara	여자 이름	33
zealous	열성적인	30
zebra	얼룩말	34
zebrafish	제브라피쉬	25
zeroth	영번 째	19
zeta	그리스어 알파벳 'Ζ	31
zigzag	비틀비틀하다	28
zimbabwe	짐바브웨	37
zinc	화학 원소 이름 '아연'	36
zinnia	백일홍	20
zionism	시오니즘	31
zirconium	지르코늄	24
zither	서양의 현악기	20
zoologist	동물학자	25
zoology	동물학	32
zoroastrianism	조로아스터교	23
